タイトル,URL,入力項目数,名前,メール,メッセージ,会社名,送信済み
株式会社ソリューションセンター[旭川市]|システム開発 ...,https://solutioncenter.co.jp/contact/,5,○,○,○,○,○
株式会社プラスラス - 北海道旭川市のit企業,https://www.pluslus.com/contact,5,○,○,○,○,
システム開発|株式会社グローバル・エブリット,https://www.everyit.co.jp/product/#tag6,4,×,○,○,○,
会社情報 - 株式会社システムサプライ,https://www.system-supply.net/contact,6,×,○,○,○,
前例のないシステム開発 - Okhotsk Valley オホーツクバレー,https://okhotsk-valley.com/contact/,5,○,○,○,×,
"人に、企業に、地域にやさしい。北見でシステム開発を行う ...","https://kitagoe.jp/contact/",5,○,○,○,○
"""""""小樽市で叶える""""""""地域密着型""""""""システム開発とitサポート / 本間 ...""""""","https://chiiki-shikisai.com/contact/",6,○,○,○,○
"Cumam System","https://cumam.co.jp/#3",4,○,○,○,×
"会社概要・事業所紹介 - 株式会社 Npシステム開発","https://www.npsystem.co.jp/contact/",4,○,○,×,○
"有限会社tnnシステムズ Webサイト","https://tnnsys.co.jp/contact.htm",3,○,○,×,×
"株式会社リーディングシステム","https://www.leadingsystem.co.jp/contact/",3,○,○,×,×
"ジーアイテック-青森県八戸市のシステム開発会社","https://www.gitec.co.jp/company/contact/",6,○,○,○,○
"株式会社アイティコワーク","https://www.itcowork.co.jp/contact",4,×,○,○,○
"澤野ソフトウェア開発","https://sawano.dev/contact/",5,○,○,○,○
"弘前市でシステム開発・コーディング・Seo対策なら - 株式会社 ...","https://coms18.co.jp/wp/contact/",4,○,○,○,×
"クラリスアート - 岩手県盛岡市でシステム開発を行うit企業です。","https://www.clariceart.co.jp/contact/default",3,○,○,×,×
"アイエステクノ株式会社 | システム構築・ホームページ作成 ...","https://www.istechno.co.jp/CONTACT.php",5,○,○,○,○
"岩手を拠点にit技術で企業の基幹業務を支えるプロ 菅原達哉 ...","https://mbp-japan.com/inquiry/",3,×,○,○,×
"株式会社トレック - 仙台市のWebシステム/業務用システム開発 ...","https://trek.co.jp/contact/",6,×,○,○,○
"宮城県石巻市仙台市 システム開発の株式会社ムーブ","https://moveworld.co.jp/inquiry-form/",6,○,○,○,○
"株式会社 Jet|システム開発・Itサービス・保守・支援【宮城 ...","https://www.jet13.net/contactus/",6,○,○,○,○
"会社概要 | 株式会社ウィングシステムズ","https://www.wing-sanuma.co.jp/contact/",5,○,○,○,○
"株式会社エム・エス・アイ|msi|人とシステムと未来を創る","https://msi-net.co.jp/contact",6,○,○,○,○
"システム開発 | アーリープロジェクト 鶴岡市","https://early-project.com/contact/",3,○,○,○,×
"Avits - アビッツ株式会社","https://www.avits.co.jp/contact.php",4,○,○,×,×
"株式会社 it's | 私たちは、コンピュータソフトウェアの開発を ...","https://it-sols.jp/contact/",6,○,○,○,○
"株式会社エヌフォーエス | 山形県米沢市のシステム開発会社","https://n4s.jp/contact/",4,○,○,○,×
"株式会社データシステム米沢のitエンジニア(システム開発・Se ...","https://partner.chiiki-zukan.com/yamagata/contact-us/",3,×,○,○,×
"【米沢市】システム開発/Java・C言語/Uターン歓迎 | BREXA ...","https://engineering-technology.brexa.com/casual-entry/?post_id=5500",3,○,○,×,×
"株式会社コンピューターシステム研究所 Cst|福島県郡山市の ...","https://www.cst-web.co.jp/inquiry/inquiry.html",4,×,○,○,×
"株式会社 協創|システム開発|福島県いわき市","https://kyoso.biz/contact/",4,○,○,○,×
"株式会社システムフォワード|クラウド対応システム開発","https://www.sysforward.co.jp/contact/",4,×,○,○,○
"株式会社ミライ・トラスト | 福島県いわき市のシステム開発会社","https://mirai-t.jp/contact",5,○,○,○,○
"会津ラボ | to Advance Knowledge for Humanity","https://aizulab.com/contact/",6,○,○,○,○
"株式会社ユートピア | システム開発、Vr(バーチャルリアリティ)","https://you-topia.co.jp/contact",3,○,○,○,×
"Webシステム開発・システム構築|茨城県つくば市のつくば ...","https://www.tsukuba.co.jp/email1.html",5,○,○,×,○
"株式会社エムシー|ソフトウェア設計・開発、システム ...","https://www.mc-inc.co.jp/contact.html",3,○,○,×,×
"システム・プロダクト株式会社","https://www.e-spc.co.jp/inquiry.php",5,○,○,○,○
"システム開発 - Dx推進をサポートします。茨城県古河市の ...","https://www.sanoh-c.com/service/dx/#vk-htags-0691e8dc-333f-4711-83a8-d4265332158d",3,○,○,×,×
"株式会社Sophia - ソフィア - 茨城県土浦市のシステム制作 ...","https://www.sophia-sys.co.jp/?page_id=9",4,○,○,○,×
"システム開発 IoTのソフトシーデーシー 栃木県宇都宮市","https://www.softcdc.co.jp/contact",4,○,○,○,○
"栃木県宇都宮市のweb系システム開発会社|株式会社 アルフォ","https://tech.alfo.jp/contact/",4,○,○,○,×
"株式会社オーエムエンジニアリング|機械設計、システム開発 ...","https://www.omeng.jp/contact",5,×,○,○,○
"株式会社ダニエル・ソフト | 製造・物流・流通分野のシステム ...","https://www.daniel-soft.com/en/lp#contact",4,○,○,○,×
"群馬県前橋市 システムサポート | Home","https://ss-ss.co.jp/contact",4,○,○,×,×
"高崎共同計算センター|システム開発や技術支援 ...","https://www.tkcc.net/form/#cont1",5,○,○,×,○
"システム開発 | あったらいいね | 群馬県太田市のWebサイト ...","https://attaraiine.jp/contact/",7,○,○,○,○
"株式会社キテル","https://kitel.co.jp/index_contact.php",3,○,○,×,×
"株式会社川口itコンサルティング - 東京都千代田区の株式会社 ...","https://kawaguchi-itc.co.jp/contact/",5,○,○,○,○
"About - 株式会社PIXSystems","https://pixsystems.co.jp/contact/",4,○,○,○,×
"webシステム開発の有限会社ブイアイシーコンピュータサポート ...","https://www.viccom.co.jp/form.php",4,×,○,○,○
"トップページ - B.I.Y|Dxで事業を加速させる","https://b-i-y.co.jp/contact",6,○,○,○,○
"ホーム - 葉月システム株式会社","https://www.hazukisystem.com/contacts",4,×,○,○,×
"会社概要 | アークシステム株式会社","https://www.ark-sys.co.jp/contact/",7,○,○,○,○
"川口市給水装置工事管理システム開発業務 2025/07/01-埼玉県 ...","https://nsearch.jp/contacts/new",4,×,○,○,○
"所沢・渋谷のシステム開発会社 | 株式会社システムネットワーク","https://www.snw.co.jp/contact/",4,○,○,○,○
"ホームページ制作・システム開発 埼玉県(入間市・狭山市 ...","https://www.wanokoto.jp/contact",4,○,○,○,○
"株式会社meeds | システム・アプリ開発、HP作成、SES| 日本","https://www.meeds.co.jp/",3,○,○,×,×
"System Network - 株式会社システムネットワーク","https://system-network.co.jp/contact",3,×,○,○,×
"【所沢駅】It業界で働く人・興味がある人集まれ! システム開発 ...","https://kokuchpro.zendesk.com/hc/ja/requests/new",4,○,○,×,○
"ソフトウェア開発事業 - Ubiquitous Tech","https://www.ubiquitous-tech.com/contact/",5,○,○,○,○
"システム・ソフトウェア開発の合同会社ユーザーフレンドリー ...","https://ufc-llc.jp/contact.html",4,○,○,×,×
"株式会社アイシス - 株式会社アイシスはシステム開発会社とし ...","https://www.aisysnet.com/contact/",6,×,○,○,○
"It活用・システムエンジニアリングサービス (Ses) 埼玉 | アイ ...","https://itsac.biz/contact.html",3,○,○,×,×
"「課題解決力」×「開発力」×「品質管理」 | 株式会社 ...","https://engineer-community.co.jp/contact",5,○,○,○,○
"越谷市のホームページ制作 Web担当屋 HP作成・WordPress ...","https://www.webtan.cc/contact.php",5,○,○,○,×
"株式会社 システムシンク","https://www.s-think.co.jp/contact-form/",6,○,○,○,○
"株式会社プラスオン - Web制作・システム開発・電話代行事業 ...","https://plus-on.jp/contact",5,○,○,○,×
"会社案内 | (株)システム・ツー・スリー","https://system23.jp/contact/",5,○,○,○,○
"モアシステム株式会社","https://www.moasystem.co.jp/contact/",4,×,○,○,○
"埼玉県草加市のシステムエンジニア(Se)(業務委託)|It業界 ...","https://it.tech-cross.com/contact",4,×,○,○,○
"リファインプランナー ~ システム開発をシンプルに","https://www.refine-planner.com/index.php?contact",3,×,○,○,×
"有限会社松本システム開発(法人番号:3030002050450 ...","https://corp.irbank.net/service-contact/",3,○,○,○,×
"トップページ | 株式会社ケイエムティ","https://www.kmtweb.jp/contact/",7,○,○,○,○
"開発パートナー募集 | 株式会社カイテクノロジー","https://chitech.co.jp/contact/",4,×,○,○,○
"アプテック株式会社|Web制作/ソフトウェア開発","https://apteq.jp/contact/",4,○,○,○,×
"株式会社アチピレーションテクノロジー","https://acp-tech.jp/inquiry",5,○,○,○,○
"ホームページ制作 システム開発のsic | 埼玉県熊谷市の個人事業所","https://sic-main.com/contact/",5,○,○,○,×
"会社概要 | ライラックシステム","https://www.lilacsys.co.jp/information/",6,○,○,○,○
"企業情報 | 株式会社ニューシステムズテクノロジー | システム ...","https://www.newsys.co.jp/contact/",6,○,○,○,○
"熊谷組、トンネル発破作業の親ダイ装填機械化技術を開発 ...","https://digital-construction.jp/contact",3,×,○,○,○
"【News Release】スペースエントリー、宇宙航空研究開発機構 ...","https://space-entry.co.jp/inquiry",4,×,○,○,○
"Shimer-System | 埼玉のIT企業 | システム開発・ホームページ ...","https://shimer-system.co.jp/#contact",6,○,○,○,○
"株式会社UNITE","https://www.u-nite.co.jp/company/#sec03",5,○,○,○,○
"株式会社ストリーム|会社概要","https://www.stream-web.com/contact_us.html",6,○,○,○,○
"Solution | 株式会社システムコラボ","https://system-c.org/contact/",5,×,○,○,○
"株式会社システム","https://sistem.bsj.jp/#website-contact",4,×,○,○,○
"自動車製造業向けシステム開発支援/上尾|COBOL案件ナビ","https://biz-itengineer.com/contact/",3,×,○,○,×
"ファイルメーカーで低コスト業務改善提案 |カスタムApp ...","https://www.systemriver.jp/contacts/",4,○,○,×,×
"システム開発|朝霞システムデザイン","https://asaka-systemdesign.com/inquiry.html",4,×,○,○,○
"建築基準法道路種別及び開発許可区域のWeb公開を開始しました","https://www.city.asaka.lg.jp/form/detail.php?sec_sec1=27&inq=02&lif_id=166108",6,○,○,○,×
"【朝霞・和光エリア】大手自動車メーカー/12月スタート/Rpa ...","https://www.pasona.co.jp/register/basic-info?jobEntry=true&jobids=600104750501",3,×,○,○,×
"【埼玉・朝霞】システム企画・開発 (研究開発事業所における ...","https://knoock.jp/contact",5,○,○,○,○
"株式会社オフィスワイ | キャンペーン作成 Lp作成 Webサイト作成 ...","https://office-y1.biz/contact/",6,○,○,○,○
"株式会社コムベース | Hp製作からオリジナルwebシステム開発 ...","https://combase.co.jp/contact",4,○,○,○,×
"株式会社システムアドバンス","https://kei.or.jp/contact/",5,○,○,○,○
"会社概要 | Webシステム開発・ホームページ制作の株式会社エヌ ...","https://www.nsb.ne.jp/contacts/",6,○,○,○,○
"株式会社ネクステージ | システムの設計開発","https://www.nextage.co.jp/contact",6,○,○,×,×
"会社情報 - 株式会社 千葉システムコンサルタント","https://www.cscinfo.co.jp/contact/",6,○,○,○,○
"千葉の業務システム開発会社|株式会社エアリー","https://www.airily.co.jp/contact/",5,○,○,○,○
"株式会社lupinus | 千葉県千葉市認定のシステム開発・Web ...","https://lupinus-ltd.com/contact",4,×,○,○,○
"Top | 株式会社クレッジ | 千葉県松戸市 | システム開発 | Web制作","https://www.credge.co.jp/contact/",5,○,○,○,×
"システム開発事業|空間情報サービス株式会社(千葉県千葉市)","https://www.i-kjs.com/contact/",6,○,○,○,○
"システム開発・導入|ちばぎんコンピューターサービス株式会社","https://www.ccsnet.co.jp/contact/",5,×,○,○,○
"株式会社ヴィッセン| システム開発、保守・運用は私たちにお ...","https://www.wissen.co.jp/contact",5,○,○,○,○
"会社情報|会社案内|シーデーシー情報システム株式会社 - Cdc","https://www.c-d-c.jp/contact/",7,○,○,○,○
"Webシステム開発・Androidアプリ開発|千葉県柏市|株式会社 ...","https://lumitec.co.jp/hp/%e3%81%8a%e5%95%8f%e3%81%84%e5%90%88%e3%82%8f%e3%81%9b/",8,○,○,○,×
"サンスイテック株式会社 千葉市のweb支援・システム開発・広告 ...","https://sansuitech.net/contact",5,×,○,○,○
"千葉県船橋市でウェブデザイン・システム開発・Sesのことなら ...","https://we-with.co.jp/company/info/",3,○,○,×,×
"WEBシステムやアプリ開発の依頼・相談なら|株式会社テレマ","https://www.telema.co.jp/contact.html",4,○,○,×,×
"株式会社プラグマティック・テクノロジーズ | 千葉県船橋市の ...","https://www.pragmatic.co.jp/inquiry.php",5,×,○,○,○
"さくらいシステマ - 千葉県船橋市周辺のシステム開発 ...","https://sakusisu.com/contact/",4,○,○,○,×
"会社案内 | 株式会社イーテクノロジー","https://e-technology.co.jp/contactus",5,○,○,○,○
"市内システム開発会社がコミュニティスペース運営、西船 ...","https://myfuna.net/contact",4,○,○,×,×
"ICDの開発支援サービス|常駐型・受託型で課題解決","https://www.icd.co.jp/solutions/#contact",8,○,○,○,○
"新松戸駅東側地区開発事業 2028年度完成予定!テナントは ...","https://shutten-watch.com/page-2270",5,○,○,○,×
"松戸市企業図鑑 第2回「プレジョン・システム・サイエンス ...","https://tadworks.jp/contact",5,○,○,○,○
"ヤマトシステム開発株式会社ってどんな会社?事業内容、仕事 ...","https://jobhakase.com/inquiry_form",6,○,○,○,○
"松戸市を拠点に活動しているwebサイト制作、システム開発関連 ...","https://enbirth.jp/contact",3,○,○,○,×
"Company 会社情報 | 株式会社アイテクグローバル|ITシステム ...","https://aitecglobal-web.com/?page_id=129",4,○,○,○,×
"株式会社ih1|市川市のit開発・内製化支援・クラウド構築・It ...","https://www.ih1.co.jp/contact-8",5,×,○,○,○
"株式会社westland | IT | 千葉県市川","https://www.westland.co.jp/contact",4,×,○,○,○
"Dit デジタル・インフォメーション・テクノロジー株式会社","https://www.ditgroup.jp/inquiry/index.php/",5,×,○,○,○
"会社概要 - システム開発・クラウド構築・Ai・Dx・富山・東京","https://www.nsft.co.jp/contact/",5,○,○,○,○
"会社概要|制御盤のイノウエシステム開発株式会社","https://inouesystem.co.jp/contact/",4,○,○,×,○
"東京都墨田区を拠点にitソリューションを提供 - アイリンク ...","https://www.ilink-ltd.jp/contact/",4,○,○,○,×
"会社概要 | 東洋システム株式会社","https://www.toyosystem.co.jp/contact/",4,×,○,○,○
"株式会社Elderシステム-Elder system","https://www.elder-system.com/usermail/index.php?id=129559",3,×,○,○,×
"株式会社ラルゴホームページ | 柏のソフトウェア開発・ホームページ制作会社","https://www.largo.jp/contact/",3,○,○,×,×
"【千葉/柏】MRIシステム開発(PM or 超電導磁石開発 or 回路・筐体設計 or ソフト設計)","https://www.ee-ties.com/job/t108699/#inpage_form",4,○,○,×,○
"ドリームマーリン|柏市 就労移行・A型 | Itに特化した学習で就職を目指そう!|株式会社ドリームブリッジ","https://dreammarlin.com/#CONTACT",3,○,○,○,×
"柏市のwebシステム開発会社 | 株式会社ピーシーウェブ","https://pcweb.co.jp/027_hp_contact_check.html",4,×,○,○,×
"KIITOS","https://kiitos-inc.com/#4",4,○,○,○,×
"企業情報 | 株式会社ワールドシステムサービス","https://worldss.co.jp/newgraduate_recruit",7,○,○,○,×
"唐津を中心にシステム開発・保守・管理 | 株式会社ワイ ...","https://www.y-sys.jp/contact/",5,○,○,○,○
"会社情報 - アドバンスシステム株式会社","https://www.asd-ltd.co.jp/index.php/contact/",6,○,○,○,○
"受託開発 【システム開発・ソフトウェア・アプリケーション ...","https://santec.biz/contact/",5,○,○,○,○
"株式会社nts | 東京・神奈川のシステム開発・ホームページ制作 ...","https://nts-it.co.jp/inquiry/",5,○,○,○,○
"ビジネスパートナー募集 - 株式会社日比谷情報システム","https://www.hibiya-info.co.jp/contact/",8,○,○,○,○
"東京都・GovTech東京が本気で挑む「システム内製開発 ...","https://biz-journal.jp/contact-index.html",3,○,○,○,×
"四葉システム開発株式会社 | 東京のシステム開発・受託開発 ...","https://yotsuba-system.co.jp/inquiry/",6,×,○,○,○
"協業(SES)・システム開発パートナーの募集(東京・関東)","https://solution-hack.co.jp/contactus",4,○,○,○,×
"株式会社開発屋|システム開発・WEBサイト制作|東京・愛知","https://kaihatsuya.co.jp/page-contact.php",4,×,○,○,○
"システム開発 | 株式会社sero(セロ) | 東京都","https://www.sero.co.jp/",5,×,○,○,×
"CGEngine | システム開発・SES事業","https://cg-engine.jp/#contact",4,○,○,×,×
"株式会社ザイナス|大分・東京 システム開発","https://zynas.co.jp/contact",4,○,○,○,○
"ニューテック株式会社|システム設計開発(横浜市)","https://nutec-net.co.jp/contact/",4,○,○,×,○
"【F-Steps公式情報サイト】ソフトウェア開発・業務システム化 ...","https://f-steps-promo.jp/contact/",4,×,○,○,○
"株式会社Libertad(リベルタ)| システム開発 | WEBシステム ...","https://libertad-inc.co.jp/wp/contact/",5,×,○,○,○
"株式会社セカンド・ウェーブ | Webシステム開発・Webサイト構築 ...","https://www.2ndwave.jp/contact/",3,×,○,○,×
"会社概要","https://eisansystem.jp/%e3%81%8a%e5%95%8f%e3%81%84%e5%90%88%e3%82%8f%e3%81%9b",3,○,○,○,×
"会社案内 | 株式会社neosystem","https://www.neosyst.jp/contact/",4,○,○,○,×
"システム開発 - コンピュータポート株式会社|横浜","https://computer-port.co.jp/contact/",5,○,○,○,○
"システム開発事業|横浜のシステム開発会社 Bashaka(バ ...","https://www.bashaka.com/contact",5,○,○,○,○
"無線システム開発は 株式会社グロース","https://musen-kaihatsu.jp/contact/index.php",6,○,○,○,○
"オリジナルWebシステム|Webシステム開発横浜、株式会社 ...","https://www.attrise.jp/contact/",4,○,○,×,×
"名古屋・横浜のシステム・アプリ開発 Web・IT会社 | 株式会社 ...","https://pointlink.co.jp/contact/",5,○,○,○,○
"事業内容|株式会社ビット","https://www.bit-corp.co.jp/contact/entry.php",5,○,○,○,○
"横浜市のシステム開発なら A-by. (あーばい.) | 横浜のシステム ...","https://a-by.jp/contact/",3,○,○,○,×
"イーストシステム株式会社 | ソフトウェア・ハードウェア開発 ...","https://www.east-system.com/contact",4,×,○,○,○
"神奈川県川崎市でシステム開発なら - 株式会社ネオス","https://www.neo-s.co.jp/contact/",4,×,○,○,×
"データープロセスサービス||神奈川県川崎市のシステム開発会社","https://dps-net.co.jp/contact/",6,○,○,○,○
"ソフトウェアハウスの株式会社アネステック","https://www.anestec.co.jp/contact/",5,×,○,○,○
"相模原市のシステム開発会社|株式会社コスミック","https://kk-cosmic.co.jp/contact",5,○,○,○,○
"株式会社エーケーエス | 相模原市のシステム開発","https://www.aks-net.co.jp/contact",7,○,○,○,○
"株式会社アービス | 相模原市のソフトウェア開発会社です","https://www.arvis.co.jp/contact.html",3,×,○,○,×
"笠原システム開発 | さがみはらit協同組合","https://www.sagamihara-it.or.jp/form/%20",4,○,○,○,×
"株式会社ユーシス|基幹システムの設計・開発・運用 ...","https://www.u3sys.co.jp/contact",6,○,○,○,○
"システム開発・クラウドインフラ構築のプロフェッショナル ...","https://es-p.jp/contact/",5,○,○,○,○
"Gritly - ―ソフトウェアの","https://www.gritly.co.jp/contact/",6,○,○,○,○
"ウェブシステム開発 | 相模原のホームページ制作・ウェブ ...","https://www.kouchiya.co.jp/ja/contact",5,○,○,○,○
"株式会社コスモシステム","https://www.cosmo-system.jp/%e3%81%8a%e5%95%8f%e3%81%84%e5%90%88%e3%82%8f%e3%81%9b/",4,○,○,○,×
"開発・製造サービス | 株式会社マーク電子","https://markd.co.jp/contact",7,○,○,○,○
"無線システム開発サービス | Cmエンジニアリング","https://cmengineering.co.jp/contact/",6,○,○,○,○
"会社概要 - 株式会社アシストシステム","https://assistsystem.jp/contact/",6,○,○,○,○
"ロボット・受託開発のF-Design(エフデザイン)","https://f-ds.jp/contactform",4,○,○,×,○
"会社情報 | 株式会社トヨシステムエンジニアリング","https://u-tse.co.jp/contact/",3,○,○,○,×
"【横須賀中央駅前再開発】2029年に誕生するタワーマンションを ...","https://www.housing-museum.com/%e3%81%8a%e5%95%8f%e3%81%84%e5%90%88%e3%82%8f%e3%81%9b/",4,○,○,○,×
"業務システム・アプリ開発サポート - 横浜・川崎・逗子・葉山 ...","https://technoswitch.co.jp/inquiry",4,○,○,○,○
"【横須賀常駐】移動体通信基地局システム開発","https://sokudan.work/contact/new",3,×,○,○,○
"神奈川県藤沢市のシステム開発会社 Funbrew","https://funbrew.tech/contact/",6,○,○,○,○
"株式会社Wize | 株式会社Wizeはソフトウェア技術で皆様の ...","https://wizejp.com/%e3%81%8a%e5%95%8f%e3%81%84%e5%90%88%e3%82%8f%e3%81%9b-2/",4,○,○,○,×
"株式会社iSHONAN 湘南システム開発","https://corp.ishonan.com/index.html#contact",4,○,○,○,×
"東京都品川区西五反田のシステム構築・開発・運用|株式会社 ...","https://t-com.co.jp/#contact",3,○,○,×,×
"株式会社アクウェア | システム開発・設計 | ソフトウェア開発 ...","https://www.acquware.com/contact.html",4,×,○,○,○
"会社概要 - 株式会社カンダシステム","https://www.kanda-system.com/toiawaseform/",6,○,○,○,×
"システム開発 - 株式会社リンケージ","https://www.linkage-jp.com/contact/",6,○,○,○,○
"会社案内 - 株式会社アジャイル開発","https://www.agile-dev.co.jp/contact/",5,○,○,○,×
"Asyscoの企業情報-システムコンサルタント・システム開発 ...","https://www.asysco.co.jp/help.php",5,○,○,○,×
"ボッシュとノムラシステムはokiソフトウェアと三社で製造業 ...","https://www.nomura-system.co.jp/contact/",5,○,○,×,○
"新しいサービス開発を軌道に乗せるために最初にやるべきこと ...","https://www.uhd-inc.jp/contact",5,○,○,○,×
"神奈川環境開発","https://kanagawa-kankyou-k.co.jp/contact",6,○,○,×,×
"会社概要 | 株式会社パウロ -開発設計Speed-","https://www.paulos.co.jp/contact/",6,○,○,○,×
"ソリューション紹介 - 株式会社モリシステム","https://morisystem.com/contact/",4,○,○,○,×
"株式会社モリシステム","https://morisystem.net/contact/",4,○,○,○,×
"ホームページ - 株式会社エリート","https://eliter.co.jp/contact/",4,○,○,○,×
"ホーム - 株式会社メイン","https://www.maincorp.co.jp/contact/",3,×,○,○,×
"ソフトウエア設計開発 株式会社リュウシステム - 神奈川県厚木 ...","https://www.ryu.co.jp/contact/",5,○,○,○,○
"株式会社lhc | システム・ソフトウェア開発","https://lhcs.co.jp/inquiry/",4,×,○,○,○
"会社概要 - 株式会社大和システムズ","https://ymt-systems-company.com/contact/",4,○,○,○,×
"株式会社大和システムクリエート","https://www.daiwa-sc.co.jp/contact/",3,○,○,×,×
"ヤマトシステム開発株式会社の会社概要・製品情報 | Metoree","https://metoree.com/contacts/",4,×,○,○,○
"企業情報 | 武蔵エンジニアリング株式会社","https://www.tellac.co.jp/contact/",4,○,○,×,×
"新潟|システム開発|株式会社Pepo(ペポ)|ファイルメーカー","https://www.pepopepo.jp/contact",6,○,○,○,○
"株式会社シアンス|新潟のシステム開発・アプリ開発・ニア ...","https://it.siance.co.jp/contact",5,×,○,○,○
"株式会社アイビーシステム│新潟県を拠点とした地域密着型の ...","https://www.ib-system.co.jp/contact/",4,×,○,○,×
"システム開発センター - 東洋電子工業株式会社","https://toyo-denshi.co.jp/contact/",5,○,○,○,×
"株式会社エヌ・テイ・エス|ソフトウェア・システム開発のNTS","https://www.kk-nts.co.jp/contact/",5,○,○,○,○
"株式会社新潟ソフトストラクチャ | ソフトウェア開発、IoTの ...","https://www.niigatass.com/contact/",6,○,○,○,○
"(株)環境システム開発 | ジョブのトビラ","https://jobdoor.niigata-cci.or.jp/contact",5,○,○,○,○
"Solution - イーエムエス新潟 - Ems-n","https://ems-n.jp/contact/",5,×,○,○,○
"新潟県長岡市のWebシステム開発会社|株式会社ロレムイプサム","https://www.loremipsum.co.jp/contact/",3,○,○,○,×
"フェアシステム株式会社|システム開発・運用保守の実績多数.","https://www.fairsystem.co.jp/contact_us/",4,×,○,○,×
"株式会社システムスクエア|異物検査機の総合メーカー","https://www.system-square.com/en/contact/",3,×,○,○,○
"長岡・小千谷のデジタルマーケティング/ホームページ制作 ...","https://primus-solution.jp/contact",3,○,○,○,×
"ながおかdxセンター | Dxのはじめの一歩を一緒に。","https://nagaoka-dxc.jp/contact",5,×,○,○,×
"信越情報株式会社 | 新潟県上越市の地域密着it企業","https://www.sinfo.co.jp/contact/",4,○,○,○,×
"会社概要 - WEB開発・Java・.NET・AutoCAD・受託開発のアルス ...","https://www.arsware.co.jp/contact",4,○,○,○,×
"会社概要・沿革 - 株式会社コンピュータシステム","https://www.compsys.co.jp/contact/",5,○,○,○,○
"株式会社スペック|システム開発","https://www.web-spec.co.jp/contents/contact.html",5,×,○,○,○
"事業紹介 - システムエース","https://systemace.co.jp/contact",3,○,○,○,×
"Itサポート | 増澤商店","https://www.masuz.com/contact",4,○,○,○,×
"株式会社カンナート|WEB制作・システム開発・事業化支援","https://www.kannart.co.jp/blog/inquiry/",4,○,○,×,○
"新発田市役所 次世代電子帳票システムsera導入事例 文書 ...","https://crypt-s.com/?page_id=98",3,○,○,○,×
"株式会社ソフト | 富山のシステム開発・Itのワンストップ ...","https://www.soft-co.jp/contact/",6,○,○,○,○
"富山のシステム屋さん | 業務効率化を実現するシステム開発 ...","https://kitato.com/throw_contact",5,○,○,○,○
"中小企業のdx支援・業務効率化 | 富山の生成ai・システム開発 ...","https://msc-solution.co.jp/contact/index.html",4,○,○,×,×
"(株)日本オープンシステムズ|システムの開発・運用やaws構築を ...","https://www.jops.co.jp/contact/",5,×,○,○,○
"富山 システム開発 ソフトウェア開発|立山科学株式会社","https://www.tateyama.jp/tk/contact/",3,○,○,×,×
"株式会社リンケージ | 富山・東京のシステム開発・情報 ...","https://www.linknet.co.jp/wp_lnkg/index.php/contact/",5,○,○,○,○
"株式会社MARBLE|富山のシステム開発・Web制作会社","https://marble-heroes.com/contact",4,○,○,○,○
"有限会社シーズプランニング | 富山県のホームページ制作・Web ...","https://www.csplan.jp/contact/",5,○,○,○,○
"【富山/システム開発】給与システムの開発業務/経験者歓迎 ...","https://engineering-technology.brexa.com/casual-entry/?post_id=8045",3,○,○,×,×
"環境省 令7脱炭素型循環経済システム構築促進事業 (委託)二 ...","https://www.iru-miru.com/contact",4,○,○,○,○
"24時間フィットネスジムEvery","https://every-24fitness.com/contact/",7,○,○,○,○
"金沢エンジニアリングシステムズ - Kes","https://www.kanazawa-es-biz.com/contact/",6,×,○,○,○
"株式会社 北陸ソフト開発","https://www.hsknet.com/contact/",4,○,○,○,○
"会社概要|アルファシステムコンサルティング株式会社","https://asc-kk.net/contact/",5,○,○,○,○
"株式会社トリニティコアシステム|It&Web総合企業|石川県 ...","https://tri-cs.jp/contact/",4,○,○,○,×
"株式会社リンクネット|システム開発・保守|低コスト・実績 ...","https://link-nt.co.jp/contact/",5,○,○,○,○
"会社情報|株式会社 小松ソフトウェアインフィニティ","https://www.ks-infinity.co.jp/company/inquiry",5,×,○,○,○
"会社概要 | 小松開発工業株式会社","https://www.komatsu-kaihatsu.co.jp/inquiry",5,○,○,○,○
"コマツの電子コンポーネント開発の紹介とds-cr導入~運用の ...","https://ziw.jp/contact/",6,×,○,○,○
"株式会社wapon|石川県でWebシステム・アプリ開発ならワポンまで!","https://wapon.co.jp/contact/",5,○,○,○,×
"シンクシステム株式会社 | システム開発・サポート ...","https://thinksystem-jp.com/inquiry",4,○,○,×,×
"【週5勤務/フル出社@白山】システム開発・運用保守 ...","https://share.hsforms.com/1WaIZx4DGQTW_ITfXkQ4IOgeefpa",4,×,○,○,○
"会社案内|株式会社テレシステム","https://www.telesystem.co.jp/contact/",4,×,○,○,○
"会社情報/Ai導入、Dx化を石川県から全国まで | 創屋株式会社","https://www.souya.biz/%E3%81%8A%E5%95%8F%E3%81%84%E5%90%88%E3%82%8F%E3%81%9B",5,○,○,○,○
"Htシステム株式会社は福井のシステム設計・開発とシステム ...","https://htsystem.co.jp/contact/",5,×,○,○,○
"福井県のシステム導入・開発・Web制作 起業及び創業支援なら ...","https://netsystem.jp/contact/contact.html",4,○,○,×,×
"システム研究所|シスケン 福井から全国各地のit活用・Dx化の ...","https://www.sysken.ne.jp/contact/",5,×,○,○,○
"福井システムズ - Step-ing:ステッピング","https://step-ing.jp/apply",4,×,○,○,×
"会社案内 - データシステム株式会社","https://www.datasystem-co.com/recruit-contact/",5,○,○,○,×
"フォワードシステム株式会社|福井から全国へ、自動車・産業 ...","https://cta-na2.hubspot.com/web-interactives/public/v1/track/click?encryptedPayload=AVxigLKUn7PAAiHBblkjneVRKXq3miJn6jJxAqz8wzPsfQwU7PxEA7cGBauyMB4%2BiqlG9UuDrjRxSe%2FAiiWzjbYhMb0lUFzYSOzDCkcEsXVtgRnAoBLQ1Of%2B%2BfxA49ptPLhPuJojlBE%2Fr%2F4tYyhLaxLyPuzqLNV5G2sS5cXsehgCESFy6adbyg%3D%3D&portalId=22534194&webInteractiveContentId=245902415564&webInteractiveId=560652911329&containerType=EMBEDDED&pageUrl=https%3A%2F%2Fwww.fwd-sys.co.jp%2F&pageTitle=%E3%83%95%E3%82%A9%E3%83%AF%E3%83%BC%E3%83%89%E3%82%B7%E3%82%B9%E3%83%86%E3%83%A0%E6%A0%AA%E5%BC%8F%E4%BC%9A%E7%A4%BE%EF%BD%9C%E7%A6%8F%E4%BA%95%E3%81%8B%E3%82%89%E5%85%A8%E5%9B%BD%E3%81%B8%E3%80%81%E8%87%AA%E5%8B%95%E8%BB%8A%E3%83%BB%E7%94%A3%E6%A5%AD%E3%83%AD%E3%83%9C%E3%83%83%E3%83%88%E3%83%BB%E5%8C%BB%E7%99%82%E3%82%92%E6%94%AF%E3%81%88%E3%82%8BIT%E3%83%91%E3%83%BC%E3%83%88%E3%83%8A%E3%83%BC&referrer=&userAgent=Mozilla%2F5.0+%28Macintosh%3B+Intel+Mac+OS+X+10_15_7%29+AppleWebKit%2F537.36+%28KHTML%2C+like+Gecko%29+Chrome%2F142.0.0.0+Safari%2F537.36&hutk=&hssc=&hstc=&pageId=245687169726",4,×,○,○,○
"会社情報 |永和システムマネジメント","https://esm.co.jp/contact",3,○,○,×,×
"会社概要 | システム開発・Webサイト制作の株式会社フロンティア","https://frontiersoft.jp/page-1334/page-42/",6,×,○,○,○
"Dinorex株式会社|システム開発とアウトソーシング ...","https://dinorex.co.jp/7",4,×,○,○,○
"坂井市【土日祝休み】管理システムの運用を行う社内SE","https://www.cnw.co.jp/form/contact",5,○,○,○,×
"会社概要 | ユウシステム","https://yuusystem.jp/inquily/",4,○,○,○,×
"【Java/甲府】システムエンジニア★受託開発案件 - プロエンジニア","https://proengineer.internous.co.jp/inquiry/",3,×,○,○,×
"設備制御・生産管理システム開発/甲府市 - ユニバーサル ...","https://katsuyaku.jp/entry/index?j=13010-14887352",5,×,○,○,×
"福岡|システム開発・設計|ソフトサービス|拠点","https://www.soft-service.co.jp/contact/",5,○,○,×,○
"長野システム開発株式会社- 伊那・駒ヶ根・南信州の Ict企業","https://naganosd.com/contact",6,○,○,○,○
"長野システム開発株式会社 | Naganoものづくり 諏訪圏企業ガイド","https://suwa.monozukuri.or.jp/form.html",4,○,○,○,×
"ハイツーシステム|長野県のソフト・システム設計・開発企業","https://hitwo.co.jp/form/",6,○,○,○,×
"長野システム開発株式会社 企業情報 | 長野県移住支援金対象 ...","https://uij-matching.pref.nagano.lg.jp/inquiry/",3,×,○,○,×
"長野システム開発(株) (長野県上伊那郡宮田村5672-2 ...","https://www.genkibiz.net/dynamic/form/",4,×,○,○,×
"ホームページ制作 - 長野県のデザイン・動画・ウェブサイト制作","https://web.naganosd.com/#contact",5,○,○,○,×
"長野のソフトウェア・システム開発会社|日本システム販売 ...","https://jssnet.co.jp/info/%20?",4,○,○,○,×
"アサマソフトウェア|システム開発・システム構築|長野佐久","https://asamasoft.co.jp/contact/",6,×,○,○,○
"株式会社オルツ|長野市のデータ入力、システム開発、Dtp ...","https://www.alt-s.jp/contact/",5,○,○,○,○
"株式会社アルテックス | ソフトウェア開発・Web制作 ...","https://ct-artex.co.jp/hp-free-consultation/",4,×,○,○,○
"事業拠点 | システム開発の株式会社システックス","https://www.systex.co.jp/contact2/contact.php",5,×,○,○,○
"松本システム開発株式会社の企業情報(電話番号・住所 ...","https://biz-maps.com/contact",6,○,○,○,○
"システム開発 | 空間情報 | 事業部門・サービス案内 | 株式会社 ...","https://m-survey.co.jp/form/",4,○,○,○,×
"林業用荷外しオートチョーカーを開発 松本システム ...","https://www.fukuoka-keizai.co.jp/inquiry/",5,○,○,○,○
"システムアスカ - ハイクォリティーでコストパフォーマンスに ...","https://systemaska.com/contact/",4,○,○,○,×
"松本システム開発 株式会社 - 全国法人・会社クチコミ検索サイト","https://ailist.net/contact",4,○,○,○,×
"会社概要 - 株式会社Seekcloud","https://www.seekcloud.co.jp/contact",4,×,○,○,○
"テクニカルイン長野|ソフトウェア開発 Webシステム開発 自社 ...","https://tin-nagano.co.jp/contact/",4,○,○,×,×
"アルプスシステム株式会社 - 会社案内","https://alpssystem.jp/contact.html",3,○,○,×,○
"会社概要 | 株式会社システムプラン","https://www.systemplan.co.jp/query/",4,○,○,○,×
"(株)上田電子開発","https://www.e-ued.co.jp/#contact",4,○,○,○,×
"パソコン修理・ホームページ制作・システム開発などIoTのこと ...","https://www.j-factory.com/contact/",4,○,○,○,×
"会社紹介 | 中国新聞システム開発","https://www.c-system.co.jp/contact.php",4,×,○,○,○
"株式会社バイタルエリア 上田 健一 |ニッポンの社長","https://www.nippon-shacho.com/contact/",4,○,○,○,○
"健康診断管理システム-CloudCheckup-","https://c-checkup.com/contact",4,×,○,○,○
"株式会社キャスティネット - Webシステム開発・ローカル ...","https://castynet.work/castynet_contact",5,○,○,○,○
"業務紹介 - 技建開発株式会社","https://gkc.co.jp/contact/",5,○,○,○,×
"システム開発 Gis 地理情報システム 台帳管理 共同受注 ...","https://nesuciida.com/contact/",4,×,○,○,○
"Sustechが開発する電力運用プラットフォーム「ELIC」、業界水準 ...","https://sustech-inc.co.jp/contact/",4,×,○,○,○
"株式会社DDDsystem | 名古屋・岐阜のシステム開発、WEB ...","https://ddd-system.co.jp/contact",4,○,○,○,×
"株式会社aiアクティブ|岐阜のシステム開発・ソフトウェア企業 ...","https://www.ai-active.co.jp/contact/",5,○,○,○,○
"エム・ビー・エス株式会社 - Mbs 岐阜のシステム開発会社","https://www.mbs-net.co.jp/contact/",5,○,○,○,○
"株式会社システムブリッジ | システム開発 | 岐阜 | 中津川 | 日本","https://www.sys-br.co.jp/contact_us",4,×,○,○,○
"岐阜でシステム開発・ITインフラ構築なら株式会社resolve","https://re-solve.co.jp/contact/",4,○,○,×,○
"岐阜のシステム開発ならアークグロー株式会社","https://arcgrow.net/contact/",4,×,○,○,○
"株式会社システムマインド | Systemmind","https://www.sysmind.co.jp/contact/",5,○,○,○,○
"会社概要|株式会社インフォファーム|岐阜県岐阜市のIT企業","https://www.infofarm.co.jp/contact/",5,○,○,○,○
"岐阜it協同組合 - 岐阜県、愛知県など東海地区でシステム開発 ...","https://gifuit.net/contact/",6,○,○,○,○
"株式会社トライ|岐阜県中津川市|測量・調査・GIS・システム開発","https://try-map.co.jp/contact/",6,○,○,○,○
"株式会社コウバ開発 | コウバ開発は、岐阜を拠点に、企業向け ...","https://www.kouba-kaihatsu.com/contact/",6,○,○,○,○
"株式会社ソエル|システム・アプリケーションソフト開発を ...","https://sowel.co.jp/contact",4,○,○,×,×
"株式会社システムアドバンス(岐阜・富山・愛知・三重・京都)","https://s-advance.com/contact.php",3,○,○,×,×
"株式会社インフォファーム(辻博文 様) |お客様の声 ...","https://local-saiyo.jp/contact/",4,○,○,○,○
"問題解決のためのit導入|システム開発|株式会社ソフィア総合 ...","https://www.sri-net.jp/contact/",4,×,○,○,○
"システム開発|スイテック|パソコンやインターネットの ...","https://www.suitech.co.jp/contact",5,○,○,○,×
"会社情報 - 株式会社enシステム","https://e-n-sys.com/inquiry/",3,○,○,○,×
"株式会社Vlabo ブイラボ | テクノロジーで未来に価値を","https://v-labo.co.jp/contact/",7,○,○,○,○
"株式会社システック|Fa機器・搬送機械設計製作・各種システム ...","https://www.systec-co.jp/inquiry/index.html",4,○,○,×,×
"事業内容 | 株式会社エンシステム","https://www.ensystem.jp/contact",6,○,○,○,○
"義友堂 | 各務原市・名古屋市のホームページ制作、システム ...","https://giyudo.com/contact/",6,○,○,○,○
"株式会社エフ・アイ・ティ システム事業部|自動化・省力化 ...","https://fasystem.3fit.net/contact/",6,○,○,○,○
"日本エキスパートシステム","https://nes-kk.co.jp/contact.html",4,×,○,○,○
"機械設計 システム・ソフトウェア開発 株式会社アビスト","https://www.abist.co.jp/contact/",8,○,○,○,○
"会社概要|株式会社テクノシステム","https://www.technosys.co.jp/contact",5,○,○,○,×
"徹底した現場目線、NPシステム開発が自動点呼出展","https://www.logi-today.com/advertising",5,○,○,×,○
"在宅高齢者見守りのテレビ電話アミとビデオ通話ナースコール ...","https://www.happybell.jp/contact",6,○,○,○,○
"Npシステム開発 遠隔点呼やit点呼に対応「Ai点呼システム ...","https://www.e-butsuryu.jp/contact/?post_id=4925",4,○,○,×,×
"Npシステム開発「Ai点呼システム」 業務前自動点呼にも対応 ...","https://weekly-net.co.jp/advertising/contact/",6,×,○,○,○
"事業案内 | プロダクトシステム株式会社","https://psk-web.co.jp/inqu/",4,○,○,○,×
"SAKURA system株式会社 - 愛知県豊橋市にあるソフトウェア ...","https://sakura-sys.co.jp/#contact",3,○,○,○,×
"システム開発の株式会社ロジック","https://logic-soft.jp/contact/",3,○,○,×,×
"静岡県静岡市にあるシステム開発会社「株式会社ジェネシス ...","https://genesis-com.jp/?page_id=230",4,○,○,○,×
"システム開発 | メディアミックス株式会社|静岡県浜松市の ...","https://www.medi.co.jp/contact/business/",4,○,○,×,×
"Webサイト制作 システム開発のサンロフト(静岡県)","https://www.sunloft.co.jp/contact/",7,○,○,○,○
"アルファシステムズ株式会社","https://www.s-asc.co.jp/contact/",5,○,○,○,×
"アプリ開発_静岡県沼津_システム開発 | 株式会社キャスト","https://cast-ad.co.jp/contact/",5,○,○,○,×
"現場徹底主義のシステム開発 株式会社ダックス","https://dacks.co.jp/contact.html",7,×,○,○,○
"SEQUENCE Software - システム開発","https://sequence.gr.jp/contact/",5,○,○,○,○
"管理システムなら静岡県浜松市のNANAシステム開発株式会社","https://www.7sys.jp/#contact",3,×,○,○,○
"ワンジーテクノロジーズ:公式企業ホームページ","https://www.wangji.jp/%e3%81%8a%e5%95%8f%e3%81%84%e5%90%88%e3%82%8f%e3%81%9b/",5,○,○,○,○
"システム開発 ワークノアート|静岡のシステム開発・ホーム ...","https://worknoart.com/inquiry",5,○,○,○,○
"静岡・静岡市のWEBシステム開発|株式会社インスピレーション","https://insp.cc/contact/",5,○,○,○,○
"株式会社ユーシン - 浜松の業務システム開発|Itサポート・運用 ...","https://yushin-ict.com/contact",5,○,○,×,○
"Solution - 株式会社アクティシステム","https://www.acty-sys.com/jp/ja/contact/",4,×,○,○,○
"株式会社ネクサス|東京・浜松のシステム受託開発・SES企業","https://nexus-nt.co.jp/contact/",4,×,○,○,○
"テクバン株式会社 東海支社","https://tokai.techvan.co.jp/contact/",4,×,○,○,○
"有限会社アルメニ | 静岡県浜松市都田のシステム開発・ホーム ...","https://www.rmany.co.jp/contact/",4,×,○,○,○
"浜松システム技研株式会社/自動化・省力化機器の設計製作","http://www.hs-giken.co.jp/form/hs-giken/form",4,×,○,○,○
"株式会社シーポイントラボ|浜松のwebシステム・Rtk-gnss開発","https://cpoint-lab.co.jp/inquiry/",5,○,○,○,×
"Nanaシステム開発(株) | ザザ中央館","https://zaza-chuokan.com/contact",3,×,○,○,×
"浜松のシステム開発、ITコンサルは松本it商会が承ります","https://matsumoto-it-shokai.com/contact/",3,×,○,○,×
"浜松のソフトウェア開発は株式会社スタッフ | 浜松・静岡の ...","https://www.staff-info.co.jp/contact/",5,×,○,○,○
"nebuLa - FileMakerによるソリューション開発","https://www.nebula.co.jp/form/form.php",4,×,○,○,○
"インターフェイス株式会社","https://itf.co.jp/contact",5,○,○,○,○
"会社情報 | クリエイティブ・システム","https://www.creative-systems.co.jp/contact/",6,×,○,○,○
"システムブレイン株式会社|社内ネットワーク構築|静岡県 ...","https://www.sysb.co.jp/inquiry",6,○,○,○,○
"株式会社ブレインシステムズ | 制御・組込み系システム開発","https://brainsystems.co.jp/contact/",4,○,○,○,×
"メガトレンド情報技術株式会社 | 静岡県沼津市のシステム開発 ...","https://www.mt-it.co.jp/contact",4,○,○,○,×
"【静岡・沼津】自社開発SaaSシステムのプロジェクトリーダー ...","https://paiza.jp/contacts/new",4,×,○,○,×
"NCC|ベトナムオフショア開発企業|DX支援サービス","https://nccsoft.jp/contact.html",3,×,○,○,×
"株式会社データサービスセンター|情報システムの ...","https://www.dataeast.co.jp/contact_us/contact_us.html",6,○,○,○,○
"システム開発 | 富士テレコム株式会社","https://www.fujitelecom.co.jp/inquiry/",3,○,○,×,×
"ホーム - 株式会社フジシステム/愛知県豊橋市のソフトウェア ...","https://fuji-system.co.jp/contact/",5,×,○,○,○
"富士フイルム先進研究所・宮台メディカルシステム開発 ...","https://www.smarteco.co.jp/contact/",6,○,○,○,○
"メディカルシステム事業を体制強化【富士フイルム】","https://hokensangyojiho.com/contact",5,○,○,○,○
"ADK富士システム株式会社 - AKITA DeX","https://digital.pref.akita.lg.jp/contact",5,○,○,○,○
"株式会社ファクトシステム | 業務用ソフトウェア開発","https://www.factsystem.co.jp/contact",4,○,○,○,×
"【株式会社オージェイシステム】マシニングセンターの ...","https://www.ojsystem.co.jp/contact/",4,×,○,○,○
"会社案内 | リードシステム","http://www.lead-system.co.jp/contact/",5,○,○,○,○
"Webシステム開発(プログラマー・システムエンジニア)/月給 ...","https://hacc.athuman.com/contact",3,×,○,○,×
"株式会社アイティーエス","https://www.its-inc.co.jp/contact",3,○,○,×,×
"tugiloについて - 構想から伴走するシステム開発パートナー","https://tugilo.com/contact",6,○,○,○,○
"株式会社cevol | 社会インフラ(制御系)ソフトウェア開発の ...","https://www.cevol.jp/contact/",6,○,○,○,×
"株式会社サンポー | 電子部品の販売と設計開発・製造を通じて ...","https://www.sannpo.co.jp/contact/",6,○,○,○,○
"Fa機器開発のfa Toms | 株式会社エフエイ・トムス","https://www.fatoms.com/contact/",5,○,○,○,○
"業務システム・ソフトウェア開発ならシステムクリエート (株)","https://www.syscr.co.jp/contact/",4,×,○,○,○
"クラウド株式会社|名古屋のシステム・ソフトウェア開発","https://www.cloudsoft.co.jp/contact/",5,×,○,○,○
"名古屋のシステム受託開発【株式会社リオ】- Web・アプリ開発 ...","https://www.rio.ne.jp/contact/",6,×,○,○,○
"株式会社アイコン|ソフトウェア、システム開発、愛知県 ...","https://www.iconnet.co.jp/contact/",4,○,○,×,○
"ソリューション|株式会社アテナシステムズ|名古屋・東京 ...","https://www.athena-systems.co.jp/contact/",4,×,○,○,○
"株式会社アウル (owl)|名古屋システム開発","https://owl-ltd.com/#link6",3,○,○,○,×
"名古屋のシステム開発・Web開発(ウェブ開発)会社|株式会社 ...","https://webnation.co.jp/contact/",4,○,○,○,×
"株式会社f.s.c|名古屋市のシステム企画・開発会社","https://www.fscreator.com/contact/",3,○,○,×,○
"株式会社スカイシステム | システム開発で快適なビジネスを","https://skysystem.co.jp/contact/smart.php",6,×,○,○,○
"アイティサービス【Web基幹業務システム開発】愛知県名古屋市","https://www.itsvc.net/contact.html",3,×,○,○,×
"株式会社ネオ | システム・ソフトウェアの設計、開発、検証 ...","https://www.neo-s.jp/contact/",4,○,○,×,×
"株式会社オオヤマ - 愛知県・名古屋市のシステム開発会社","https://ooyama-inc.com/inquiry/",5,○,○,○,○
"株式会社テクノ - システム開発・エンジニアリングサービス ...","https://tec-no.com/contact",5,○,○,○,○
"Access・Excel (アクセス・エクセル)を使ったシステム開発 ...","https://engineering-chubu.synnet.or.jp/",5,○,○,○,○
"サニー情報システム - 名古屋のitソリューションパートナー ...","https://www.snny.co.jp/contact/",6,○,○,○,○
"名古屋システム開発 ネットフォース株式会社 | 愛知・東京 ...","https://www.netforce.co.jp/contact.shtml",5,○,○,○,○
"名古屋のシステム開発なら業務ソフト工場へ!|株式会社 ...","https://www.gyomu-soft.jp/index_hp_system/contactForm/information.html",4,×,○,○,×
"株式会社システムアシスタンス 名古屋市 ソフト開発のプロ集団 ...","https://www.assistance.co.jp/inquiry/",3,○,○,×,×
"名古屋のスマホアプリ・Webシステム開発専門会社 レブクリエイト","https://www.revcreate.jp/contact.php",5,×,○,○,○
"株式会社システムクリエイト名古屋 | 名古屋市北区 クラウド ...","https://sc-nagoya.jp/contact/",3,○,○,○,×
"Resirit株式会社 | 名古屋、東京を拠点に、システム開発を通じ ...","https://resirit.co.jp/contact/",5,○,○,○,○
"【名古屋】Webシステム開発に強い「リンクル」 | Webシステム ...","https://linkle-inc.co.jp/contact",5,○,○,○,×
"名古屋のシステム開発・ITインフラ構築 | Grand Deal (株式会社 ...","https://www.granddeal-hp.com/contact/",4,○,○,×,×
"株式会社デジタライズ - 名古屋 システム開発 スマホアプリ開発 ...","https://www.digitalize.co.jp/contactgeneral/",4,○,○,○,×
"システム開発 | 豊田市のWeb制作・ホームページ制作会社 ...","https://itechinc.jp/index.php/contact",5,○,○,○,×
"システム開発・ソフト開発なら「有限会社アース・ラン」","https://www.earthrun.co.jp/contact_earthrun.html",6,×,○,○,○
"株式会社アイティーシー - About Us","https://itccorporation.jp/contacts",3,×,○,○,○
"ホームページ制作・広告・デザイン制作・システム開発 ...","https://smile-design.co.jp/#contact",6,×,○,○,○
"システム開発支援 | エイセブプラス","https://www.eisebu-p.co.jp/contact",5,○,○,○,×
"中小企業様専門のシステム開発 | 株式会社オアシス","https://oa-sys.co.jp/contact/",6,○,○,○,○
"株式会社 Bandai - システム開発 / Pc販売・社内保守 / Web関連 ...","https://www.k-bandai.com/contact",4,○,○,○,×
"株式会社オアシス | 地域密着型it企業(岡崎市を中心とした三河 ...","https://oa-sys.co.jp/contact",6,○,○,○,○
"システム開発・アプリ開発・ホームページ制作・Lp制作等のitの ...","https://www.pieceinnovation.jp/contact",4,×,○,○,○
"岡崎市のAIとIT支援なら永昌システムズ","https://eisyo-systems.jp/contact/",3,○,○,○,×
"システム開発 | 岡崎情報開発センター","https://pro.form-mailer.jp/fms/e30d8b76335023",5,○,○,○,×
"愛知県岡崎市のweb制作会社 株式会社イーダ [公式]","https://iii-da.co.jp/contact.php",4,×,○,○,○
"株式会社トレンドワークシステム | 想像力と技術力で世界に ...","https://trend-system.net/contact/",5,○,○,○,○
"ソニックシステム株式会社コーポレートサイト(ロボット ...","https://sonicsystem-kk.co.jp/contact/",4,×,○,○,○
"会社概要 - web制作会社 株式会社エクラ eclat","https://eclatweb.jp/contact/",5,○,○,○,○
"会社概要 | 株式会社Cloud9","https://cloud9-inc.jp/contact",4,○,○,○,×
"株式会社ユースシステム - 株式会社ユースシステム","https://uths.co.jp/contact-us/",6,○,○,○,○
"ユーザー・現場目線で作る愛知県一宮市のWebシステム開発会社","https://webloco.webolha.com/contact/",6,○,○,○,○
"システム開発・Androidハンディターミナルシステム開発 ...","https://www.meigi.co.jp/contact.html",3,○,○,×,×
"Webシステム・ホームページ制作なら株式会社アントロワ","https://untrois.co.jp/#consultation",4,○,○,○,○
"株式会社アイシーシー | 愛媛県 新居浜市 システム開発/Web制作 ...","https://www.ichimiya.co.jp/icc/contact/",4,○,○,○,×
"- アイジョブ株式会社","https://ai-job.co.jp/contact/",4,○,○,○,×
"株式会社愛媛ソフトウェア・サービス | 40年以上続く ...","https://www.ehime-soft.co.jp/contact.html",4,○,○,×,×
"会社概要 | 愛知県一宮市、岐阜、名古屋でホームページ制作 ...","http://sakaiitproject.com/contact/",6,○,○,○,○
"株式会社ネットコム ー 愛知県豊橋市のシステム開発企業","https://www.netcom-inc.co.jp/contact",6,○,○,○,○
"愛知県豊橋市のシステム開発・ソフトウエア開発会社 株式会社next","https://2next.jp/contact/",4,○,○,○,×
"エース情報システム有限会社 - Ace Information systems","https://ace-joho.com/wp/contact/",3,○,○,○,×
"株式会社エフトス - ネットワーク構築・システム開発","https://ftcare-i.com/contact/",5,○,○,○,○
"ホームページ制作・システム開発 愛知県 豊橋市|Aiming-エイ ...","https://aiming.jp/contact/",4,○,○,○,×
"株式会社tky ・愛知県豊橋市のit企業 株式会社tkyのweb ...","https://tky-kk.jp/contact/",5,○,○,○,×
"ニューシステムテクノロジー|ありそうでなかった商品の企画 ...","https://www.n-s-t.jp/contact.html",4,×,○,○,○
"アリッツ株式会社 - 愛知県春日井市のウェブコンサルティング ...","https://www.alitz.co.jp/inquiry/",3,○,○,○,×
"会社案内 - システム電機","https://system-d.co.jp/contact",6,○,○,○,○
"Webシステム開発 | 春日井流通マシン","https://k-rm.jp/contact/",3,○,○,○,×
"システム開発・プログラミングデザイン - 春日井商工会議所青年部","https://business.form-mailer.jp/fms/1f10897323653",5,○,○,○,○
"株式会社screen | 安城itシステム","https://www.screen-anjo.com/",5,×,○,○,○
"研究開発の施設・設備|研究開発|クラボウ","https://www.kurabo.co.jp/contact/",6,×,○,○,○
"システム開発 | システル株式会社システム開発 | システル ...","https://www.systel.co.jp/",7,○,○,×,×
"(仮称)豊川駅前複合ビル開発計画起工式を開催|ハクヨ ...","https://www.hakuyo-ps.co.jp/contactform/",4,×,○,○,×
"株式会社パシフィックシステム","https://p-sys.jp/contact-us/",4,○,○,○,×
"Home | 株式会社 メイン","https://www.main-inc.biz/contact/",3,○,○,○,×
"株式会社one Web | 愛知・名古屋・豊川のwebサイト制作会社","https://1web.co.jp//#page05",6,○,○,○,○
"事例|西尾レントオール 株式会社 ~C/S型、Web型、iOS ...","https://www.imagazine.co.jp/contact/",3,×,○,○,×
"会社情報|株式会社システムデザイン|機械設計・Fa機器 ...","https://www.system-ds.co.jp/contact/",5,○,○,○,○
"パソコンのトラブルからシステム開発まで |Wish 有限会社 ...","https://www.wish-system.com/contact.html",3,○,○,×,×
"株式会社シーエスイー - あなたのitを支えるソリューション ...","https://www.cseinfo.co.jp/cgi-bin/contact/index.cgi",6,×,○,○,○
"※ テクノロジテム西尾:最先端テクノロジーと持続可能な開発","https://kantanteku.quest/contact/",4,○,○,○,×
"株式会社彦文開発 | 土木工事のプロフェッショナル集団が未来 ...","https://hikobun.com/page-1009/",6,○,○,○,○
"システム開発で","https://www.inspeedia.com/contact/",4,○,○,○,×
"刈谷事務所 | 第一システムエンジニアリング","https://www.dse-corp.co.jp/contact/",3,×,○,○,×
"DX・デジタル推進をサポートするタクトシステム株式会社","https://irodori.tactsystem.co.jp/contact/",4,×,○,○,×
"サン・エンジニアリング株式会社 | 小牧市の自動機械開発専門会社","https://sun-eng-komaki.com/contact/",5,○,○,○,○
"三重・津のアプリ/システム開発 | Thrime app","https://www.thrime-app.com/contact-form.html",3,○,○,○,×
"システム開発 | A-system","https://www.asystemcp.com/%E3%81%8A%E5%95%8F%E3%81%84%E5%90%88%E3%82%8F%E3%81%9B/",4,○,○,○,×
"A-system","https://www.sachang.com/contact.html",6,○,○,×,×
"Company - 株式会社システムイノベーション","https://s-innovation.jp/contact/",3,○,○,×,×
"三重県四日市市のソフトウェア開発会社 フレアーズ合同会社 ...","https://flares.jp/contact/",5,○,○,○,○
"英山開発 | 英山開発では、三重県四日市市でシステム開発 ...","https://eizandevelop.com/contact-page/",4,○,○,○,×
"三愛情報 株式会社 - 東海3県のシステム開発と一括保守","https://www.sanai-net.com/contact.html",6,○,○,○,○
"Atlas Corporation - 生産管理システム開発、WEBシステム開発 ...","https://for-herself.com/contact/",4,○,○,○,×
"会社概要 | システムクリエイト","https://www.syscreate.jp/contact/",8,○,○,○,○
"桑名・四日市におけるシステム開発サービス","https://www.aster-link.co.jp/contact-us/",3,○,○,○,×
"株式会社FIXER | the Cloud native Company","https://fixer.co.jp/contact/",5,○,○,○,○
"DX・システム開発事業 | Resora","https://www.resora-net.com/contact/",5,○,○,○,×
"株式会社メイヴン-【三重県鈴鹿市】Web制作・システム開発 ...","http://miepita.com/%e3%81%8a%e5%95%8f%e5%90%88%e3%81%9b/",5,×,○,○,○
"三重県松阪市のホームページ制作・システム開発","https://fieldeast.com/contact.html",4,○,○,○,○
"ミュージアム展示ガイドアプリ「ポケット学芸員」の桑名市 ...","https://www.dreamnews.jp/?action_contact=true",3,×,○,○,×
"役員企業 - 桑名間税会","https://www.kuwanakanzeikai.jp/contact",4,○,○,○,×
"ティーマネジメント株式会社 | 滋賀県大津市のシステム開発会社","https://www.tmanagement.jp/",3,○,○,×,×
"株式会社アドバンスフォート | Web・Aiシステム開発","https://advanceffort.jp/contact",4,○,○,○,×
"企業情報 | 株式会社テクノクリエイティブ【システム開発・It ...","https://www.techno-creative.co.jp/contact/",7,○,○,○,○
"システムアイ | 大分電子工業株式会社","https://www.oitadensi.co.jp/contact/",4,○,○,○,×
"システム開発 株式会社テルマック","https://www.termac.systems/menu/category/contact/",4,○,○,○,×
"First Penguin vol.22 株式会社Momo・大津 真人の考える「IoT ...","https://xtech.mec.co.jp/contact",6,×,○,○,○
"大津祭「山鉾巡行」での雄姿 | システム開発のことなら ...","https://centerfield.co.jp/contact/",5,×,○,○,○
"(株)デジタルガーデンシステム|滋賀県大津市|東京経済ニュース","https://www.tokyo-keizai.co.jp/inquiry/",5,○,○,○,○
"会社概要 | 株式会社ジーゼットシステム - Gzet","https://gzet.co.jp/c-form/",5,○,○,○,○
"株式会社アクアシステム (大津市) | コンピューター、情報 ...","https://www.sosou.de/jp/count/",3,×,○,○,×
"滋賀県草津市のシステム開発会社 株式会社kusana","https://kusana.biz/#section-19",4,×,○,○,×
"おうみコンピューターシステム","https://www.oumiya.ne.jp/contact/",5,○,○,○,○
"滋賀県草津市のweb制作・システム開発・撮影の株式会社ブロッサム","https://blossom39.net/contact.php",4,○,○,○,×
"京都滋賀でシステム開発・業務アプリ開発のことならインフォ ...","http://www.info-feel.com/contact/",4,○,○,○,×
"事業内容 - 滋賀県 草津市のホームページ制作会社|アイベック ...","https://aivec.co.jp/contact",5,○,○,○,○
"System Cloud|システムクラウド|助成金や補助金を利用したit ...","https://system-cloud.co.jp/#contact",5,○,○,×,×
"アプリケーション開発 (長浜) | 株式会社ミナテック - Fa自動制御 ...","https://www.mina-tech.com/contact/",3,×,○,○,×
"会社情報 | 株式会社湖東総合システム","https://www.k-lets.co.jp/contact/",5,×,○,○,○
"当社の歴史|About Us|日本ソフト開発株式会社","https://www.nihonsoft.co.jp/contact/",5,×,○,○,○
"八女・筑後地区の土地建物開発会社|フジホーム株式会社","https://www.e-fujihome.co.jp/#contact",5,×,○,○,○
"株式会社ハートコンピューター - 日本の酒造りをitで支える!","https://www.heart.co.jp/contact/",7,○,○,○,○
"ソフトウェア開発・ホームページ制作の01フィラメント株式会社 ...","https://01filament.co.jp/contact/",5,○,○,○,○
"製品情報 - 国土情報開発株式会社","https://www.kjki.ne.jp/inquiry/inquiry.php",5,○,○,×,○
"株式会社ファーストシステム | Fa・自動機の設計製造、ロボット ...","https://firstsystem.jp/contact/",6,○,○,○,○
"名古屋のソフトウェア・プログラム開発のジェイ・エス・シー ...","https://www.jscinc.co.jp/recruit_entry_form",5,○,○,○,○
"ジャパンシステム株式会社","https://www.japan-systems.co.jp/inquiry",5,×,○,○,○
"株式会社 Field | システム開発","https://www.field-company.co.jp/#contact",4,○,○,○,×
"京都のシステム開発・ホームページ制作 - エスアンドエス・プラス","https://www.ssplus.co.jp/contact/index.php",4,○,○,○,×
"京都のシステム開発・企画 | 株式会社エイ・エス・ピー (asp)","https://www.netasp.kyoto/contact/",6,○,○,○,○
"システム開発・システム保守は京都の株式会社東洋へ ...","https://toyo-group.co.jp/inquiry",6,○,○,○,○
"株式会社京信システムサービス","https://kssinet.co.jp/inquiry/",6,○,○,○,○
"京都市が117億円投じた30年もの基幹システム刷新を中断 | 京都 ...","https://ityarou.com/%e3%81%8a%e5%95%8f%e3%81%84%e5%90%88%e3%82%8f%e3%81%9b/",4,○,○,○,×
"株式会社 システム創見 | 最短納期・最適予算でWebシステムを実現","https://www.system-souken.co.jp/contact",5,○,○,○,○
"ウェブシステム開発 | 京都情報大学院大学 - Kcg","https://www.kcg.edu/forms/inquiries",4,○,○,○,×
"会社のご案内 - SystemRoad","https://systemroad.co.jp/info/contact-us/",6,○,○,○,○
"沿革| 会社情報|株式会社ケーケーシー情報システム|自治体 ...","https://www.kkcis.kyoto/contact/",4,○,○,○,○
"ビジネスポート|システム開発|ネットワーク構築 ...","https://www.businessport.co.jp/contact/",4,○,○,×,×
"ミライズ (Miraizu) - Webの未来を、一緒に設計する","https://miraizu.jp/contact/",8,○,○,○,○
"都市計画課 - 宇治市公式ホームページ - Uji","https://www.city.uji.kyoto.jp/form/detail.php?sec_sec1=73",6,○,○,○,×
"株式会社マイソフト【八王子市】システム開発(ハードウェア ...","https://careetern.com/contact",7,×,○,○,○
"アイ·オーシステム株式会社 - 京都ものづくり企業ナビ","https://www.monodukuri-kyoto.jp/contact/index.html",4,×,○,○,○
"リモート監視/操作システム構築・環境機器/計測装置販売 ...","https://geosens-s.jp/inquiry.html",4,○,○,×,×
"Satsystem | 京都府亀岡市","https://www.satsys.jp/contents/contact.html",3,○,○,○,×
"人事課 - 亀岡市公式ホームページ","https://www.city.kameoka.kyoto.jp/form/detail.php?sec_sec1=5",6,○,○,○,×
"城陽市に高速道路 Icに直結した「次世代基幹物流施設」開発 ...","https://saitoshika-west.com/contact",4,○,○,○,×
"三菱地所、日本初、高速道路 Ic 直結「次世代基幹物流施設 ...","https://www.tenjikai.biz/contact",6,○,○,○,○
"システム開発事業 | マインドシステム株式会社","https://mindsystem.co.jp/contact/",3,×,○,○,×
"株式会社大阪システム開発","https://osaka-sd.co.jp/inquiry/",4,×,○,○,○
"大阪システム開発|株式会社ワン・グラヴィティ","https://one-gravity.jp/#contact",4,○,○,×,×
"トップページ | 株式会社システム開発研究所","https://sdlnet.co.jp/contact/",5,○,○,○,○
"大阪のシステム開発会社:NOBシステムズ","https://www.nob-systems.co.jp/info/inquiry.html",5,○,○,×,○
"システム開発株式会社","https://www.sysky.co.jp/contact/",6,×,○,○,○
"大阪市のシステム開発 ウィネット株式会社 - 大阪の短納期 ...","https://www.winet.co.jp/toiawase/",5,○,○,○,○
"Webシステム開発 大阪 | テラウェーブ・システム株式会社","https://terawave.co.jp/contact.php",3,○,○,×,×
"Webシステム開発・アプリ開発 大阪 マイスター・ギルド","https://www.m-gild.com/contact/",5,×,○,○,○
"システム開発 Gis 大阪 | システム開発のコムエッジ","https://www.comedge.co.jp/inquiry/index.php",5,×,○,○,○
"株式会社リレートシステム|大阪|業務システム受託開発","https://www.relate-sys.co.jp/contact.html",3,○,○,×,×
"株式会社辰洋(大阪のソフトウェア受託開発)","https://www.shinyo-inc.co.jp/inquiry/default.htm",3,○,○,×,×
"システック株式会社 - ソフトウェアシステムの企画設計から ...","https://cstec-corp.co.jp/contact/",4,○,○,○,×
"株式会社トラスト|大阪・京都・兵庫システム開発","https://trust-osk.co.jp/message",5,○,○,○,×
"システム開発 | Joho 大阪情報専門学校","https://www.ocs.ac.jp/secure/inquiry/index.html",4,○,○,×,×
"大阪のses事業とシステム開発会社 株式会社pebble(ペブル)","https://pebble.co.jp/contact/",4,○,○,○,×
"株式会社クレアワークス - 企業情報|大阪|基幹系・Itコンサル","https://www.creaworks.co.jp/inquiry.html",4,×,○,○,×
"株式会社エポック-大阪|システム・アプリ開発","https://e-poch.jp/contact/",5,○,○,○,×
"大阪/東京のシステム開発なら -株式会社イメディア","https://www.imedia.co.jp/contact.php",3,○,○,×,×
"ソフト開発の株式会社アルク","https://www.ark-inc.co.jp/contact",4,○,○,×,○
"大阪で受注管理システムの開発・構築・導入なら|株式会社レタス","https://www.letus.co.jp/contact/",4,×,○,○,○
"情シス支援・kintone (キントーン)伴走支援・システム開発 | 大阪市内・東大阪・堺・八尾・奈良対応 | 株式会社コラボレート","https://www.collabo-rate.co.jp/contact.html",5,○,○,○,○
"ソフトウェア開発 - 制御盤コム 大阪・堺","https://www.seigyoban.com/otoiwase",4,○,○,○,×
"株式会社Rivine (リヴァイン) | ソフトウェア/システム開発/Web ...","https://www.rivine.jp/contact",6,○,○,○,○
"大阪・東大阪|Itコンサルティング|株式会社ベレーザ ...","https://www.beleza.co.jp/osr.html",3,×,○,○,×
"システムクリエイト株式会社","https://sck-inc.co.jp/contact/",6,×,○,○,○
"会社案内 | Itf合同会社 | システム開発会社","https://itfllc.co.jp/contact/",4,×,○,○,○
"株式会社システムクリエイト - 大阪でitコンサルティングを ...","https://systemcreate.jp/%e3%81%8a%e5%95%8f%e3%81%84%e5%90%88%e3%82%8f%e3%81%9b/",4,○,○,×,×
"モーターの制御・開発をサポート|有限会社システムアシスト","https://www.systemassist.co.jp/#c_contact",4,○,○,○,×
"accelboon | 大阪府豊中市のシステム開発・ソフトウェア開発 ...","https://accelboon.com/?page_id=192",6,○,○,○,×
"会社概要・アクセスマップ | 企業情報 | 株式会社インサイト","https://www.insite-corp.co.jp/inquiry/",4,×,○,○,○
"会社案内 | 株式会社システムトーク","https://systemtalk.co.jp/contact/",4,○,○,○,×
"株式会社POST","https://postweb.co.jp/contact",5,○,○,○,○
"会社概要|共栄エンジニアリング株式会社","https://www.kyoei-e.com/contact.html",3,○,○,×,×
"株式会社テクノプラン システム技術部 - 大阪に拠点を置く ...","https://www.tp-soft.jp/contact/",6,○,○,○,○
"アステック株式会社 | システム開発・ソフトウェア開発に最新 ...","https://www.astec-corp.co.jp/inquire",5,○,○,○,○
"大阪のハードウェア開発会社 | 株式会社SpaceView","https://spaceview.co.jp/contact/",8,○,○,○,○
"株式会社 セキュリティソフトウェア","https://securisoft.co.jp/form.html",3,○,○,×,×
"三和開発 株式会社 - 企業情報","https://www.sanwa-dc.co.jp/contact.php",3,○,○,×,×
"アルカディア株式会社 | 人間らしい、Itエンジニアリングを","https://arkadia.jp/contact/",4,×,○,○,○
"(株)処理系総研","https://www.sitio.co.jp/contact/",6,○,○,○,○
"株式会社プライム | システムがもたらす未来へ","https://prime.co.jp/contact/",5,○,○,○,○
"大栄システム株式会社","https://www.daiei-sys.co.jp/contact",5,○,○,○,○
"茨城経済システム開発協同組合 | 特定技能を活用した外国人 ...","https://gjapan.biz/contact/",7,○,○,○,○
"Pcworld | 茨城県筑西市 | ITコンサルタント | システム開発 ...","https://pcwcp.jp/inquiry/",3,○,○,×,×
"ウェブ、システム、デザインも中小企業のitパートナー|自社 ...","https://rindo-inc.com/contact",7,○,○,○,○
"会社概要 - 株式会社エーシステムズ","https://www.a-systems.info/?page_id=7",4,○,○,○,×
"大阪工場視察|小規模製造業向け生産管理システムを自社開発 ...","https://shisaly.com/contact",4,×,○,○,×
"遠隔監視・遠隔制御機器、システム開発・製造・販売 ...","https://haneron.com/contact/",5,○,○,○,○
"Company | 株式会社 アイシステム","https://i-system-co.com/contact/",5,○,○,○,○
"サイバークラフト | マイコン応用製品の設計・開発のサイバー ...","https://www.cycraft.co.jp/contact",5,○,○,○,○
"株式会社グローバル・ワン","https://gb-one.jp/?page_id=24",5,○,○,○,×
"会社概要 | スリーエーシステム株式会社 | 塗装工場向けの塗装 ...","https://aaasystem-shop-pro.com/info/#contact",3,○,○,×,×
"会社概要 | 株式会社シンシアシステム開発","https://www.s-sd.co.jp/contact/",4,○,○,○,×
"システムエンジニア募集|Webデザイナー募集|グラフィック ...","https://www.c-plus-1.co.jp/company/contact/",6,○,○,○,○
"会社案内 - 品質管理、計測のシステム化を実現する株式会社ニオ","https://www.nio.co.jp/contact/",4,○,○,×,○
"令和7年度 岸和田市のデジタル化のための補助金~「がんばる ...","https://office-kishi.com/contactpage/",5,○,○,○,○
"会社案内 - 株式会社ドラゴンシステム","https://www.dragon-system.net/contact/",5,○,○,○,○
"会社概要 - 株式会社パイオニア・システム","https://pioneersystem-inc.com/contact/",3,○,○,○,×
"システム開発・クラウド型ソフトウェア開発ならエスケプラン ...","https://skplanner.co.jp/?page_id=40",6,○,○,○,○
"システム開発・クラウド型ソフトウェア開発ならカイタック ...","https://www.khaithac-jp.com/inquiry/",6,○,○,○,○
"会社概要 - 株式会社日本ピュアシステム","https://www.pure-system.com/contact/",4,○,○,○,×
"総合事業Web操作説明書(枚方市サービス提供事業者様向け ...","https://brainservice.co.jp/contact/",6,○,○,○,○
"Fukula株式会社は、横浜市馬車道でWebシステムの提案・開発 ...","https://fukula.jp/callinfo",6,○,○,○,×
"システム開発評価・危機管理センター(sdecc) | 池田市","https://www.info7.biz/contact",4,○,○,○,×
"合同会社YNot - サーバーレンタル・受託開発","https://www.ynot.jp/contact",7,○,○,○,○
"Itシステム開発「契約」の教科書 第2版 | 池田聡のあらすじ ...","https://booklog.jp/contact/ad",4,×,○,○,○
"会社概要・沿革|システム設計の株式会社マネージ・ソフト","https://www.managesoft.co.jp/inquiry/",4,○,○,○,×
"株式会社シロハチ | web制作・ECサイト構築・システム開発","https://www.shiro8.net/form/ask.html",9,×,○,○,○
"システムエンジニア・プログラマー(正社員)/守口市 ...","https://hatara.co.jp/contact",4,×,○,○,○
"大阪府・大分県のアクトシステム株式会社|Plc設計・装置電気 ...","https://www.act-system.biz/contact",4,×,○,○,×
"会社案内 - 株式会社mtcシステムクリエイト","https://mtc-systemcreate.com/contact/",5,○,○,○,○
"システム開発|大阪箕面のデザイン会社|PLUGLOW Inc ...","https://pluglow.jp/form/contact/",3,×,○,○,×
"株式会社ソフトウェーブ | 神戸のシステム開発","https://www.softwave-net.co.jp/inquiry/",3,○,○,×,×
"チームit神戸 - 兵庫・神戸のシステム開発、ホームページ制作 ...","https://www.it-kobe.org/otoiawase",4,×,○,○,○
"神戸のシステム開発・ウェブサイト制作 | 株式会社 ...","https://atsys.co.jp/contact/",5,○,○,○,○
"株式会社アイ・ティ・シー | 兵庫県神戸市のシステム開発会社 ...","https://www.e-itc.co.jp/otoiawase",5,×,○,○,○
"神戸ウェーブ株式会社|神戸のシステム開発サービス ...","https://kbw.ne.jp/contact/",7,○,○,○,○
"兵庫 神戸 システム開発 株式会社ソフトウエア研究所","https://esofken.com/newHP/contact.html",3,×,○,○,×
"WEBシステム開発 | 株式会社Honeycome | 神戸・東京","https://honeycome.biz/contact/",4,×,○,○,○
"株式会社ユーシステム","https://usystem.jp/contact",7,○,○,○,○
"株式会社オートメーションリサーチ | 神戸のシステム開発会社 ...","https://automation-r.com/contact/",5,○,○,○,○
"株式会社 フュージョンテックシステム - 神戸のシステム開発会社","https://fusion-tec-system.co.jp/contact/",5,○,○,○,×
"日本ソフトウェアコンサルタンツ株式会社(Nsc) | 神戸の元町 ...","https://nsckobe.co.jp/contact/",5,×,○,○,○
"株式会社CiNK -兵庫県のシステム開発会社-","https://cink-j.com/contact/",6,○,○,○,○
"株式会社ジェニオ | 神戸・東京・大阪・四国のwebシステム開発 ...","https://www.genio.co.jp/contact/",5,○,○,○,○
"会社案内||ノア情報開発(株)","https://www.noainf.co.jp/toiawase",4,×,○,○,○
"株式会社 パスカル | ソフトウェアの開発・販売及び保守 組込み ...","https://pascal-kobe.co.jp/index.php/contact/",3,×,○,○,×
"神戸市のソフトウェアなら株式会社サイ電子","https://sai-inc.net/contact/",3,×,○,○,×
"会社概要|株式会社御幸システム","https://www.myksys.com/contact/",4,○,○,×,×
"有限会社シーエスエフ | 神戸のシステム開発・アプリ開発","https://www.creative-solution.jp/#contact",3,○,○,○,×
"神戸ITパートナーズ Kobe IT Partners|事業共創からその先へ","https://www.kobe-itp.com/contact",3,×,○,○,×
"株式会社システムプロダクト [システム開発・ネットワーク運用]","https://systemproduct.co.jp/contact.htm",4,○,○,○,×
"姫路市のシステム会社 シスメット","https://www.sysmetworld.com/contact",5,×,○,○,○
"システム開発・Dx推進事業 | 姫路 Ybs株式会社【公式】","https://ybs-inc.biz/contact/",4,×,○,○,○
"【姫路】システム開発エンジニアJAVA、Python等|兵庫県姫路 ...","https://www.hellowork-navi.site/contact/",4,○,○,○,×
"Ict株式会社 - システム開発・インフラ構築・It運用管理のワンス ...","https://www.ictinc.co.jp/message_us",5,○,○,○,○
"マニフェスト | 株式会社姫路環境開発","https://www.himejikankyo.co.jp/contact",4,×,○,○,○
"ソフラ株式会社|クラウドコンピューティング・Siサービス ...","https://www.sofla.co.jp/category/inquiry/index.html",6,×,○,○,○
"Himejo - 姫路情報システム専門学校","https://www.himejo.ac.jp/contact/",4,×,○,○,×
"エミリオ - It・Webデザイン、アプリ、システム開発","https://www.emillio.jp/#contact",3,×,○,○,×
"株式会社システムブリッジ","https://www.system-bridge.jp/#contact",5,×,○,○,○
"会社概要 - 株式会社ケンコーシステムズ|環境負荷軽減と ...","https://kenkosystems.jimdofree.com/%E3%81%8A%E5%95%8F%E5%90%88%E3%81%9B/",3,○,○,○,×
"システム開発 アプリ開発 ホームページ作成 株式会社ソフト ...","https://smjapan.co.jp/contact/",6,○,○,○,○
"株式会社システムブリッジ","https://www.systembridge.jp/contact/",3,○,○,○,×
"システム開発 | ホームページ制作 大阪 神戸 西宮|LAF Design","https://lafdesign.co.jp/contact",5,×,○,○,○
"企業情報 | Tkシステムソリューション株式会社","https://www.tksystemsolution.co.jp/contact/",6,○,○,○,○
"システム開発 | クリックマーク株式会社 | 神戸市東灘区・灘区 ...","https://www.clickmark.co.jp/contact/",5,○,○,○,○
"会社概要 - Idec Auto-id Solutionsは自動認識でdxや ...","https://ias.co.jp/inquiry",3,×,○,○,×
"会社概要 - J-7SYSTEM WORKS Web","https://www.j7system.jp/contact-us/",3,○,○,○,×
"会社概要 | トータルロジシステム","https://total-logi-system.jp/contact/index.html",4,○,○,○,×
"株式会社システム開発","https://www.sdev.co.jp/contact",4,○,○,○,×
"株式会社フジ・データ・システム","https://www.fdsnet.co.jp/contact/",6,○,○,×,○
"FileMaker - 大阪・兵庫のシステム開発 | 株式会社ことうらシステム","https://www.kotoura-system.co.jp/contact/",7,○,○,○,○
"兵庫県明石市のWebシステム開発会社 | ALLMORE DESIGN","https://allmore.jp/contact/",5,×,○,○,×
"ライクバード|システム引継ぎ・システム保守・システム開発","https://likebird.jp/contact",6,○,○,○,○
"会社概要 | サーブシステムズ 株式会社","https://www.servsystems.co.jp/contact/",6,○,○,○,○
"Webシステム開発・業務システム開発|兵庫県加古川市のアシス","https://www.assis.co.jp/contactform/",4,○,○,○,×
"会社概要 - キセツシステム","https://www.kisetsu-system.co.jp/%e3%81%8a%e5%95%8f%e3%81%84%e5%90%88%e3%82%8f%e3%81%9b/",4,○,○,○,×
"デアンザシステムズ","https://deanzasystems.jp/?page_id=7",4,○,○,○,×
"プログラマーコース | 職業訓練のエンプロス|姫路・加古川 ...","https://emplos.jp/contact/",5,○,○,×,×
"株式会社神戸製鋼所の『社内se(Dx・基幹システム刷新の企画 ...","https://jobchange.jp/support/inquiry/",3,○,○,○,×
"株式会社ケーアイシステム|加西市の総合ITサポート","https://ki-sys.com/contact.html",4,×,○,○,○
"Octet合同会社 - 兵庫県宝塚市のシステム会社 - システム開発 ...","https://www.octet-llc.co.jp/contact/",5,○,○,○,○
"ジェネシス株式会社 | 上流工程の支援・開発、社内dx推進サポート","https://genesis-inc.co.jp/contact",5,○,○,○,○
"HIK株式会社|システム開発・システム構築(本社:伊丹市)","https://www.hik-jv.jp/wp/contact/",3,○,○,○,×
"事業所・開発拠点 | 株式会社サニー技研 企業サイト","https://www.sunnygiken.co.jp/inquiry/",6,○,○,○,○
"株式会社Mewtech | 全ての人にテクノロジーの力を。優しいIT ...","https://mew-tech.jp/#contact",4,×,○,○,○
"Akatsuki System Service | 店内ストリートビューの撮影 ...","https://ass-web.com/toiawase/",5,○,○,○,×
"野里電気工業株式会社|パーキングシステム|駐車場・駐輪場 ...","https://www.nozato.jp/contact.html",3,○,○,×,×
"SES事業 | 株式会社Infinity","https://infinity00.co.jp/contact/",5,○,○,○,○
"株式会社ファイブ | System Consulting & Integration","https://www.fiv-e.com/inquiry/",5,○,○,○,○
"株式会社ウエストワン | 奈良県 システム開発 業務システム ...","https://www.west-one.net/contact.php",3,×,○,○,×
"有限会社ビッツ|奈良システム開発 パソコン保守 サイト構築","https://www.o-toku.net/contact.html",3,×,○,○,×
"AI×システム開発・アプリ開発|奈良・生駒|ITエンパワーメント","https://it-empowerment.com/#contact",3,○,○,○,×
"システム開発 - 奈良県のシステム・アプリ・Web制作会社","https://tunagle.co.jp/contact/",3,×,○,○,×
"事業部の紹介|株式会社イムラ 情報システム事業部","https://www.imura-js.jp/contact/",3,○,○,×,×
"有限会社システム開発の産業廃棄物処理許可、取り扱い情報 ...","https://zenet.co.jp/contacts/new",3,○,○,×,○
"株式会社システムヴァン","https://www.svan.co.jp/contact",3,×,○,○,×
"Dmg森精機 奈良事業所が世界最大級のシステムソリューション ...","https://seizougenba.com/contact",4,○,○,○,○
"Exe Mate 株式会社 | システムでできることは「システム」で!","https://exemate.co.jp/contact/",5,○,○,○,○
"和歌山で簡単なホームページ制作・システム開発はパンダシステム","https://wakayama-panda.com/inquiry/",4,○,○,○,×
"Kaze | 和歌山発・地方創生のテクノロジーパートナー","https://kaze.jp/#contact",3,○,○,○,×
"ブレインズ|HP制作・システム開発|和歌山","https://brains.info/contact/",5,○,○,○,○
"株式会社アイピークリエイト - 創業35年!和歌山にあるシステム ...","https://www.ipcreate.co.jp/contact/",5,×,○,○,○
"株式会社サンクス|システム開発・受託計算・ホームページ ...","https://www.thanks-jsd.com/mail/contactus.html",3,×,○,○,×
"会社案内|システム開発ソフトウェア作成ならシステムキューブ","https://www.sys-cube.co.jp/contact",7,○,○,○,○
"システム開発 - 株式会社 初山","https://www.hatsuyama.co.jp/?page_id=117",4,○,○,○,×
"400年の伝統をもつ世界農業遺産 みなべの「梅づくり」次の400年へ","https://gendai.media/list/inquiry?media=frau",4,×,○,○,×
"株式会社 システムクリエイト","https://systemcreate-kyoto.com/about/contact/",4,○,○,×,○
"和歌山の世界農業遺産「みなべ・田辺の梅システム」","https://www.giahs-minabetanabe.jp/contact",4,○,○,○,×
"会社情報 | 株式会社オプト・システム","https://www.opto-system.co.jp/inquiries",4,○,○,×,○
"システム開発事業 - 海南エンジニアリング株式会社","https://kainaneng.com/contactform/",5,○,○,○,○
"オフショア開発 | ニューコン株式会社","https://www.newcon.co.jp/inquiry/",5,○,○,○,○
"日本トレーディングシステム株式会社","https://jts.jp/contact.html",4,○,○,×,×
"株式会社ソフィア | ソフトウェアの開発、支援サービス","https://www.sophia-inc.co.jp/inquiry.php",5,×,○,○,○
"システムインテグレーターの株式会社ケイズ","https://www.kscom.co.jp/contact/",5,×,○,○,○
"社会システム土木系学科 教授 福山敬 | 鳥取大学工学部・大学院 ...","https://eng.tottori-u.ac.jp/contact",7,○,○,○,×
"会社情報 | 株式会社綜合システム","https://www.sogonet.co.jp/contact/",4,○,○,×,○
"Babyl株式会社(バビル) 島根・鳥取のシステム会社+企画会社","https://www.babyl.co.jp/support/contact/",6,○,○,○,○
"鳥取大学工学部 社会システム土木系学科/工学専攻 社会 ...","https://eng.tottori-u.ac.jp/contact",7,○,○,○,×
"株式会社MagicPlus | 鳥取のホームページ・システム・デザイン ...","https://magic-plus.net/contact",5,○,○,○,○
"eBase Solutions Laboratory|システム開発・ホームページ制作会社","https://lab.ebase-sl.jp/contact",4,○,○,○,×
"【共同開発】米子高専「追尾型ドローンとlpwa通信による有害 ...","https://aeronext.co.jp/contact/",4,×,○,○,○
"株式会社イーグリッド Ruby on Railsソフトウェア開発・ラボ型開発 ...","https://www.e-grid.co.jp/contact/",3,×,○,○,○
"Itソリューションで社会の発展に貢献 株式会社日本情報開発","https://jid-net.com/contact/",4,×,○,○,○
"株式会社ケーズシステム - Home","https://www.ks-sys.jp/contact.html",4,×,○,○,○
"アーバンエックス、米子市および山陰酸素工業が実施するaiを ...","https://urbanx-tech.com/contact",6,○,○,○,○
"システム開発・構築|サービス|株式会社松江情報センター","https://www.matsue-joho-center.jp/cgi-bin/c-mail/contact/c-mail.cgi",4,×,○,○,×
"会社情報 | SystemLink","https://www.sys-link.jp/%e3%81%8a%e5%95%8f%e3%81%84%e5%90%88%e3%82%8f%e3%81%9b/",4,○,○,○,×
"システムアトリエ ブルーオメガ","https://blueomega.jp/contact.html",3,×,○,○,×
"会社情報 - 島根県松江市のシステム開発・ウェブ制作会社 ...","https://cherryllc.net/website/contact/",5,○,○,○,○
"トップ | 株式会社イプシロンソフトウェア","https://www.epsilon-software.co.jp/contact",4,×,○,○,○
"一般社団法人 島根県情報産業協会:日本システム開発株式会社","https://www.shia.or.jp/cgi-bin/c-mail/contact/",3,×,○,○,×
"株式会社スプリングボード - 秋葉原/松江市のwebシステム ...","https://www.springboard.co.jp/otoiawase/",6,○,○,○,○
"出雲デジタル合同会社 - Izumo Digital Inc. - 出雲を拠点とする ...","https://www.izumo-digital.co.jp/%e3%81%8a%e5%95%8f%e3%81%84%e5%90%88%e3%82%8f%e3%81%9b/",4,○,○,×,○
"システムエンジニアリングサービス|株式会社ボーダーレス ...","https://borderless-technology.com/#contact",3,×,○,○,×
"株式会社コンピュータ・コンサルタント - 会社情報","https://com-con-web.com/Contact/Top",5,×,○,○,○
"会社情報|ユニテックシステム","https://www.uts-corp.co.jp/contact/",5,○,○,×,○
"三重県四日市市浜田町 - キャリアシステム株式会社","https://www.careersystem.co.jp/contact/",3,○,○,×,×
"太陽光パネルの独自リサイクル技術を開発した浜田の取り組み","https://circulareconomy.tokyo/contact",5,×,○,○,○
"浜田瓦店 瓦屋根の施工性能証明するシステム開発 - 日刊木材 ...","https://jfpj.jp//contact",6,×,○,○,○
"株式会社システム設計|岡山県の制御盤設計・電子機器開発 ...","https://system-sekkei.jp/contact/",5,○,○,○,○
"会社概要 | 岡山システムサービス","https://okayama-oss.co.jp/contact/",6,×,○,○,○
"岡山・東京を拠点としたシステム開発/情報システムサービス ...","https://marsinc.co.jp/contact.html",4,○,○,○,×
"松永システム開発株式会社","https://www.matsunaga-sd.co.jp/#contact",3,○,○,×,×
"岡山のシステム開発なら株式会社オーリス","https://auris.jp/pages/contact",5,○,○,○,○
"岡山のホームページ制作会社 株式会社クリエ・ココ|Web ...","https://www.crea-coco.com/contact/",6,○,○,○,○
"株式会社NICS|岡山県玉野市のシステム開発","https://www.nics.ne.jp/inquiry",5,○,○,○,○
"企業案内 | 東都システムズ 株式会社","https://www.touto-systems.com/contact/",7,○,○,○,○
"会社案内|吉備システム株式会社 - kibi.co.jp","https://www.kibi.co.jp/contact.html?contact",5,×,○,○,○
"(株)岡山システムサービス インターネットエラベル企業情報 ...","https://go.tsr-net.co.jp/contact.html",7,○,○,○,○
"有限会社アクシス | 会社情報","https://www.axis2002.jp/contact_input.php",3,×,○,○,×
"自動化システム・ソフトウェアの開発|株式会社エスワン","https://www.s-one-net.co.jp/contact.html",4,×,○,○,○
"岡山トレジャーシステム","https://oka-treasure.com/%e3%81%8a%e5%95%8f%e3%81%84%e5%90%88%e3%82%8f%e3%81%9b/",4,○,○,○,×
"One Navigationは、システム・デザインによる企業の問題 ...","https://www.one-navigation.com/#contact",5,○,○,○,○
"会社概要 - マイクロシステム株式会社","https://microweb.jp/contact.html",3,×,○,○,×
"株式会社シェルシステム - システム開発を通じてビジネスの ...","https://shell-system.com/contact",6,○,○,○,○
"株式会社シエルシステム - お客様の求める結果をitで実現します","https://www.cielsystem.co.jp/contact/",4,×,○,○,○
"株式会社コスモ情報システム","https://www.cosmo-info.co.jp/contact/?radio-206=%E3%82%BD%E3%83%95%E3%83%88%E3%82%A6%E3%82%A7%E3%82%A2%E9%96%8B%E7%99%BA",5,○,○,○,○
"株式会社nics | きら☆おか ~きらり輝く☆「おかやま企業情報 ...","https://www.kirari-okayama.jp/contact/",4,×,○,○,○
"三井E&Sシステム技研株式会社","https://www.msr.co.jp/contact/form.html",3,○,○,×,×
"システム開発の株式会社シイ・エス・デイ","https://www.csd.ne.jp/contact/",5,○,○,○,○
"広島ソフトウェア株式会社","https://www.hsw-net.co.jp/#contact",6,○,○,○,○
"システム開発・Web広告・ホームページ制作・Cg制作なら広島の ...","https://www.tss-sw.co.jp/contact/index.php?type=C01",4,×,○,○,○
"Webシステム・アプリ開発 広島 | 株式会社リンクスペース","https://linksp.co.jp/#contact",4,○,○,×,×
"広島県食品営業許可届出管理システム開発業務に係る公募型 ...","https://www.pref.hiroshima.lg.jp/form/detail.php?sec_sec1=59&inq=04&lif_id=1071012",6,○,○,○,×
"システム開発 広島 | 株式会社シーネット情報","https://www.c-netjoho.net/#contact",4,×,○,○,○
"株式会社システムワン(広島・東京) - 株式会社システムワン ...","https://www.system-1.co.jp/contact",4,×,○,○,×
"株式会社デンサン|広島のシステム・ソフトウェア開発","https://www.densan-net.co.jp/contact/",5,×,○,○,○
"ホーム - ソフトリンク株式会社 公式サイト システム開発 福岡 ...","https://www.e-softlink.co.jp/contact/",4,○,○,○,×
"Arcsoft(アークソフト) | 広島 | Posレジ・システム開発 ...","https://www.arc-soft.jp/contact/index.html",4,○,○,×,×
"トップ|P.g. System","https://www.pgsystem.co.jp/contact.html",4,×,○,○,○
"システム開発・ソフトウェア開発(大阪・東京・広島・高松 ...","https://jpn-tec.co.jp/script/mailform/inquiry/",4,×,○,○,×
"ケイ・エヌ情報システム株式会社 | 広島のソフトウェア ...","https://www.knc.co.jp/contact/",5,○,○,○,×
"システム開発 広島県 福山市 【Fits】","https://kkfits.jp/inquiry.html",3,○,○,×,×
"システム開発・DX/広島県福山市のシステム開発会社 - Omit","https://omit.co.jp/contact.html",3,×,○,○,×
"福山市 ソフトウェア開発・Hp制作 | 株式会社アッパーヤード","https://www.upperyard.co.jp/contact/",6,○,○,○,○
"会社概要 - 株式会社 福山光システム","https://fhs39.com/contact/",4,○,○,○,×
"AI・IoT・システム開発関連 - 株式会社メディアテック一心 | 通信 ...","https://mediatec-isshin.co.jp/contact/",7,○,○,○,○
"東京都・広島県福山市のweb制作・システム開発会社 Bst","https://bstinc.co.jp/contact",3,×,○,○,×
"株式会社エフ・シー・エス | 事業用ソフトウェア設計・開発 ...","https://fcs-kk.co.jp/contact/",5,○,○,○,○
"Souce | 福山でシステム開発のことならsouceへ | Souce","https://souce.jp/form/1",6,○,○,○,○
"株式会社ジテック | 広島(東広島市・呉市)のシステム開発・ホームページ制作・ロゴデザインの会社","https://gtec-inc.co.jp/contact/",4,×,○,○,○
"株式会社ラキール呉オフィスの開設及び子会社(株式会社ラキール呉)の設立について - 呉市ホームページ","https://www.city.kure.lg.jp/form/detail.php?sec_sec1=38&inq=02&lif_id=161709",6,○,○,○,×
"株式会社サンクテクノス - プラント配管の設計・製作、鉄構用cadシステム開発・販売、Isoコンサルティング","https://www.sanwa-technos.co.jp/contact/index.html",7,○,○,○,○
"MedakaService|広島・東広島のシステム開発・DX支援会社","https://medakaservice.company/#contact",4,○,○,○,×
"ピーエスケー株式会社","https://www.psk-system.co.jp/contact-us/",4,○,○,○,×
"有限会社東広島システム工房の詳細 | SpotsNinja","https://aeolia.co.jp/spotsninja/contact",3,○,○,○,×
"【株式会社パイオニア電子計算センター】尾道のIT・システム開発","https://pdpc.co.jp/?page_id=13",5,○,○,×,○
"有限会社ケンシステム","https://ken-system.co.jp/contact/",6,○,○,○,○
"株式会社みつぎ - 広島県尾道市のweb制作会社・ホームページ ...","https://hd.mitsugi-inc.com/contact/",5,○,○,○,○
"各種申請・届出・電子申請 - 尾道市ホームページ - Onomichi","https://www.city.onomichi.hiroshima.jp/form/detail.php?sec_sec1=11",6,○,○,○,×
"水素燃料船の実証運航に向けて基本設計承認(AiP)を取得|尾道 ...","https://onozo.co.jp/ja/contact",4,○,○,○,×
"会社概要 - 株式会社システムイン国際","https://www.system-inn-kokusai.jp/inquiry/",6,○,○,○,○
"12月or1月/シフト制/尾道市/生産管理システムの保守開発 ...","https://www.ats-jp.com/contact/",5,○,○,○,×
"システム開発拠点 Ict Kōbō® Miyajima|実績|Toppan ...","https://forest.toppan.com/form/expace_privacy.html",5,×,○,○,○
"山口システム開発の概要 - Weblio 辞書","https://help.weblio.jp/feedback",3,×,○,○,×
"株式会社MYT","https://my-technology.co.jp/contactUsPage",5,○,○,○,×
"ホームページ制作・システム開発 | 【下関・北九州・福岡 ...","https://archivect.com/contact/",4,○,○,×,×
"ランドスケープ・ソフトウェア","https://landscapesoft.co.jp/contact/",8,○,○,○,○
"株式会社エイム","https://www.aim-it.jp/contact",4,○,○,○,×
"株式会社宇部情報システム | evort エボルト","https://form.evort.jp/uis-inf-urcp/contact",5,○,○,○,○
"株式会社 宇部情報システム - 情報通信業|うべ企業情報ナビ","https://www.bm-ube.jp/contact/",4,×,○,○,×
"有限会社ティー・エヌ・ライフシステムズ | 徳山高専テクノ ...","https://hands-partners.co.jp/kousennavi/%e3%81%8a%e5%95%8f%e5%90%88%e3%81%9b/",3,○,○,×,×
"施工実績・実例 | (株)東和開発","https://www.towa-kaihatu.com/blank-6",4,×,○,○,×
"企業情報 - 株式会社アイテックス","https://www.itecsnet.co.jp/contact",8,×,○,○,○
"It | 岩国カンパニーガイド","https://www.iwakuni-company.jp/contact/",3,○,○,○,×
"株式会社GoQSystem | IT・サテライトやまぐち","https://yamaguchi-satellite.jp/contact/",6,○,○,○,○
"都市開発部 - 岩国市","https://www.city.iwakuni.lg.jp/form/detail.php?sec_sec1=44",6,○,○,○,×
"会社概要 | 株式会社GoQSystem","https://goq.co.jp/contact/",5,○,○,○,○
"株式会社ウイズ・ワン (WISS1) - Webアプリケーションを中心とし ...","https://wiss1.co.jp/contact-us/",7,○,○,○,○
"会社紹介 | 株式会社deresi-山口県でアプリ・システム開発や ...","https://www.deresi.jp/contact",5,○,○,○,○
"大村デジタルイノベート株式会社","https://odi.co.jp/#contact",4,○,○,○,○
"会社概要 | システム開発・インフラ構築のソルコム","https://solcom-net.co.jp/html/contact/",4,×,○,○,○
"日本システム開発株式会社 | 徳島商工会議所","https://www.tokushimacci.or.jp/contact/",5,○,○,○,×
"香川県のシステム・アプリ開発はシステムデザインへ|香川県の ...","https://sdesign.co.jp/inquiry",4,○,○,○,×
"ITコンサルティング・業務システム開発のシャハル","https://shachar.jp/contact/",6,○,○,○,×
"徳島・高松のシステム開発 | アイテム株式会社【公式】 - Aitem","https://www.aitem.co.jp/seesmile/Home/Contact",5,○,○,×,○
"株式会社コバヤシ|徳島のホームページ制作・WEBシステム開発","https://kmc-soft.net/contact/",5,○,○,○,×
"徳島 ホームページ制作(Webサイト制作)・PHPシステム開発 ...","http://shape-design.jp/inquiry/",5,×,○,○,○
"企業情報 - 株式会社レーザーシステム","https://www.lasersystems.co.jp/contact.html",6,○,○,○,○
"ナノテクノロジーをレーザー加工で追求する北大発ベンチャー ...","https://www.independents.jp/consulting-form",3,×,○,○,○
"株式会社ロジック - 香川県高松市に本社をおくシステム開発会社","https://www.kagawa-logic.co.jp/contact/",6,○,○,○,○
"システム開発・ホームページ制作・セキュリティ対策|香川県","https://bitcommunications.info/info/",3,○,○,○,×
"Webアプリケーション・スマホアプリなら香川・高松の【K ...","https://www.ksyssol.co.jp/contact/",3,○,○,○,×
"アイシステムは、香川県のソフトウエア開発を行う会社です ...","http://xn--ccke1di9d4h.com/script/mailform/form/",3,×,○,○,×
"FileMakerソリューション開発|エーアールシステム株式会社 ...","https://www.arsystem.net/filemaker/contact.html",5,○,○,○,○
"株式会社colorss | 会社について - 地域に寄り添うitパートナー","https://colorss.co.jp/contact.html",4,○,○,○,×
"アルサーガパートナーズ、丸亀製麺を運営するトリドールhdの ...","https://www.arsaga.jp/contact/",5,○,○,○,○
"PGSLOT: Agen Akun Demo PG Slot dan Link Situs Slot88 ...","https://carteque.jp/contact/",6,○,○,○,○
"トップページ - 株式会社三豊AI開発 (archived)","https://mitoyo-ai-dev.com/contact/",5,○,○,○,○
"Panda株式会社:AIを用いたシステム開発研究","https://pd-panda.com/contact-us/",4,○,○,○,×
"Research and Development | 三豊機工株式会社ホームページ ...","https://www.mitsutoyo.co.jp/?page=contact",5,×,○,○,○
"香川県 - 日本メディカルシステム株式会社","https://www.jmsys.co.jp/contact-us/",4,×,○,○,×
"Soa 愛媛県 松山市 システム開発 ホームページ制作 Ai開発 ...","https://soa55.com/?page_id=89",5,○,○,○,×
"株式会社npシステム開発 | 企業情報 | 愛媛シゴト図鑑","https://ehime-shigotozukan.com/contact/",4,×,○,○,○
"システム開発・Web/ホームページ制作・デザイン・BPO - ウイン ...","https://www.pro-win.co.jp/inquiry/",3,×,○,○,×
"株式会社フェローシステム | 愛媛・松山 | ホームページ制作 ...","https://www.fellow.co.jp/inquiry/",5,×,○,○,○
"株式会社ssp-ソフトウェア開発会社","https://www.s-system.co.jp/contact/mailform/",3,○,○,×,×
"株式会社NPシステム開発|えひめが誇るスゴ技","https://sugowaza-ehime.com/contact.php",3,○,○,×,×
"株式会社エーシーイーシステム","https://www.ace-sys.co.jp/contact.php",6,○,○,○,×
"有限会社システムアオイ | 愛媛県今治市のシステム開発 ...","https://system-aoi.jp/#contact",4,○,○,○,×
"システム | 愛媛県 | 今治市 | iPeaks | Home","https://www.ipeaks.co.jp/contact",7,○,○,○,○
"AI治水監視システムを今治市とBEMACが共同開発 « News&Topics","https://www.bemac-jp.com/contact",6,×,○,○,○
"""""""今治造船の作業服開発に見る、""""""""内製""""""""が生む新価値──業務 ...""""""","https://freshet.co.jp/contact/",6,○,○,○,○
"AI治水監視システムを今治市とBEMACが共同開発 - BizAIdea","https://anode.llc/#contact",3,×,○,○,○
"株式会社瀬戸内","https://setouchi.securesite.jp/contact/",3,×,○,○,×
"今治市とbemac、Aiを活用した治水監視システムを共同開発 ...","https://protagonist-inc.jp/",5,○,○,○,○
"システムクリエーション","https://sys-cre.jp/contact.html",3,×,○,○,×
"西日本オ・エイ・システム株式会社 | 西日本オ・エイ ...","https://noa-niihama.com/contact.html",3,×,○,○,×
"Sunabacoの受講生が開発した災害対応アプリが、新居浜市 ...","https://sunabaco.com/contact/",4,○,○,○,×
"オプターク | システム最適化 - dx","https://www.optarc.net/",6,○,○,○,×
"ローカルエナジーシステム、愛媛県西条市に脱炭素バイオマス ...","https://www.setsubitoushi-journal.com/contact",4,×,○,○,○
"株式会社テックス|高知を拠点とするシステム開発会社 - 誠実 ...","https://www.tecsnet.co.jp/contact/",5,×,○,○,○
"【株式会社高知システム開発】市場シェアNo.1の内閣総理大臣 ...","https://readspeaker.jp/contact",5,×,○,○,○
"南国システムサービス株式会社","https://www.nss-nangoku-group.com/contact",5,○,○,○,○
"南国システムサービス株式会社 - Kisa 鹿児島県情報サービス ...","https://www.kisa.or.jp/inquiry/",4,○,○,×,○
"AI開発のノウハウを蓄積し自社製品の開発へ - Aidemy","https://business.aidemy.net/contact",6,×,○,○,○
"福岡システム開発・アプリ開発│グローバルワークス","https://gwx.co.jp/form/",5,○,○,○,○
"全国対応可能 福岡のシステム開発会社 | 業務系システム ...","https://www.iteles.co.jp/inquiry/",4,○,○,○,×
"株式会社エナシス(システム開発 福岡)","https://www.enasys.co.jp/contact/",4,○,○,×,○
"あやたかシステム開発 | 福岡 | システム開発 | オーダーメイド ...","https://www.ayataka.co.jp/contact/",4,○,○,○,×
"九州コーディシステム株式会社|九州・福岡システム開発 ...","https://qks.co.jp/contact",3,○,○,○,×
"福岡のシステム開発はアールシーネットワーク株式会社へ |It ...","https://www.rcn.co.jp/#contact",3,×,○,○,×
"株式会社サンテクノス | 福岡市 システム開発","https://santechnos.com/contact/",4,×,○,○,○
"株式会社Miaou | 福岡システム開発","https://www.miaoux2.jp/blank-2",5,○,○,○,×
"ファイルメーカー専門システム開発と技術サポート:ヨナ ...","https://www.yonah-systems.co.jp/#form",4,○,○,○,×
"福岡で、システム開発・Web制作・Itインフラ整備なら【マージ ...","https://www.merges.co.jp/contact",7,○,○,○,○
"福岡市のソフトウェア会社丨システム開発ならカラソル株式会社","https://karasol.co.jp/contact/",4,×,○,○,○
"福岡のシステム開発|株式会社スクラムソフトウェア","https://scrum-software.com/seizougyou_dx/contact/",6,○,○,○,○
"システム開発のことなら福岡のマイクロコート株式会社へ","https://www.mccweb.com/contact/",5,○,○,×,○
"福岡のシステム開発は「シェフのお任せit」 | 株式会社サイバー ...","https://www.cyberbeing.co.jp/contact",3,×,○,○,×
"アズウェル株式会社|名古屋東京大阪福岡|システム開発","https://www.as-well.co.jp/contact",5,○,○,○,○
"福岡・東京のシステム開発会社 (株)ユーフィット - 福岡・東京 ...","https://www.youfit.co.jp/contact",6,○,○,○,×
"【公式】有限会社システムハウス大浦 | 福岡市のシステム開発","https://www.system-house-ooura.co.jp/about.php#contact",5,○,○,○,×
"【公式】Ses | システム開発・システム開発集団 | 福岡 長崎 ...","https://se-system.jp/%e3%81%8a%e5%95%8f%e5%90%88%e3%81%9b%e3%83%95%e3%82%a9%e3%83%bc%e3%83%a0/",4,○,○,○,×
"株式会社ma Tec.|福岡の基幹システム開発・大規模開発なら","https://ma-tec.co.jp/contact/",5,○,○,○,○
"株式会社kasol(カーソル) | 福岡のシステム開発・アプリ開発","https://kasol.jp/contact/",3,×,○,○,×
"福岡のWebシステム開発・ホームページ制作|株式会社アウトワード","https://www.outward.jp/contact",5,○,○,○,○
"福岡のシステム受託開発|フィールドシステムズ株式会社","https://fieldsystems.co.jp/index.html#contact",4,○,○,×,×
"システム開発・受託開発(福岡・博多)|中小企業向けの業務 ...","https://hakufukusha.com/contact/",5,○,○,○,○
"株式会社アットアイパス | ソフトウェア開発 | 福岡 | Atipas","https://www.atipas.co.jp/contact/",5,○,○,○,○
"株式会社西日本システム | 北九州のソフトウェア開発 ...","https://nishinihonsystem.com/contact/",4,○,○,○,×
"北九州のシステム開発 株式会社アルテニクス","https://altenix.jp/contact",4,○,○,○,○
"ITOシステム株式会社","https://ito-system.com/contact/",4,×,○,○,×
"株式会社ぐるり 【北九州市でアプリ制作・Webシステム開発】","https://www.gururi.co.jp/#contact",3,○,○,○,×
"北九州のDX推進・システム開発を行うIT企業|インフォメックス","https://www.infomex.jp/contact-form",4,○,○,○,×
"Itシステム事業 | 事業内容 | 株式会社アクシス|福岡県北九州市 ...","https://www.axis.co.jp/contact/",5,○,○,○,○
"【福岡県】産業設備のシステム開発なら - 株式会社オーネスト","https://ohnest.co.jp/contact/",4,○,○,○,×
"エス・エス・ディー株式会社 - エス・エス・ディー株式会社は ...","https://ssd-web.co.jp/contact/",5,○,○,○,○
"""""""北九州市立大学との共同開発による""""""""手指リハビリテーション ...""""""","https://sj-sacra.jp/contact",7,○,○,○,○
"株式会社 Faサポート - 福岡県北九州市 情報システム開発 ...","https://www.fa-support.com/contact/",4,○,○,○,×
"システム日本九州株式会社","https://www.systemnihon.co.jp/form.html",5,○,○,○,○
"東京・神奈川・北九州市のシステム開発 / ホームページ制作 ...","https://kizuna-nagomi.jp/contact/",6,○,○,○,○
"求職者コース everiGo | enPiT-everi(エンピットエブリ)","https://www.enpit-everi.jp/contact/",5,○,○,○,×
"株式会社ピア | 福岡市、北九州市のシステム開発・ヘルプデスク","https://peerfuku.com/contact/",6,○,○,○,○
"会社情報 | 企業情報 | ブリヂストンソフトウェア株式会社","https://www.bsw.co.jp/contact/",5,×,○,○,○
"出欠管理システム開発(久留米大学) - 株式会社ラエン ...","https://raen.jp/contact/",6,○,○,○,×
"会社概要 | ネットワーク・ソフトウェア・映像音響 システム ...","https://www.syslabo.co.jp/contact/",5,○,○,○,×
"令和6年度入札結果 | 一般財団法人 久留米市開発公社","https://www4.city.kurume.fukuoka.jp/kaihatsu/inquiry/",3,○,○,×,×
"株式会社TASホームページ","https://tas-solutions.co.jp/contact-us/",5,○,○,○,○
"【飯塚】ソフトクリーム専門店がnewopen!だがシステムソフト ...","https://wing-r.com/contact/",5,○,○,○,×
"会社概要 - システム21","https://www.sys21.jp/contact/",5,○,○,○,○
"株式会社システムトライ|大分を拠点とするシステム開発会社","https://system-try.com/contact",5,○,○,○,×
"会社案内|会社概要 | 大分県のシステム開発・オリジナル ...","https://platz-net.co.jp/contact/",3,×,○,○,×
"業務系・Web系・工場系システム開発の株式会社ギガ・システム","https://www.giga-system.co.jp/contact",5,○,○,○,×
"Flutter (フラッター) 開発なら当社におまかせください【福岡県 ...","https://jmty.jp/fukuoka/ser-oth/article_10wzhi/inquiry",3,×,○,○,×
"会社概要 - 株式会社アジア開発貿易 ライフシステム課","https://asia-kaihatu.jimdofree.com/%E3%81%94%E7%9B%B8%E8%AB%87-%E3%81%8A%E5%95%8F%E5%90%88%E3%81%9B/",5,○,○,○,○
"佐賀県にあるNPシステム開発の選果機を調査","https://www.npsystem.co.jp/contact/",4,○,○,×,○
"イージーシステムズ株式会社 - システム開発のイージー ...","https://www.egee-systems.com/contact/",4,○,○,○,×
"システム開発のナビゲーター 名村情報システム株式会社","https://www.namurainfo.com/contact",4,×,○,○,○
"Ainetmakoto Inc. | 株式会社 アイネットマコト","https://www.anetm.com/#contact",4,×,○,○,×
"「唐津くんち」+「Aiナビ搭載」+「地域dx」曳山14台すべて ...","https://travelspot.jp/contact/",5,○,○,○,○
"会社概要・沿革|会社案内|株式会社学映システム","https://www.gakuei.co.jp/form/",5,×,○,○,×
"鳥栖市ホームページ - 株式会社システムソフトと進出協定を ...","https://www.city.tosu.lg.jp/form/detail.php?sec_sec1=7",6,○,○,○,×
"開発事例紹介|中部トスバックシステム株式会社","https://chubu-tosbac.co.jp/web/contact.html",3,○,○,×,×
"クラフトdxの株式会社みんなシステムズ | 墨田区と佐世保市の ...","https://minna-systems.co.jp/contacts/",6,○,○,○,○
"株式会社システム計装 | 長崎県佐世保市の会社です。","https://systemkeiso.com/info/home/inquiry",5,×,○,○,○
"オーシャンソリューションテクノロジー","https://www.ocean5.co.jp/contact/",4,○,○,×,○
"システム計装株式会社(制御盤の設計・製作、制御ソフトの ...","https://www.system-keiso.jp/inquiry/",4,○,○,×,○
"絆データーシステム株式会社","https://www.kizunadata.co.jp/form/kizunadata/contact",3,×,○,○,×
"Excel VBA開発を超効率化するプログラミングテクニック","https://gihyo.jp/site/inquiry/form?type=book-content&isbn=978-4-297-14023-6",3,×,○,○,×
"社会システムデザイン株式会社","https://index-group.co.jp/contact",6,○,○,○,○
"会社情報 | シナジーシステム株式会社","https://www.synergy-s.co.jp/contact/",4,×,○,○,○
"熊本市にあるソフトウェア開発会社 S・T・K株式会社","https://stk-inc.co.jp/#contact",6,○,○,○,○
"株式会社アドバンティブ|システム開発・システム ...","https://advantive.co.jp/contact.php",5,○,○,○,○
"株式会社ピタゴラ|熊本でシステム開発、セキュリティや ...","https://pita-gora.co.jp/contact/",3,○,○,○,×
"リードテックシステム株式会社 | Webシステム開発は熊本の ...","https://www.leadtecs.co.jp/contact/",6,○,○,○,○
"株式会社Lbose(エルボーズ)|熊本・東京のDX総合 ...","https://www.lbose.co.jp/contact",4,○,○,○,○
"株式会社kis | お客様のit構想企画から導入・開発・移行、運用 ...","https://www.kis.co.jp/contact/",8,○,○,○,○
"会社案内|株式会社パワーバンクシステム","https://powerbs.co.jp/contact/",5,×,○,○,○
"有明海・八代海赤潮情報システムの開発およびデータ公表について","https://agresearcher.maff.go.jp/contact",7,○,○,○,○
"株式会社ATTS|大分市萩原のシステム開発会社","https://att-sys.co.jp/contact_form/",5,○,○,○,×
"株式会社アビクリエイト|大分を拠点とするシステム開発会社","https://abi-create.co.jp/contact",5,○,○,○,×
