会社名,URL,理由
"株式会社アーバンプロジェクト","https://www.urban-project.jp/contact/",入力項目0件
"ディーエムソリューションズ株式会社","https://digital-marketing.jp/inquiry-list/contact/",入力項目0件
"""株式会社センタード (CENTERED CO.","http://www.centered.co.jp/",入力項目0件
"株式会社アドクルー","https://www.adcrew.jp/inquiry/",入力項目0件
"株式会社ウィルビー","https://willbe-inc.co.jp/contact/",入力項目0件
"株式会社Hew One's Way","https://how-inc.co.jp/contact/",入力項目0件
"株式会社ロットネスト","https://lottnest.com/contact/",入力項目0件
"株式会社フォーティファイヴ","https://www.0450.jp/contact",入力項目0件
"株式会社エフェクトプロ","https://effect-pro.co.jp/contact",入力項目0件
"株式会社Experience","https://ai-cmo.co.jp/service-contact/",入力項目0件
"株式会社日テレWands","https://ad.ntv-wands.co.jp/movie#contact",入力項目0件
"株式会社Leading Communication","https://www.le-commu.co.jp/contact/",入力項目0件
"Bancor株式会社","https://www.bancor.co.jp/contact",入力項目0件
"""and","https://and-mmm.com/youtube/",入力項目0件
"有限会社dilight","https://dilight.jp/contact/",入力項目0件
"ソリッドインテリジェンス株式会社","https://solid-i.co.jp/contact",入力項目0件
"株式会社アシタヘ","https://forms.gle/QzwBokyeAAwVNMvv7",入力項目0件
"タクシーチャンネル株式会社","https://taxi-ch.com/#link4",入力項目0件
"株式会社Lifunext","https://lifunext.com/contact/",入力項目0件
"インフォニア株式会社","https://www.infonear.co.jp/inquiry/",入力項目0件
"株式会社Logia","https://logia.jp/#",入力項目0件
"株式会社Ｋ’ｓカンパニー","https://k-s-company.co.jp/contact/",入力項目0件
"株式会社グラシズ","https://glasses-jp.com/contact/",入力項目0件
"株式会社AZ","https://azkk.co.jp/form/",入力項目0件
"株式会社basezero","https://basezero.co.jp/contact/",入力項目0件
"株式会社ユニオンネット","https://www.unionnet.jp/contact/",入力項目0件
"株式会社Next Stage","https://next-stage.biz/contact/",入力項目0件
"株式会社キーワードマーケティング","https://www.kwm.co.jp/contact/",入力項目0件
"株式会社クリエル","https://www.creal.co.jp/inquiry/",入力項目0件
"株式会社Rabo","https://r-abo.com/contact/",入力項目0件
"株式会社クリーク・アンド・リバー社","https://www.cri.co.jp/contact/",入力項目0件
"株式会社アンダーバー","https://www.underbar-inc.com/contact/",入力項目0件
"株式会社イード","https://www.iid.co.jp/contact/",入力項目0件
"株式会社Natee","https://natee.jp/contact",入力項目0件
"株式会社デジタルトレンズ","https://dgtrends.com/contact/",入力項目0件
"GMOインターネット株式会社","https://group.gmo/contact/",入力項目0件
"デジタル・アドバタイジング・コンソーシアム株式会社","https://www.hakuhodody-one.co.jp/contact/",入力項目0件
"株式会社ジー・サーチ","https://www.g-search.jp/contact/",入力項目0件
"株式会社ギャプライズ","https://www.gaprise.com/contact",入力項目0件
"株式会社Shift","https://shift-web.co.jp/pages/contact",入力項目0件
"株式会社ベルウェール渋谷","https://www.bellwell.com/contact/",入力項目0件
"株式会社エイゼップ","https://azepp.co.jp/#contact",入力項目0件
"株式会社ミルゲート","https://www.mirugate.co.jp/contact/",入力項目0件
"株式会社インフォネット","https://www.e-infonet.jp/contact/",入力項目0件
"株式会社旭広告社","https://asahi-ad.co.jp/contact/",入力項目0件
"株式会社 オーツー","http://www.oo-2.com/cgi/contact.html",入力項目0件
"株式会社東急エージェンシー","https://www.tokyu-agc.co.jp/contact",入力項目0件
"株式会社 CIN GROUP","https://cin-group.com/contact/",入力項目0件
"株式会社Motch me","https://motchme.com/#contact",入力項目0件
"株式会社スターズテック","https://stars-tech.jp/contact/",入力項目0件
"アナグラム株式会社","https://anagrams.jp/contact/",入力項目0件
"デジマール株式会社","https://digimarl.com/contact/",入力項目0件
"株式会社アップデイト","https://up-date.ne.jp/contact",入力項目0件
"株式会社インクローバー","https://www.inclover-inc.com/#global-contact",入力項目0件
"株式会社トップ広告社","https://www.top-ad.co.jp/contact/",入力項目0件
"株式会社サイネックス","https://www.scinex.co.jp/advertisement/",入力項目0件
"有限会社TKT","https://www.tkt-group.jp/%e3%81%8a%e5%95%8f%e3%81%84%e5%90%88%e3%82%8f%e3%81%9b/",入力項目0件
"株式会社ムサシノ広告社","https://www.musashino-ad.co.jp/ask/",入力項目0件
"WEBOSS株式会社","https://weboss.co.jp/contact/",入力項目0件
"株式会社ぱむ","https://digitalidentity.co.jp/contact/",入力項目0件
"株式会社LIG","https://liginc.co.jp/contact",入力項目0件
"株式会社クローバーグラフィック","https://clover-g.com/contact",入力項目0件
"株式会社プラスイー","https://plus-e.info/contact/",入力項目0件
"株式会社アドシップ","https://adcip.com/contact/",入力項目0件
"株式会社 表参道アド","https://www.omo-ad.co.jp/contact.php",入力項目0件
"アイハーツ株式会社","https://www.i-hearts.jp/contact.html",入力項目0件
"株式会社アド・スーパー・ブレーン","https://adsb.jp/contact/",入力項目0件
"株式会社アクティブフェローズ","https://www.a-fellows.co.jp/contact.html",入力項目0件
"株式会社プロデュース・プロ","https://produce-pro.co.jp/contact/",入力項目0件
"株式会社モバイルムーブメント","https://www.mobilemovement.co.jp/contact-us/",入力項目0件
"株式会社アレグレット","https://www.alg.gs/contact.html.html",入力項目0件
"株式会社アミューズエージェンシー","https://www.amuseagency.com/#contact",入力項目0件
"株式会社マーケットネットワーク","https://www.market-n.co.jp/contact",入力項目0件
"株式会社鉄道広告","https://www.tetsudo-ad.co.jp/contact/",入力項目0件
"株式会社シロク","https://form.jotform.com/241912507789062",入力項目0件
"GLOCALIZER株式会社","https://gclizer.com/contact",入力項目0件
"株式会社Threeq","https://www.threeq.biz/",入力項目0件
"株式会社フルスピード","https://www.fullspeed.co.jp/contact/",入力項目0件
"ブランディングテクノロジー株式会社","https://www.branding-t.co.jp/contact/",入力項目0件
"株式会社ユニアド","https://www.uniad.co.jp/contact",入力項目0件
"ブルースクレイ・ジャパン株式会社","https://bruceclay.jpn.com/contact-form/",入力項目0件
"株式会社グローバルリンクジャパン","https://www.smmj.jp/%e3%81%8a%e5%95%8f%e3%81%84%e5%90%88%e3%82%8f%e3%81%9b/",入力項目0件
"Mattrz株式会社","https://mattrz.co.jp/contact/service",入力項目0件
"株式会社コムニコ","https://www.comnico.jp/inquiry-hub",入力項目0件
"株式会社Acsport","https://medical.acsport.net/consultation_contact/",入力項目0件
"株式会社PA Communication","https://www.pa-c.co.jp/contact/",入力項目0件
"株式会社インタースペース","https://www.interspace.ne.jp/contact/",入力項目0件
"株式会社第一エージェンシー","https://www.dia.ne.jp/contact/",入力項目0件
"リビン・テクノロジーズ株式会社","https://www.lvn.co.jp/contact/",入力項目0件
"株式会社フジプロ","https://www.fujipro-inc.com/contact/",入力項目0件
"株式会社イーライフ","https://www.e-life.co.jp/form/",入力項目0件
"株式会社J・Grip","https://www.jgrip.co.jp/#form",入力項目0件
"株式会社アカネソリューションズ","https://www.akane.co.jp/contact/",入力項目0件
"東栄広告株式会社","https://www.toei-ad.jp/contact/",入力項目0件
"株式会社サイバーエージェント","https://www.cyberagent.co.jp/contact/",入力項目0件
"株式会社オプト","https://www.opt.ne.jp/contact",入力項目0件
"株式会社アドウェイズ","https://www.adways.net/inquiry.html",入力項目0件
"株式会社ファンコミュニケーションズ","https://www.fancs.com/contact",入力項目0件
"バリューコマース株式会社","https://www.valuecommerce.co.jp/contact/",入力項目0件
"株式会社アイモバイル","https://www.i-mobile.co.jp/inquiry.html",入力項目0件
"株式会社All Ads","https://www.net-marketing.co.jp/contact/",入力項目0件
"デジタルフィールド株式会社","https://www.digitalfield.co.jp/form/contact.html",入力項目0件
"スリーカウント株式会社","https://www.three-count.jp/inquiry/",入力項目0件
"株式会社イコールズ","https://equals.co.jp/contact/",入力項目0件
"株式会社ND&I","https://www.n-di.co.jp/form/index.html",入力項目0件
"株式会社ジェイアール東日本企画","https://www.jeki.co.jp/contact/",入力項目0件
"株式会社　日本経済社","https://www.nks.co.jp/inquiry/",入力項目0件
"株式会社朝日広告社","https://www.asakonet.co.jp/inquiry/",入力項目0件
"株式会社メディアリンク","https://www.medialink-net.com/translation/contact.html",入力項目0件
"株式会社REALMS","https://realms.co.jp/inquiry/",入力項目0件
"クロスワーク株式会社","https://www.crosswork.jp/contact",入力項目0件
"株式会社アトルクス","https://www.attolux.co.jp/contact",入力項目0件
"株式会社シード","https://www.seedinc.jp/contact/",入力項目0件
"株式会社プリッジ","https://www.puridge.co.jp/contact/",入力項目0件
"株式会社デジタルホールディングス","https://digital-holdings.co.jp/contact",入力項目0件
"株式会社メディックス","https://www.medix-inc.co.jp/contact/",入力項目0件
"株式会社エクスコア","https://www.xscore.co.jp/contact/",入力項目0件
"株式会社Hakuhodo DY ONE","https://www.hakuhodody-one.co.jp/contact/",入力項目0件
"株式会社アリス","https://www.alice-ds.com/email/mail/form.cgi",入力項目0件
"株式会社ハマ企画","https://hamakikaku.co.jp/inquiry20230414nosalea",入力項目0件
"株式会社PLAN-B","https://www.plan-b.co.jp/contact/",入力項目0件
"グリーン株式会社","https://www.m-green.co.jp/contact/",入力項目0件
"株式会社GPC","https://hpbiz.biz/contactus/?=ppc",入力項目0件
"株式会社シーエムエー","https://www.akindo2000.net/contact/",入力項目0件
"株式会社電通","https://www.dm-c.co.jp/contact/",入力項目0件
"株式会社 博報堂","https://www.hakuhodo.co.jp/inquiry/",入力項目0件
"株式会社inglow","https://inglow.jp/contact/",入力項目0件
"株式会社ゴリラウェブ","https://www.gorilla-web.net/contact/web/",入力項目0件
"株式会社ライオンハート","https://www.lionheart.co.jp/contact/",入力項目0件
"株式会社バリューエージェント","https://valueagent.co.jp/form_contact",入力項目0件
"ドンマイ株式会社","https://www.donmai.osaka/contact-us/",入力項目0件
"有限会社WINKS","https://www.winks.jp/contact/",入力項目0件
"株式会社スゴヨク","https://sugoyoku.com/contact/",入力項目0件
"株式会社レッドキリン","https://www.redkirin.co.jp/contact/",入力項目0件
"マーケティングプラス株式会社","https://plusline-nagoya.jp//contact/",入力項目0件
"株式会社コスモブレインズ","https://www.webplus-listing.com/inquiry/",入力項目0件
"株式会社アサヒコミュニケーションズ","https://www.asahi-com.net/inquiry/",入力項目0件
"アイ・ドリームフューチャー株式会社","https://i-df.jp/contact/",入力項目0件
"株式会社リーディング・ソリューション","https://www.leading-solutions.co.jp/inquiry/",入力項目0件
"シンフォニーマーケティング株式会社","https://www.symphony-marketing.co.jp/contact/",入力項目0件
"シナジーマーケティング株式会社","https://form.synergy-marketing.co.jp/webapp/form/18784_mubb_8/index.do",入力項目0件
"EBA株式会社","https://ebacorp.jp/form/",入力項目0件
"株式会社ココラブル","https://www.cocolable.co.jp/contact/",入力項目0件
"株式会社トーチライト","https://torchlight.co.jp/inquiry/",入力項目0件
"株式会社いつも","https://itsumo365.co.jp/contact/",入力項目0件
"株式会社インフィニティエージェント","https://infinity-agent.co.jp/contact",入力項目0件
"株式会社bサーチ","https://www.bsearch.co.jp/contact",入力項目0件
"株式会社Geolocation Technology","https://www.geolocation.co.jp/contact/",入力項目0件
"株式会社デザインスタジオフェニックス","https://phoenixdesign.jp/contact",入力項目0件
"株式会社クロスデバイス","https://www.crossdevice.co.jp/contact/",入力項目0件
"杉山メディアサポート株式会社","https://www.sugiyama-ms.co.jp/contact/",入力項目0件
"株式会社ゼンリン東海","https://zenrin-tokai.co.jp/contact/",入力項目0件
"株式会社アプライズ","https://www.aprise.co.jp/inquiry/",入力項目0件
"アーガイル株式会社","https://argyle.jp/contact.html",入力項目0件
"株式会社wevnal","https://wevnal.io/contact",入力項目0件
"株式会社Zucks","https://zucks.co.jp/contact/",入力項目0件
"株式会社創工社","https://www.soukou.net/contact/",入力項目0件
"有限会社おむろアカデミー","https://print-ichiba.jp/contact/",入力項目0件
"株式会社 ALL WEB CONSULTING","https://form.k3r.jp/awc2020/contact",入力項目0件
"株式会社sizebook","https://sizebook.co.jp/contact.html",入力項目0件
"株式会社マーケティングブレイン","https://www.marketing-brain.jp/contact",入力項目0件
"ブルーフェザー株式会社","https://www.bluefeather.co.jp/#foot_contact",入力項目0件
"イー・ガーディアン株式会社","https://www.e-guardian.co.jp/inquiry/",入力項目0件
"株式会社リザービア","https://rsvia.co.jp/webapp/form/",入力項目0件
"株式会社山梨ニューメディアセンター","https://www.y-nmc.jp/contact/",入力項目0件
"株式会社カプセル","https://capsulegraphics.jp/inquiry/",入力項目0件
"株式会社アクル","https://form.run/@akuru-contact",入力項目0件
"アタラ合同会社","https://www.atara.co.jp/contact",入力項目0件
"Repro株式会社","https://repro.io/contact/",入力項目0件
"株式会社きびだんご","https://kibidan-go.co.jp/contact",入力項目0件
"株式会社ショウワコーポレーション","https://www.shouwa.net/contact",入力項目0件
"株式会社みうら","https://okhp.jp/%e5%95%8f%e3%81%84%e5%90%88%e3%82%8f%e3%81%9b/",入力項目0件
"株式会社新大陸","https://shintairiku.jp/contact",入力項目0件
"株式会社NOKIOO","https://nokioo.jp/contact",入力項目0件
"株式会社デジタルアイデンティティ","https://digitalidentity.co.jp/contact/",入力項目0件
"株式会社J・Gripマーケティング","https://jgrip-marketing.co.jp/contact-form",入力項目0件
"株式会社プロモスト","https://www.promost.co.jp/contact/",入力項目0件
"株式会社サイバー・バズ","https://www.cyberbuzz.co.jp/contact/ir/",入力項目0件
"株式会社デイリースポーツ案内広告社","https://daily-ad.jp/contact/",入力項目0件
"株式会社ユニークワン","https://unique1.co.jp/contact/",入力項目0件
"株式会社DreamLab","https://dlab-inc.jp/contact/",入力項目0件
"株式会社GIコンサルティングパートナーズ","https://gicp.co.jp/contact/",入力項目0件
"株式会社トライハッチ","https://meo.tryhatch.co.jp/lp/#form-contact",入力項目0件
"プラスファクトリー株式会社","https://m-p-h.jp/contact/",入力項目0件
"i-SHOT株式会社","https://medifund.jp/contact/",入力項目0件
"株式会社ジオコード","https://www.geo-code.co.jp/contact/",入力項目0件
"株式会社梃","https://teco-inc.jp/contact/",入力項目0件
"GH株式会社","https://www.ghjapan.jp/contact",入力項目0件
"ビックマック株式会社","https://big-mac.co.jp/contact/",入力項目0件
"株式会社ジーニアスウェブ","https://www.genius-web.co.jp/contact/",入力項目0件
"株式会社アクシス","https://www.axis-corp.com/contact?hsLang=ja",入力項目0件
"株式会社イーエックス","https://www.ex-company.jp/contact",入力項目0件
"株式会社めぐみや","https://megumiya.biz/contact/",入力項目0件
"ギガフォレスト株式会社","https://www.gigaforest.com/contact/",入力項目0件
"株式会社 東洋","https://toyo-group.co.jp/inquiry/",入力項目0件
"テクノポート株式会社","https://techport.co.jp/contact/",入力項目0件
"アユダンテ株式会社","https://twdesk.com/contact/",入力項目0件
"株式会社リアクセル","https://reaxel.co.jp/contact",入力項目0件
"株式会社アド・クリーク","https://adclique.com/inquiry/form.php",入力項目0件
"株式会社KOSHIKI","https://koshikiad.com/contact/",入力項目0件
"Sincere Japan株式会社","https://sincerejp.com/mail/",入力項目0件
"株式会社IA","https://ia.am/contact/",入力項目0件
"株式会社Soelu","https://simple-alpha.com/contact/",入力項目0件
"株式会社静岡リリース","https://shizuokarelease.jp/contact/",入力項目0件
"MARQS株式会社","https://marqs.co.jp/contact/",入力項目0件
"サムライト株式会社","https://form.k3r.jp/somewrite/contact",入力項目0件
"オーパスプラン有限会社","https://opus-plan.net/contact",入力項目0件
"株式会社TREVO","https://www.trevo-graphic.com/contact/",入力項目0件
"株式会社クロト","https://www.clo-tho.com/info/index.html",入力項目0件
"株式会社バリュー・パートナーズ","https://valuepartners.co.jp/inquiry/",入力項目0件
"ヒラクト株式会社","https://hiract.jp/contact",入力項目0件
"株式会社アコースティック","https://acoustics.co.jp/cform/",入力項目0件
"株式会社PTOK","https://ptok-consulting.co.jp/contact.html",入力項目0件
"サクテキ株式会社","https://55auto.biz/sakuteki/registp/entryform3.htm",入力項目0件
"株式会社ギガエージェント","https://gigaajent.com/contact/",入力項目0件
"有限会社ウエスト","https://web.tsukuredasu.com/contact/",入力項目0件
"株式会社シナリオプランニング","https://www.scenario-planning.co.jp/form.php",入力項目0件
"STAR株式会社","https://star-inc.co/contact/",入力項目0件
"アートワークス合同会社","http://www.art-works-ad.com/contact/",入力項目0件
"アドリブ株式会社","https://www.adliv.co.jp/contact/",入力項目0件
"N-STYLES株式会社","https://www.ns3.co.jp/#nsform",入力項目0件
"株式会社アレンジピース","https://a-piece.co.jp/contact/",入力項目0件
"ウミガメ株式会社","https://umy-game.com/contact/",入力項目0件
"株式会社SBSプロモーション","https://ad.sbs-promotion.co.jp/contact/",入力項目0件
"株式会社ナハト","https://nahato.co.jp/contact",入力項目0件
"マザーハンズ株式会社","https://m-hands.net/contact/",入力項目0件
"株式会社ハピスキ","https://hapisuki.co.jp/contact",入力項目0件
"ダイア株式会社","https://www.dia-neo.com/contact/",入力項目0件
"株式会社SEMエージェンシー","https://sem-agency.co.jp/contact/",入力項目0件
"株式会社セプテーニ・ホールディングス","https://www.septeni-holdings.co.jp/contact/",入力項目0件
"株式会社STSデジタル","https://sts-d.com/contact/",入力項目0件
"株式会社レジット","https://www.legit.co.jp/contact/",入力項目0件
"株式会社インフォキュービック・ジャパン","https://go.infocubic.co.jp/l/553172/2025-06-26/n6hlqm",入力項目0件
"リンクシェア・ジャパン株式会社","https://www.linkshare.ne.jp/inquiry/",入力項目0件
"GMO NIKKO株式会社","https://www.koukoku.jp/contact/",入力項目0件
"ナイル株式会社","https://nyle.co.jp/ir/contact",入力項目0件
"SEO株式会社","https://www.seo-kk.jp/quote.php",入力項目0件
"株式会社アイビス","https://ibis.jp/contact/",入力項目0件
"株式会社イーナチュラル","https://www.enatural.co.jp/contact/",入力項目0件
"株式会社プロモ・ラボ","https://www.promolab.jp/seminar/tokyo20190530.html",入力項目0件
"株式会社ライフマップ","https://lifemap.jp/contact/",入力項目0件
"株式会社プロモ","https://www.promo-ad.co.jp/contact/",入力項目0件
"株式会社大阪朝日広告社","https://www.o-asako.com/contact.html",入力項目0件
"有限会社CommandA","https://www.command-a.jp/contact.html",入力項目0件
"ARIO株式会社","https://www.arionet.jp/contact",入力項目0件
"株式会社アドバンス","https://www.advance.ws/information/contact/",入力項目0件
"株式会社光洋通信","https://www.koyo-ad.jp/contact/",入力項目0件
"株式会社オールライト","https://www.allright.co.jp/form",入力項目0件
"インクルード・コミュニケーションズ株式会社","https://includecom.co.jp/contact.html",入力項目0件
"株式会社電通デジタル","https://www.dentsudigital.co.jp/contact",入力項目0件
"GMO TECHホールディングス株式会社","https://hd.gmotech.jp/contact/",入力項目0件
"株式会社スペースシップ","https://www15.webcas.net/form/pub/ns/inquiry",入力項目0件
"株式会社イオレ","https://www.eole.co.jp/ir/inquiry/",入力項目0件
"株式会社カナオリ","https://kanaori.com/contact/",入力項目0件
"株式会社Catch the Web","https://www.catch-the-web.com/contact/?ref=ctw-header",入力項目0件
"日本アート株式会社","https://www.nipponart-p.co.jp/cgi-bin/contact/form.cgi",入力項目0件
"a-works株式会社","https://www.a-works.asia/contact/",入力項目0件
"株式会社ティーエフアライアンス","https://www.trustspell.com/contact.html",入力項目0件
"株式会社フリースタイルエンターテイメント","https://www.freestyle-entertainment.co.jp/contact/service/",入力項目0件
"株式会社マイティーエース","https://mightyace.co.jp/contact/",入力項目0件
"株式会社グレート・ビーンズ","https://gb-jp.com/contact",入力項目0件
"株式会社プロトソリューション","https://www.protosolution.co.jp/contact/",入力項目0件
"クオンツデザイン","https://quantsdesign.com/form/",入力項目0件
"株式会社アイアンドシーパートナーズ","https://www.iandc.jp/contact/",入力項目0件
"株式会社パフォーマンス・エージェンシー","https://www.performance-agency.co.jp/contact",入力項目0件
"プログレ","http://www.progrey.com/contact.html",入力項目0件
"株式会社ジェイツ・コンプレックス","https://www.j2complex.co.jp/inquiry/",入力項目0件
"株式会社CBCコミュニケーションズ","https://www.instagram.com/ccom.sns2024/",入力項目0件
"株式会社ループス・コミュニケーションズ","https://looops.net/?page_id=205",入力項目0件
"株式会社クイックリー","https://quickly.co.jp/contact/",入力項目0件
"株式会社ライトアップ","https://www.writeup.jp/contact/",入力項目0件
"アグザルファ株式会社","https://www.axalpha.com/contact/",入力項目0件
"kots","https://kots.jp/contact/",入力項目0件
"株式会社エムフロ","https://www.mfro.net/contact/",入力項目0件
"株式会社Union","https://union-company.jp/contact/",入力項目0件
"株式会社 アドプレックス","https://www.adplex.co.jp/contact/",入力項目0件
"株式会社ブレイク・フィールド社","https://breakfield.co.jp/contact/",入力項目0件
"""アウンタイラボラトリーズ (AUN Thai laboratories Co.","https://seo-web.aun-thai.co.th/ja/",入力項目0件
"シューキャク・マン株式会社","https://sk-man.co.jp/inquiry",入力項目0件
"株式会社これから","https://corekara.co.jp/contact/",入力項目0件
"株式会社ウィンキューブホールディングス","https://kudokenn.com/contact/",入力項目0件
"合同会社ビーエイチ","https://bhllc.co.jp/contact/",入力項目0件
"株式会社ParaWorks","https://paraworks.jp/services/clinic-click/#contact",入力項目0件
"アークワードコンサルティング株式会社","https://arcward-c.co.jp/contact-form/",入力項目0件
"株式会社ユナイテッドリバーズ","https://united-rivers.com/houjin/contact/",入力項目0件
"株式会社デジボ","https://dg-b.com/#contact",入力項目0件
"株式会社 IGNITE","https://igni7e.jp/contact",入力項目0件
"株式会社そばに","https://sobani.co.jp/contact/",入力項目0件
"リバティーンズ株式会社","https://liberteenz.jp/contact",入力項目0件
"株式会社スターガレージ","https://stargarage.jp/contact/",入力項目0件
"Pangaea株式会社","https://pangaea.co.jp/contact/",入力項目0件
"株式会社ティ・シー・シー","https://www.tcc.works/contact-input",入力項目0件
"株式会社ハジメクリエイト","https://hajimecreate.com/contact/",入力項目0件
"株式会社アイズ","https://www.eyez.jp/inquiry/",入力項目0件
"株式会社ダブルループ","https://doubleloop.co.jp/contact/",入力項目0件
"neeez株式会社","https://neeez.co.jp/contact/",入力項目0件
"株式会社STABBLE","https://stabble.biz/contact/",入力項目0件
"株式会社YsLink","https://ys-link.co.jp/contact/",入力項目0件
"株式会社Wiz","https://012grp.co.jp/contact",入力項目0件
"合同会社SNAPLACE","https://snaplace.biz/totalrequest/",入力項目0件
"株式会社ドットコム・マーケティング","https://www.com-m.com/contact",入力項目0件
"株式会社フリースクエア","https://freesquare.co.jp/contact/",入力項目0件
"株式会社イミューゼン","https://imuzen.com/contact.html",入力項目0件
"株式会社LIFE PEPPER","https://www.lifepepper.co.jp/contact/",入力項目0件
"株式会社ヒロタケ","https://hirotake.co.jp/#form",入力項目0件
"リベラ株式会社","https://libera-inc.jp/contact/",入力項目0件
"株式会社クロスバズ","https://x-buzz.co.jp/contact",入力項目0件
"アドマノ株式会社","https://admano.co.jp/contact/",入力項目0件
"株式会社ニット","https://knit-inc.com/contact/",入力項目0件
"株式会社MARUKIN","https://marukincreate.com/contact",入力項目0件
"株式会社タイムスアドネクスト","https://times-adnext.co.jp/form/contact/",入力項目0件
"株式会社ビッグオアシス","https://big-oasis.com/contact/",入力項目0件
"デア株式会社","https://kotsu-hp.com/contact",入力項目0件
"株式会社イーエーシー","https://eac711.com/contact/",入力項目0件
"株式会社グラタス","https://gratus.co.jp/contact/",入力項目0件
"株式会社サムシングファン","https://www.somethingfun.co.jp/cv-test?c=wf02933053&slug=home",入力項目0件
"株式会社ルーパス","https://www.loopus.co.jp/contact.html",入力項目0件
"株式会社スタイリスト","https://stylist-ec.com/contact",入力項目0件
"株式会社アンモナイトワークス","http://www.ammonite-works.com/#contact",入力項目0件
"株式会社産案","https://www.san-an.co.jp/contact.html",入力項目0件
"株式会社オーリーズ","https://allis-co.com/contact",入力項目0件
"株式会社グッドクリエイト","https://www.gc-c.co.jp/contact_us/",入力項目0件
"リンヤ株式会社","https://rinya.co.jp/contact",入力項目0件
"株式会社pamxy","https://pamxy.co.jp/contact/",入力項目0件
"株式会社H2Technology","https://smart-meo.com/contact/",入力項目0件
"株式会社CFPコンサルティング","https://cfp-consulting.co.jp/contact/",入力項目0件
"株式会社ブラーヴォ","https://www.bra-vo.co.jp/contact/",入力項目0件
"合同会社フィット","https://hp-seisaku.fukuoka.jp/form1/form1.html",入力項目0件
"株式会社Total Art Development","https://www.bengoshi-web.com/contact/index.php",入力項目0件
"株式会社Clamppy","https://clamppy.jp/contact/",入力項目0件
"シャトルロックジャパン株式会社","https://www.shuttlerock.co.jp/contact/",入力項目0件
"株式会社ハーマンドット","https://hermandot.co.jp/contact",入力項目0件
"株式会社SBMコンサルティング","https://sbmconsul.co.jp/contact/",入力項目0件
"JUTOU株式会社","https://ju-tou.net/contact/",入力項目0件
"福博印刷株式会社","https://www.ding.co.jp/contact/",入力項目0件
"株式会社ワンプルーフ","https://www.one-proof.co.jp/contact",入力項目0件
"株式会社SUNSHINE WORKS","https://sunshine-works.co.jp/contact/",入力項目0件
"株式会社オービィ","https://orby.jp/contact/",入力項目0件
"合同会社Fellpule Soars","https://fellpule-soars.com/contact",入力項目0件
"メディカルウェブステージ/ステージグループ","https://www.medicalwebstage.jp/contact/",入力項目0件
"Edv Future株式会社","https://edufuture.co.jp/contact/",入力項目0件
"株式会社TecFound","https://www.tec-found.com/contact",入力項目0件
"J-wire株式会社","https://j-wire.info/?page_id=1484",入力項目0件
"株式会社エッジ","https://www.mark-edge.com/contact",入力項目0件
"株式会社ラビットクリエイティブ","https://rabbitc.co.jp/contact/",入力項目0件
"株式会社FastMotion","https://fastmotion.biz/contact/",入力項目0件
"株式会社MakeBoom","https://makeboom.jp/top/contact/",入力項目0件
"株式会社CACTAS","https://cactas.co.jp/contact/",入力項目0件
"株式会社プレテイク","https://pretake.jp/contact",入力項目0件
"株式会社 アトムストーリー","https://atom-story.com/contact/",入力項目0件
"ロケットスタッフ株式会社","https://rocketstaff.com/contact",入力項目0件
"株式会社ナインピース","https://9-piece.com/inquiry/",入力項目0件
"株式会社スクリューアドベント","https://screwadvent.co.jp/contact",入力項目0件
"株式会社 Lavan7","https://ma-seisaku.com/what.html",入力項目0件
"Supership株式会社","https://materialdigital.jp/common_contact/",入力項目0件
"株式会社Muve Creations（ムーブクリエイション）","https://muve.co.jp/contact/",入力項目0件
"株式会社 Global Japan Corporation","https://gjc.me/contact/",入力項目0件
"アクセンチュア株式会社","https://www.accenture.com/jp-ja/about/contact-us",入力項目0件
"株式会社アサヒマーケティング","https://www.yamagata-pamphlet-design.com/contact/",入力項目0件
"株式会社トミーズコーポレーション","https://www.tmys.co.jp/contact",入力項目0件
"株式会社ワイズクリエイティブファクトリー","https://www.yscf.jp/contact/",入力項目0件
"株式会社実業広告社","https://www.jitugyo-ad.com/cgi-bin/contact/",入力項目0件
"株式会社SESH","https://sesh.co.jp/inquiry",入力項目0件
"株式会社ゴッタライド","https://www.gotta-ride.com/contact/",入力項目0件
"Web制作デザイン Fair Life","https://makersmark.co.jp/contact/",入力項目0件
"有限会社デジタルスカイ","https://www.d-sky.jp/infomation.html",入力項目0件
"クリエイトデザイン株式会社","https://www.websta.biz/contact.html",入力項目0件
"株式会社GOWEB","https://goweb.jp/contact/",入力項目0件
"株式会社J-FIELD（ジェイフィールド）","https://www.js-biz.net/contact/",入力項目0件
"株式会社KLEE","https://kleedesign.jp/contact",入力項目0件
"株式会社NET.COM","https://netcom-net.com/contact",入力項目0件
"株式会社ウェブエイト","https://www.web8.co.jp/#inquiry",入力項目0件
"株式会社セブンデザイン","https://www.sevendesign.biz/contact/",入力項目0件
"株式会社ニジモ","https://breathq.jp/contact/",入力項目0件
"株式会社ネコシステム","https://www.neko-system.com/otoiawase/index.html",入力項目0件
"株式会社ヒューコネクト","https://www.hu-connect.co.jp/contact/",入力項目0件
"株式会社リアルファイン","https://www.realfine.co.jp/contact/",入力項目0件
"株式会社リメディア","https://www.remedia.co.jp/contact/",入力項目0件
"株式会社ロカオプいろは","https://www.locaop-iroha.co.jp/contact/",入力項目0件
"有限会社エムジーエム","https://www.mgm-design.jp/contact/",入力項目0件
"有限会社エムリンク","https://www.m-linknet.co.jp/inquiry/",入力項目0件
"有限会社タロウズ","https://www.tarrows.jp/contact/index.html",入力項目0件
"株式会社ネオインデックス","https://www.neoindex.co.jp/ask/",入力項目0件
"株式会社ハイファイブ","https://www.hi5.jp/contact/",入力項目0件
"株式会社 フューチャー","https://customer-attraction-a.hu-web-campaign-lp.com/office_contact/",入力項目0件
"株式会社デッセウェブ","https://desse-web.com/contact/",入力項目0件
"株式会社エムハンド","https://www.m-hand.co.jp/contact/",入力項目0件
"株式会社ジーケーライン","https://www.gkline.co.jp/contact/",入力項目0件
"株式会社アイプレス","https://www.i-press.jp/contact.html",入力項目0件
"株式会社アビリブ","https://www.ab-net.co.jp/contact/",入力項目0件
"株式会社サムライ","https://www.samurai86.net/contact",入力項目0件
"株式会社アババイ","https://ababai.co.jp/contact",入力項目0件
"ベイクロスマーケティング株式会社","https://www.baycross.jp/contact",入力項目0件
"株式会社クロスウィッシュ","https://www.crosswish.com/contact/",入力項目0件
"株式会社スプリングブレス","https://www.springbless.com/form/index.html",入力項目0件
"株式会社あとらす二十一","https://at21.jp/inquiry/input.html",入力項目0件
"株式会社商藝舎 MBM事業部","https://www.maybmarch.com/#contact",入力項目0件
"株式会社リッチオール","https://www.richall.jp/inquiry.html",入力項目0件
"株式会社第一製版印刷","https://www.jprint.co.jp/contact.html",入力項目0件
"株式会社アッシェ","https://ashe.co.jp/contact/",入力項目0件
"Zenken株式会社","https://www.zenken.co.jp/contact/",入力項目0件
"株式会社ビーズクリエイト","https://www.bscre8.com/contact",入力項目0件
"株式会社スマイルファーム","https://smile-farm.co.jp/contact/",入力項目0件
"株式会社ネットインパクト","https://www.netimpact.co.jp/form/",入力項目0件
"イーラ株式会社","https://www.e-la.jp/contact",入力項目0件
"株式会社日宣メディックス","https://nissenmedix.co.jp/contact",入力項目0件
"株式会社ベルテクノス","https://www.bell-group.co.jp/contact/",入力項目0件
"株式会社創","https://www.soh.link/inq/",入力項目0件
"株式会社イーグリッド","https://www.e-grid.co.jp/contact/",入力項目0件
"GMOコマース株式会社","https://ir.gmoc.jp/contact/",入力項目0件
"株式会社アントロワ","https://untrois.co.jp/#contact",入力項目0件
"株式会社キャブ","https://www.cab-net.jp/inquiry/",入力項目0件
"株式会社アザナ","https://azana.co.jp/contact/",入力項目0件
"株式会社エクスフィールド","https://ex-field.co.jp/contact-input/",入力項目0件
"高陽株式会社","https://clinicl.com/inquiry/",入力項目0件
"株式会社PUBLIC","https://marketing.hiroshima.jp/contactus/",入力項目0件
"株式会社クラビズ","https://kurabiz.jp/contact",入力項目0件
"株式会社monomode","https://monomode.co.jp/contact",入力項目0件
"株式会社スクラップデザイン","https://frida-studio.com/contact/",入力項目0件
"株式会社アドダス","https://addas.jp/contact/",入力項目0件
"有限会社アイクリック","https://www.iclick.co.jp/contact.html",入力項目0件
"有限会社ピーシーレスキュー","https://www.pcrescue.co.jp/contact.shtml",入力項目0件
"株式会社アイリーラボ","https://www.aily-lab.co.jp/contact/",入力項目0件
"ラフデザイン 株式会社","https://lafdesign.co.jp/contact",入力項目0件
"株式会社ネオコネクト","https://cnct-seo.com/contact/contact.php",入力項目0件
"株式会社バンラボ","https://kiseki-net.net/contact",入力項目0件
"フォアフロント株式会社","https://ffront.net/contact/",入力項目0件
"S&Eパートナーズ株式会社","https://seo-best.jp/inquiary/",入力項目0件
"株式会社ハッスルウェブ","https://hustle-web.com/contact/",入力項目0件
"株式会社ユニティーサービス","https://seo-unity.com/inq/index.html",入力項目0件
"株式会社 サイバーアクセル・アドバイザーズ","https://www.ca-advisors.co.jp/contact/",入力項目0件
"ライフスタイル株式会社","https://lstyle.co.jp/contact/",入力項目0件
"株式会社Kipply（キプリィ）","https://www.kipply.co.jp/contact/",入力項目0件
"株式会社ヒューバート","https://www.hubert.co.jp/#contact",入力項目0件
"株式会社ポータルズ","https://www.portals.co.jp/contactus/",入力項目0件
"株式会社大信ＳＥ","https://tokyo.daishin-ad.com/contact/",入力項目0件
"キグナスインターネット株式会社","https://ardem.co.jp/contact",入力項目0件
"株式会社シェアスタック","https://www.surestack.net/contact",入力項目0件
"株式会社イノーバ","https://innova-jp.com/p-contact",入力項目0件
"株式会社KAI","https://fudosan.in.net/form/",入力項目0件
"株式会社ループドライブ","https://www.loopdrive.co.jp/%E3%81%8A%E5%95%8F%E3%81%84%E5%90%88%E3%82%8F%E3%81%9B/",入力項目0件
"株式会社西日本新聞メディアラボ","https://www.medialab.co.jp/contact/",入力項目0件
"@WEB屋 シルフィード","https://sylpheed.biz/contact.html",入力項目0件
"株式会社博士.com","https://www.j-s-p.com/contact_form/",入力項目0件
"ツギノテ合同会社","https://tuginote.co.jp/contact/",入力項目0件
"合同会社グラフブース","https://graphbooth.com/contact",入力項目0件
"サンアド株式会社","https://sanad.jp/?page_id=20",入力項目0件
"株式会社ビザビ","https://www.vis-a-vis.co.jp/contact/",入力項目0件
"株式会社オフィスプルーフ","https://proof.co.jp/contact/",入力項目0件
"株式会社フルアウト","https://docs.google.com/forms/d/e/1FAIpQLSfCAvvXqRhaY1wEbdtxzdotUJ452_w-MnArg8LWMuD2DceZ7A/viewform?vc=0&c=0&w=1&flr=0",入力項目0件
"株式会社プリンシプル","https://www.principle-c.com/contact/",入力項目0件
"サンゼンデザイン株式会社","https://www.sanzen-design.jp/voice/p2675",入力項目0件
"オルグロー株式会社","https://www.allgrow.co.jp/contact/",入力項目0件
"株式会社デントランス","https://dentrance.jp/contact.html",入力項目0件
"株式会社オンカ","https://onca.co.jp/contact/",入力項目0件
"web creation株式会社","https://www.webcreation.co.jp/contact.html",入力項目0件
"有限会社ユニファース","https://corp.unifas.net/contact/",入力項目0件
"株式会社ウィールクラフト","https://wealcraft.net/contact/",入力項目0件
"株式会社 アド・コミュニケーションズ","https://ad-comi.co.jp/contact/",入力項目0件
"株式会社テイクオフジャパン","https://www.takeoffjapan.com/index.php?contact",入力項目0件
"株式会社エミシ","https://www.emishi.co.jp/contact/",入力項目0件
"Catwork株式会社","https://seo-nagoya.jp/contact/",入力項目0件
"リードスペース株式会社","https://leadspace.co.jp/contact",入力項目0件
"セカンドエイト株式会社","https://www.second8.co.jp/contact/",入力項目0件
"Appmart株式会社（アップマート）","https://appmart.co.jp/contact",入力項目0件
"株式会社ルシダス","https://www2.lucidas.co.jp/inquiry.html",入力項目0件
"プロフィール株式会社","https://www.pro-file.co.jp/contact/",入力項目0件
"株式会社EL network","https://www.el-network.com/contact",入力項目0件
"ネットメディア株式会社","https://net-media.jp/contact/",入力項目0件
"360株式会社","https://www.360vr.co.jp/order/",入力項目0件
"株式会社アクセス　イデアネクスト事業部","https://ideanext.jp/contact.php",入力項目0件
"株式会社アクセスジャパン","https://access-jp.co.jp/contact",入力項目0件
"株式会社岩田屋エージェンシー","https://www.iwataya-ag.com/contact.html",入力項目0件
"株式会社エンライク","https://www.enlike.jp/form/",入力項目0件
"株式会社YAMATSU","https://yamatsu-web.com/contact/",入力項目0件
"MONOLISIX株式会社","https://monolisix.jp/contact",入力項目0件
"株式会社Ageless","https://ageless-corp.jp/contact/",入力項目0件
"クーバル株式会社","https://www.coobal.co.jp/contact/input",入力項目0件
"株式会社宿楽","https://www.yadoraku.co.jp/contact/",入力項目0件
"株式会社IAMmedia","https://iammedia.co.jp/contact/",入力項目0件
"ゴーメディア合同会社","https://gomedia.jp/contact/",入力項目0件
"コビトスパイス","https://cobitospice.com/contact/",入力項目0件
"株式会社ウェブカラ","https://webkara.co.jp/contact/",入力項目0件
"合同会社F.E.O","https://face-eachother.com/contact/",入力項目0件
"株式会社アフェクス","https://aphex.co.jp/contact/",入力項目0件
"株式会社イエローバード","https://www.yellowbird.co.jp/contact",入力項目0件
"株式会社 glow","https://glowinc.co.jp/contact",入力項目0件
"株式会社スカイエージェンシー","https://sky-agc.co.jp/contact/",入力項目0件
"レイサス株式会社","https://www.raysus-inc.jp/contact/",入力項目0件
"株式会社TUUUBE","https://tuuube.jp/contact/",入力項目0件
"株式会社プロパゲート","https://www.propagateinc.com/question",入力項目0件
"株式会社プロテック","https://www.pro-tech.co.jp/contact",入力項目0件
"SDPI株式会社","https://sdpi.jp/contact/",入力項目0件
"アイティーケアーズ合同会社","https://www.it-cares.biz/contact-company",入力項目0件
"株式会社AXIS","https://axis-company.jp/contact/",入力項目0件
"株式会社フォースリー","https://43s.co.jp/contact/",入力項目0件
"株式会社GIG","https://giginc.co.jp/contact",入力項目0件
"株式会社WOWOWコミュニケーションズ","https://www.wowcom.co.jp/contact/",入力項目0件
"株式会社日東通信","https://www.cjn.co.jp/contact/",入力項目0件
"株式会社セプテーニ","https://form.kintoneapp.com/public/form/show/6d09699e56ab54b6815482e3cc6ab277c4588ff29d8e08210dba28d98d563f39",入力項目0件
"アライドアーキテクツ株式会社","https://www.aainc.co.jp/contactportal/",入力項目0件
"株式会社ディーボ","https://devo.jp/inquiry/",入力項目0件
"ソウルドアウト株式会社","https://www.sold-out.co.jp/contact",入力項目0件
"株式会社アドフレックス・コミュニケーションズ","https://www.street-inc.com/contact/",入力項目0件
"株式会社キャナル","https://t.canal.bz/contact/",入力項目0件
"株式会社エールデザイン","https://ailedesign.co.jp/contact/",入力項目0件
"株式会社アドスタイル","https://adstyle.jp/inquiry/",入力項目0件
"株式会社ナインセンス","https://ninesense.jp/contact/index.html",入力項目0件
"株式会社ギャツビー","https://www.gatsby.asia/contact/",入力項目0件
"デベロップ株式会社","https://www.develop-c.com/contact",入力項目0件
"株式会社SEEC","https://se-ec.co.jp/contact/",入力項目0件
"株式会社MOTOCLE","https://motocle.com/contact/",入力項目0件
"株式会社イータレントバンク","https://e-talentbank.jp/contact/",入力項目0件
"アンカー株式会社","https://anchor-ltd.com/contact/",入力項目0件
"株式会社もしも","https://www.moshimo.co.jp/inquiry",入力項目0件
"株式会社デジタルガレージ","https://www.garage.co.jp/ja/contact/marketing-technology/",入力項目0件
"株式会社イー・ステート・オンライン","https://secure.e-state.ne.jp/eso_hs/contact/",入力項目0件
"株式会社スターラボ","https://star-labo.co.jp/#contactform",入力項目0件
"株式会社DI Palette","https://www.dip.co.jp/contact/",入力項目0件
"株式会社ネッコス","https://neccos.jp/contact/",入力項目0件
"株式会社ロカリオ","https://localio.co.jp/contact/",入力項目0件
"株式会社BMX","https://bm-x.jp/contact-us/",入力項目0件
"有限会社オラネット","https://www.oranet.jp/contact/",入力項目0件
"ZANMAI株式会社","https://www.zanmai.info/contact/",入力項目0件
"株式会社FROM ENTERTAINMENT","https://fromentertainment.co.jp/contact",入力項目0件
"合同会社Future Media House","https://lin.ee/aAJh5AD",入力項目0件
"株式会社trendPlus","https://trendplus.co.jp/contact/",入力項目0件
"株式会社HomePageShop","https://hp-shop.co.jp/contact",入力項目0件
"株式会社ソレイユ","https://soleil77.co.jp/contact/",入力項目0件
"株式会社ハイブリッド","https://www.hy-b.co.jp/contact/",入力項目0件
"株式会社トリガーポイント","https://trigger-point.jp/contact/",入力項目0件
"株式会社ExKey","https://exkey.jp/wp/contact_us",入力項目0件
"ファンネル株式会社","https://funnelinc.tokyo/contact/",入力項目0件
"クロノデザイン株式会社","https://www.chrono-design.co.jp/contact/",入力項目0件
"株式会社FREEDiVE","https://freedive.co.jp/contact/business-contact.html",入力項目0件
"株式会社Ace Agent","https://aceagent.co.jp/contact",入力項目0件
"株式会社 SIS","https://www.si-s.jp/contact/",入力項目0件
"株式会社サイバーレコード","https://www.cyber-records.co.jp/contact",入力項目0件
"株式会社クーネルワーク","https://cunelwork.co.jp/contact/web-maintenance/",入力項目0件
"株式会社B.A.D (Brand Activation and Delivery)","https://laqsemi.bad-corp.com/#form",入力項目0件
"STATE OF NATURE DESIGN（ステイト オブ ネイチャー デザイン）","https://stateofnature.work/form/",入力項目0件
"SMN株式会社","https://www.so-netmedia.jp/contact/",入力項目0件
"株式会社Shirofune","https://share.hsforms.com/1HF5VQKJaQmy_f_zBe24s_Q54a5q",入力項目0件
"スタイル・アーキテクト株式会社","https://docs.google.com/forms/d/1ry745zawSXEqI4vG6F9xBw-Vb47MOHRO_7K0bPco-BY/",入力項目0件
"株式会社レルモ","https://lermo.co.jp/contact",入力項目0件
"ソルー株式会社","https://logi-solu.co.jp/inquiry",入力項目0件
"バリュークリエーション株式会社","https://value-creation.jp/contact/",入力項目0件
"日辰広告株式会社","https://www.nissinko.com/contact",入力項目0件
"株式会社ZOOOG","https://zooog.jp/contact",入力項目0件
"リスグラム","https://lisgram.com/lisgram_contctform/",入力項目0件
"FULL-FILL株式会社","https://full-fill.net/contact",入力項目0件
"合同会社bluu","https://bluu.co.jp/contact/",入力項目0件
"株式会社ドルーグ","https://www.droog.co.jp/contact",入力項目0件
"株式会社ZEAR","https://zear.co.jp/contact/",入力項目0件
"株式会社フィング","https://www.f-ing.co.jp/contact",入力項目0件
"株式会社　金色屋","https://konjikiya.co.jp/form/",入力項目0件
"株式会社 エニー","https://www.a-n-y.co.jp/contact.html",入力項目0件
"株式会社アナロジー","https://www.analogy.co.jp/contact",入力項目0件
"株式会社hamon","https://hamon-z.com/contact/",入力項目0件
"株式会社クロスリング","https://info.cross-ring.com/contact-form-service",入力項目0件
"株式会社サン・アド","https://www.san-ad.co.jp/form/contact/",入力項目0件
"株式会社No.","https://nber.co.jp/contact/",入力項目0件
"株式会社BOPコミュニケーションズ","https://bop-com.co.jp/contact",入力項目0件
"株式会社H2O","https://h2o-inc.jp/contact/",入力項目0件
"FORCE-R株式会社","https://force-r.co.jp/contact",入力項目0件
"株式会社JADE","https://ja.dev/contact",入力項目0件
"株式会社アクセサイト","https://www.accesight.com/contact/",入力項目0件
"NTTタウンページ株式会社","https://www.ntttp-dlead.com/contact/form.html",入力項目0件
"株式会社ミギウデ","https://migiude.ltd/contact/",入力項目0件
"SO Technologies株式会社","https://www.so-tech.co.jp/contact",入力項目0件
"マルデザイン企画株式会社","https://www.maru-design.co.jp/mailform.html",入力項目0件
"サヴァリ株式会社","https://savari.jp/contact/",入力項目0件
"株式会社リソースクリエイション","https://rc-group.co.jp/contact/",入力項目0件
"株式会社クーシー","https://coosy.co.jp/contact/",入力項目0件
"株式会社シパーズ","https://www.cipaz.co.jp/contact/",入力項目0件
"株式会社ウェブコンサルチーム","https://www.web-consult.co.jp/contact/",入力項目0件
"株式会社Lunaim","https://www.lunaim.co.jp/contact",入力項目0件
"株式会社 SPIRITS","https://spirits-ltd.com/contact",入力項目0件
"合同会社ロビンソン","https://robinsonllc.jp/contact",入力項目0件
"株式会社シーズ・クリエイト","https://seeds-create.co.jp/contact-us/",入力項目0件
"フィット株式会社","https://fit-jp.com/contact/",入力項目0件
"株式会社NSコーポレーション","https://nscorporation.co.jp/inquiry.php",入力項目0件
"株式会社サンロフト","https://www.sunloft.co.jp/contact/",入力項目0件
"E-net","https://www.webstyle-e.net/contact/",入力項目0件
"スポルト有限会社","http://www.sport-inc.com/rms_support.html",入力項目0件
"株式会社エーリンクサービス","https://www.totebag.jp/contact/",入力項目0件
"株式会社ディーエヌオー","https://www.dno.co.jp/",入力項目0件
"株式会社クエストデザイン","https://theopenphotoproject.org/contact/?referer=seo",入力項目0件
"グッドエイチピードットコム株式会社","https://www.goodhp.com/mail/",入力項目0件
"株式会社プロメトル","https://www.promettre.jp/contact.php",入力項目0件
"株式会社ベイジ","https://baigie.me/contact/",入力項目0件
"ウエルゲート有限会社","https://wellgate.co.jp/contact/",入力項目0件
"テックデザイン合同会社","https://www.tec-d.com/contact/",入力項目0件
"株式会社Axis","https://seoaxis.com/report/inquiry",入力項目0件
"株式会社BLJ","https://bankluck-japan.com/contact",入力項目0件
"株式会社アドテクニカ","https://www.adtechnica.co.jp/contact/",入力項目0件
"株式会社イーストクリエイティブ","https://www.east.co.jp/itis/contact/",入力項目0件
"株式会社イープレス","https://www.e-press.co.jp/form/",入力項目0件
"株式会社クレアスタイル","https://clairestyle.jp/contact/pgdmailform.cgi",入力項目0件
"株式会社ショーケース","https://www.showcase-tv.com/support/",入力項目0件
"株式会社ダススタイル","https://www.das-style.com/contact/",入力項目0件
"株式会社ディーアイケイ","https://www.dik.co.jp/contact/",入力項目0件
"株式会社フォレスト","https://www.forest.la/contact",入力項目0件
"株式会社フレイバーズ","https://www.flavours.ac/inquiry/",入力項目0件
"有限会社アイティフォース","https://it-force.jp/inquiry/index.html",入力項目0件
"有限会社ティーダネットカンパニー","https://www.tiidanet.jp/contact/index.php",入力項目0件
"有限会社ホットファーム","https://www.hotfirm.co.jp/contact",入力項目0件
"株式会社クヌギ","https://www.kunugi-inc.com/contact/",入力項目0件
"エクシー株式会社","https://excee.co.jp/contact/",入力項目0件
"有限会社アイビーソリューション","https://www.ibsolution.jp/contact/",入力項目0件
"株式会社アド・ビジョン","https://www.ad-vision.jp/contact/",入力項目0件
"株式会社ラボーナ","https://rabona.jp/contact/",入力項目0件
"アルゴノーツ株式会社","https://argonauts-c.info/care?qid=mainHeader",入力項目0件
"株式会社シンメトリック","https://www.symmetric.co.jp/contact",入力項目0件
"株式会社インスピレーション","https://insp.cc/contact/",入力項目0件
"有限会社Frida","https://www.cyber-wave.jp/contact",入力項目0件
"株式会社だいずらぼ","https://www.daizu-lab.jp/contact/",入力項目0件
"アドゲート株式会社","https://www.ad-gate.jp/contact/",入力項目0件
"株式会社BISCOM","https://www.biscom.jp/contact/",入力項目0件
"株式会社デザインファミリー","https://www.design-family.jp/contact",入力項目0件
"株式会社WEBクリエイト","https://yokohamas.jp/inq/",入力項目0件
"株式会社アクセルメディア","https://axel-media.com/contact/",入力項目0件
"株式会社ei-life","https://ei-life.co.jp/contact",入力項目0件
"株式会社プレート","https://www.plate.co.jp/contact",入力項目0件
"Webクロスネット","https://www.xrosnet.com/contact/",入力項目0件
"株式会社サイバーランド","https://www.cyland.co.jp/contact.html",入力項目0件
"株式会社ビエナセレクション","https://www.biena-select.com/contact.php",入力項目0件
"株式会社ミツエーリンクス","https://www.mitsue.co.jp/contact/",入力項目0件
"株式会社YTC・PLUS","https://www.sora-jp.com/contact/index.html",入力項目0件
"株式会社アイティ・プローブ","https://itprobe.net/#contact",入力項目0件
"株式会社大昭企画","https://taisyou-kikaku.com/contact/",入力項目0件
"株式会社オレンジ","https://orange-japan.com/contact.html",入力項目0件
"株式会社エグゼクティブクリエイション","https://www.exe-creation.com/inquiry/index.html",入力項目0件
"株式会社パイプライン","https://www.pipeline-dw.com/contact",入力項目0件
"株式会社オフィスフジムラ","https://kaba-design.jp/contact/",入力項目0件
"合同会社松島ITコンサルティング","https://office.matsushima-it.com/contact-2/",入力項目0件
"株式会社クリエイティブブレインズ","https://www.creativebrains.jp/contact/index.php",入力項目0件
"株式会社ケイツー・インタラクティブ","https://www.k2-interactive.co.jp/order/?fga=1",入力項目0件
"株式会社HSK","https://www.j-hsk.co.jp/contact.html",入力項目0件
"ゆうきカンパニー株式会社","https://yuki-site.com/otoiawasepage/",入力項目0件
"株式会社ナーツ","https://www.narts.jp/contactus",入力項目0件
"合同会社MASTERMIND","https://xn--seo-sd0f7tu10d8r4a.com/q/q.html",入力項目0件
"株式会社デキタ","https://fujiseo.com/contact.html",入力項目0件
"ユーザビリティパートナーズ株式会社","https://usa-bility.com/contact/",入力項目0件
"株式会社フルスペック","https://uranium-ex.jp/fx/su4iTb",入力項目0件
"株式会社ルーシー","https://lucy.ne.jp/inquiry",入力項目0件
"ケイビーカンパニー株式会社","https://kbcompany.jp/contact",入力項目0件
"ファーロ株式会社","https://www.faro-co.jp/contact.html",入力項目0件
"有限会社クレバートップ","https://clevertop.lolipop.jp/contact/",入力項目0件
"株式会社RED STONE","https://red-stone.co.jp/contact/",入力項目0件
"ライフスタイルデザイン株式会社","https://www.seostyle.net/contact",入力項目0件
"有限会社シエル","https://www.cielinc.net/inquiry/",入力項目0件
"株式会社オフィスVONDS","https://vonds.co.jp/contact",入力項目0件
"株式会社MC47WEBサービス","https://mc47.com/order",入力項目0件
"株式会社スーパーリージョナル","https://super-r.jp/contact/",入力項目0件
"株式会社 翠松堂BTL","https://www.suishodo.co.jp/inquiry.html",入力項目0件
"株式会社ウェブプランニング","https://www.webplanning.biz/contact/form.html",入力項目0件
"株式会社クレスフォート","https://cresfort.jp/#contact",入力項目0件
"株式会社高速オフセット","https://www.kousoku-offset.co.jp/contact-list/",入力項目0件
"株式会社ラシン","https://ra-shin.jp/contact/",入力項目0件
"合同会社サイバーテック沖縄","https://okinawa.itoutsourcing.jp/contact/",入力項目0件
"株式会社ipe","https://ipeinc.jp/contact/",入力項目0件
"株式会社オロパス","https://www.pascaljp.com/form/contact.html",入力項目0件
"株式会社icon（アイコン）","https://icon-corp.jp/contact/",入力項目0件
"株式会社デンタルプロモーション","https://www.dental-promotion.com/form/",入力項目0件
"株式会社ジーアイシー（Global Incubator Company）","https://gi-c.biz/contact/",入力項目0件
"株式会社ファーストイノベーション","https://www.f-innovations.co.jp/contact/",入力項目0件
"株式会社イワクラボ","https://iwakulab.jp/#contact",入力項目0件
"Floatworks","https://deeplink.co.jp/contact/",入力項目0件
"株式会社マスタープラン","https://xn--yck7ccu3lc4264ce4ay1qdwe.net/contact/",入力項目0件
"株式会社パルサー","https://web-palco.jp/contact-us/",入力項目0件
"株式会社トップキャスト","https://topcast.jp/contact/",入力項目0件
"プログレス・コア株式会社","https://betread.jp/contact/",入力項目0件
"株式会社Reyes","https://docs.google.com/forms/d/e/1FAIpQLSdJy9LYQY11qRX09iFBaA6FolOJLHfMRVCdc4MtquGZUkL5tQ/viewform?usp=header",入力項目0件
"株式会社山西屋","https://yamanishiya.co.jp/contact",入力項目0件
"Gentle Flow（ジェントルフロー）","https://thebase.com/inquiry/shopfollower-official-ec",入力項目0件
"株式会社ユニバーサルリンクス","https://u-links.co.jp/contact/",入力項目0件
"株式会社H2","https://smart-meo.com/contact/",入力項目0件
"株式会社アルド","https://www.aldo-system.jp/contact/",入力項目0件
"株式会社AMAOTO","https://ama-oto.com/contact/",入力項目0件
"株式会社ブリジア","https://article-pro.com/contact/",入力項目0件
"株式会社Weathercock","https://weathercock-web.com/otoiawase",入力項目0件
"株式会社ハートウェブ","https://www.heart-web.net/info",入力項目0件
"株式会社ファベルカンパニー","https://www.fabercompany.co.jp/ir/contact/",入力項目0件
"株式会社ビジネスブレーン","https://www.miyako.com/contact/",入力項目0件
"株式会社カンブリア","https://cambria.co.jp/contact",入力項目0件
"株式会社蒼天","https://sohten.co.jp/contact/",入力項目0件
"株式会社Heart Full","https://h-full.co.jp/contact",入力項目0件
"株式会社ワールドワイドピーアール","https://wwpr.co.jp/inquiry/",入力項目0件
"株式会社 ネットマーケティング","https://www.net-marketing.co.jp/contact/",入力項目0件
"インピネス株式会社","https://inppiness.com/contact.html",入力項目0件
"株式会社すまいるネット","https://www.smilenet.design/contact.html",入力項目0件
"ターゲットメディア株式会社","https://www.tmedia.co.jp/contact/",入力項目0件
"株式会社シーズクリエイト","https://seeds-c.jp/faq/",入力項目0件
"株式会社インフルエンスムーブメント","https://influencemovement.co.jp/contact/",入力項目0件
"サイバーホルン株式会社","https://cyberhorn.co.jp/contact/",入力項目0件
"株式会社コーボー","https://www.cooboo.co.jp/contactus/corporate/",入力項目0件
"株式会社アイ・シー・オー","https://ico-ad.co.jp/#contact",入力項目0件
"ディーエムソリューションズ株式会社","https://www.dm-s.co.jp/contact/",入力項目0件
"株式会社STYRICH","https://styrich.jp/contact/",入力項目0件
"株式会社アドビジョン","https://www.advision.info/clist/contact/",入力項目0件
"株式会社オニオン新聞社","https://www.onionnews.co.jp/inquiry",入力項目0件
"デジタルレクリム株式会社","https://digital-reclame.co.jp/contact",入力項目0件
"合同会社Enrich","https://enrich-llc.co.jp/contact/",入力項目0件
"有限会社アルティメット","https://ultimate.sakura.ne.jp/ultimate/ultimate/index.html#slide-5",入力項目0件
"株式会社マイビジ","https://mybz.co.jp/contact/",入力項目0件
"フロンティアビジョンスタジオ","https://www.fvs-net.co.jp/inquiry/",入力項目0件
"株式会社ジップサービス","https://www.gipservice.com/contact",入力項目0件
"東洋株式会社","https://www.toyo-grp.co.jp/contact/",入力項目0件
"ALBA株式会社","https://albajpn.com/contact/",入力項目0件
"株式会社HIORYES","https://hioryes.jp/contact",入力項目0件
"株式会社シード","https://www.seedinc.co.jp/contact",入力項目0件
"株式会社メディックス","https://www.medics.co.jp/contact/",入力項目0件
"株式会社パラダイム・ラボ","https://p-labo.co.jp/contact.php",入力項目0件
"株式会社ADrim","https://adrim.co.jp/contact",入力項目0件
"株式会社無限","https://mmmgn.co.jp/contact/",入力項目0件
"デジタルマート株式会社","https://digitalmart.co.jp/contact/",入力項目0件
"FORCE株式会社","https://forceinc.kyoto/contact/",入力項目0件
"株式会社TSSプロダクション","https://www.tss-pro.co.jp/inquiry/",入力項目0件
"株式会社PLUSLIKE","https://pluslike.co.jp/contacts/",入力項目0件
"株式会社クロックハンズ","https://clockhands.net/contact/",入力項目0件
"株式会社 Bestnavi.jp company","https://www.bestnavi.jp/contact/",入力項目0件
"株式会社ウィルゲート","https://www.willgate.co.jp/contact-list/",入力項目0件
"株式会社IDA","https://powersource.jp/info/index.php",入力項目0件
"株式会社グランネット","https://grannet.co.jp/contact/",入力項目0件
"株式会社デジタルチェンジ","https://www.digitalchange.co.jp/contact/",入力項目0件
"株式会社S-fleage (エスフレイジ)","https://www.s-fleage.com/contact",入力項目0件
"株式会社エルプランニング","https://www.elplanning.co.jp/contact/",入力項目0件
"オリクション株式会社","https://www.oriction.com/#contact",入力項目0件
"合同会社NEWSKOOL","https://newskool.site/contact",入力項目0件
"株式会社WAZAWAZA","https://wazawaza.work/#contact",入力項目0件
"シェイクトーキョー株式会社","https://www.shake-tokyo.jp/contact",入力項目0件
"株式会社ネクストソリューションズ","https://www.nextsolutions.co.jp/inquiry/",入力項目0件
"コード株式会社","https://code.co.jp/contact/",入力項目0件
"株式会社FlyEdge","https://fly-edge.co.jp/contact",入力項目0件
"株式会社イベントプラス","https://event-plus.co.jp/contact",入力項目0件
"株式会社マインドサーティ","https://www.m-30.jp/contact.html",入力項目0件
"株式会社セブン","https://seven-jp.com/#contact",入力項目0件
"株式会社九州広告公社","https://www.k-ad.jp/contact",入力項目0件
"TechSuite株式会社","https://techsuite.co.jp/contact",入力項目0件
"株式会社スクロール３６０","https://www.scroll360.jp/inquiry/service/",入力項目0件
"株式会社美元","https://be-gen.jp/contact/index.html",入力項目0件
"株式会社オプティマイザー","https://jiyuuhoudai.com/contact02/",入力項目0件
"Remain in株式会社","https://www.remain-in.com/contact",入力項目0件
"有限会社トラスティーシステムズ","https://www.trusty-systems.com/contact/",入力項目0件
"株式会社STAUT","https://moltsinc.co.jp/contact/service",入力項目0件
"株式会社LADDER","https://ladder.co.jp/contact/",入力項目0件
"株式会社小林洋行コミュニケーションズ","https://www.kobayashiyoko-com.jp/contact",入力項目0件
"株式会社ギミックプラス","https://gm-plus.co.jp/#contact",入力項目0件
"協立広告株式会社","https://www.kyoritz-ad.co.jp/contact/",入力項目0件
"株式会社マスタープログレス","https://master-progress.co.jp/contact",入力項目0件
"株式会社ファーストペンギン","https://first-penguin.co.jp/contact",入力項目0件
"株式会社ネオマーケティング","https://form.neo-m.jp/contact",入力項目0件
"株式会社PIGNUS","https://www.pignus.co.jp/contact/",入力項目0件
"FunTre株式会社","https://funtre.co.jp/inquiry",入力項目0件
"株式会社PIA(ピー・アイ・エー)","https://www.pi-a.jp/requestInfo/",入力項目0件
"株式会社DYM","https://dym.asia/contact/",入力項目0件
"株式会社ココログラフ","https://cocorograph.co/contact/",入力項目0件
"ジーフォワード株式会社","https://xeforward.tokyo/contact/",入力項目0件
"株式会社Leo-Link","https://leo-link.jp/contact",入力項目0件
"株式会社ストロングジャパンホールディングス","https://strong-japan-holdings.com/contact",入力項目0件
"株式会社ブレイブ","https://bra-ve.co.jp/contact/",入力項目0件
"株式会社テクノデジタル","https://www.tcdigital.jp/contact/",入力項目0件
"アジャイルメディア・ネットワーク株式会社","https://agilemedia.jp/contact",入力項目0件
"株式会社グラスフィール","https://grassfeel.jp/contact",入力項目0件
"タグピク株式会社","https://tagpic.jp/contact/",入力項目0件
"株式会社ビーデイズ","https://bdays.today/contact/",入力項目0件
"廣告社株式会社","https://www.kokoku-direct.jp/n_contact/",入力項目0件
"WITHPROJECTS株式会社","https://www.withprojects.co.jp/contacts/",入力項目0件
"株式会社アド・グッド","https://www.adgood.co.jp/contact.html",入力項目0件
"株式会社ジャズインタープレイ","https://www.jazzinterplay.co.jp/contact/",入力項目0件
"株式会社COROCORO LAB","https://corocorolab.co.jp/contact/",入力項目0件
"株式会社ハーツクリエーション","https://www.heartscreation.co.jp/contact.html",入力項目0件
"ワールドシェア株式会社","https://worldshare.co.jp/contact/",入力項目0件
"サクラサクマーケティング株式会社","https://www.sakurasaku-marketing.co.jp/labo/contact/",入力項目0件
"株式会社Riveredge","https://riveredge.co.jp/contact/",入力項目0件
"株式会社プラグアウト","https://www.plugout.jp/contact",入力項目0件
"スカイプレジャー株式会社","https://skypleasure.co.jp/contact/",入力項目0件
"リュウム株式会社","https://www.ryuumu.co.jp/ryuumu/info/esimate.html",入力項目0件
"株式会社ネクストアライブ","https://nextalive.co.jp/index.html#contact",入力項目0件
"with","https://neith-inc.com/contact/",入力項目0件
"GIVE&GIVE株式会社","https://g-give.co.jp/contact/",入力項目0件
"Find content","https://web.find-content.jp/contact-us",入力項目0件
"ドルビックスコンサルティング株式会社","https://www.dolbix.com/contact/",入力項目0件
"株式会社 廣洋社","https://www.kys-net.co.jp/contact16/index.html",入力項目0件
"株式会社リズ","https://www.liss.life/contact.php",入力項目0件
"テクロ株式会社","https://techro.co.jp/contact/",入力項目0件
"株式会社アトラクト","https://attract-corp.co.jp/contact",入力項目0件
"エスト株式会社","https://est-jp.com/contact/",入力項目0件
"株式会社ReeBenCorporation","https://sub.reeben.net/contact",入力項目0件
"株式会社ＡＤＫマーケティング・ソリューションズ","https://www.adkms.jp/ask/",入力項目0件
"株式会社タラムスコンテンツ","https://tarams.co.jp/contact/",入力項目0件
"株式会社トモシビ","https://tomo-shibi.co.jp/contact/",入力項目0件
"ゲートファーム株式会社","https://www.gatefirm.co.jp/script/mailform/contact/",入力項目0件
"株式会社アスカ企画","https://asuka-plan.com/about_us/contact/",入力項目0件
"かんさい広告サービス株式会社","https://kansai-kk.com/contact/",入力項目0件
"有限会社グッド・スタッフ","https://good-stuff.net/contactform/",入力項目0件
"株式会社マテリアルプラス","https://i-chord.com/contact/",入力項目0件
"株式会社ラ・クレタ","https://pro.form-mailer.jp/fms/a887f43a276835",入力項目0件
"ソルバーネットワーク株式会社","https://www.solvernet.com/contact/",入力項目0件
"web studio N&S株式会社","https://webstudio-n.com/contact/formmail.html",入力項目0件
"株式会社スタッフライフ","https://stafflife.jp/contact",入力項目0件
"有限会社ジオ・プラス","http://gio-plus.com/wp/inquiry",入力項目0件
"株式会社ジェイオンライン","https://j-online.ne.jp/contact/",入力項目0件
"株式会社ハルコミュニケイション","https://halcom.co.jp/contact",入力項目0件
"ハリマニックス株式会社","https://www.harimanics.co.jp/contact",入力項目0件
"ジギョナリーカンパニー株式会社","https://www.jigyonary.com/#contact",入力項目0件
"株式会社ヒューゴ","http://hugoinc.us/contact/",入力項目0件
"シグニフィ株式会社","https://signifi.co.jp/contact",入力項目0件
"株式会社3WELL","https://3well.co.jp/contact/",入力項目0件
"株式会社アクトアングル","https://actangle.com/contact",入力項目0件
"株式会社ビーヘルシー","https://behealthy.co.jp/contact/",入力項目0件
"株式会社タイム・リー","https://www.timely-dcs.com/contact.html",入力項目0件
"株式会社IT総研ネオファースト","https://www.itri.jp/contact/",入力項目0件
"Progettist株式会社","https://www.progettist.com/contact-us",入力項目0件
"株式会社KD3","https://kd3coltd.com/#top-contact",入力項目0件
"株式会社TOKIWAGI","https://tokiwa-gi.com/contact",入力項目0件
"株式会社プロセルトラクション","https://www.comrades-incubate.com/contact?hsLang=ja-jp",入力項目0件
"SANGO株式会社","https://san-go.co.jp/contact/",入力項目0件
"株式会社プロ アルテ ムジケ","https://proarte.jp/pages/contact",入力項目0件
"株式会社大手広告通信社","https://www.ohte-ad.co.jp/contact/",入力項目0件
"株式会社イデイ","https://idei.co.jp/contact",入力項目0件
"株式会社Xend","https://xend.co.jp/contact",入力項目0件
"株式会社FMC","https://fmc-inc.jp/contact/",入力項目0件
"有限会社ウェブマーケティング研究所","https://www.pr-web.jp/contact/",入力項目0件
"マーケティングエッジ株式会社","https://marketingedge.jp/form/",入力項目0件
"株式会社R&O","https://r-and-o.tokyo/contact/",入力項目0件
"株式会社デイリー・インフォメーション関西","https://dac-kansai.co.jp/contact/",入力項目0件
"株式会社アートランド","https://www.artland-net.com/contact.php",入力項目0件
"株式会社アクセルエンターメディア","https://www.axelentermedia.co.jp/contact/",入力項目0件
"Go-on株式会社","https://www.go-on-inc.com/business01-1.html#form",入力項目0件
"株式会社SOUND GARDEN","https://pro.form-mailer.jp/lp/6476bfaa57989",入力項目0件
"株式会社　大広九州","https://www.daiko-kyushu.co.jp/contect/",入力項目0件
"MetaGate合同会社","https://metagate-pro.com/contact",入力項目0件
"アドラフト株式会社","https://adraft.co.jp/news/6",入力項目0件
"株式会社ライフデザイン","https://www.w-protect.com/contact",入力項目0件
"株式会社imp","https://www.impre.jp/contact",入力項目0件
"株式会社ベイエリア","https://bayarea.co.jp/contact",入力項目0件
"株式会社コトナリ","https://www.kotonari.jp/%E3%81%8A%E5%95%8F%E3%81%84%E5%90%88%E3%82%8F%E3%81%9B",入力項目0件
"株式会社Creative Group","https://buzz-reach.net/inquiry",入力項目0件
"株式会社フラグアウト","https://flagout.co.jp/contact/",入力項目0件
"合同会社マーキット","https://mkit.jp/contact",入力項目0件
"株式会社KOKOROMI","https://kokoromi.co.jp/contact",入力項目0件
"富士ヘルスケア＆ストラテジー合同会社","https://fujih-and-s.com/contact/",入力項目0件
"UDX株式会社","https://udx.co.jp/contact/",入力項目0件
"IWCreation株式会社","https://www.iw-creation.com/contact",入力項目0件
"株式会社 渋谷リサーチ","https://www.shibuya-research.co.jp/contact.php",入力項目0件
"株式会社ウインダム","https://www.windam.co.jp/",入力項目0件
"株式会社エフ・ソルト","https://www.f-salt.co.jp/%E8%A4%87%E8%A3%BD-%E6%9B%B4%E6%96%B0%E4%BE%9D%E9%A0%BC%E3%83%95%E3%82%A9%E3%83%BC%E3%83%A0",入力項目0件
"株式会社 ＷＣＡ","https://wca.co.jp/contact",入力項目0件
"株式会社セールストリガー","https://salestrigger.jp/contact/",入力項目0件
"株式会社ツバサ","https://tsubasa-co.jp/contact",入力項目0件
"有限会社アド・ネット","https://www.chunichi-adnet.co.jp/contact",入力項目0件
"有限会社アドデザイン","https://net-ad.co.jp/contact/",入力項目0件
"株式会社SANN デジタルマーケティング事業部","https://www.sann.co.jp/contact/",入力項目0件
"アルビド・ジャパン株式会社","https://www.albedojapan.com/contact/",入力項目0件
"株式会社Finella","https://finella.co.jp/#contact",入力項目0件
"アジアンブリッジ株式会社 香港事業","https://www.asian-bridge.com/contact/",入力項目0件
"アジアンブリッジ株式会社 台湾事業","https://www.asian-bridge.com/contact/",入力項目0件
"株式会社コネクションズ","https://xn--meo-5q0fn79k.com/#contact",入力項目0件
"epom株式会社","https://docs.google.com/forms/d/e/1FAIpQLSeeT6VtkOgeZjgrMRv51TayGJRWsRi_SiAtoMqmai3WUNCNxw/viewform",入力項目0件
"株式会社読売エージェンシー東海","https://www.yag-tokai.co.jp/inquiry/",入力項目0件
"株式会社オルタナティブlabo","https://www.alternativelabo.com/contact",入力項目0件
"株式会社 アズディップ","https://www.azdep.jp/contact/",入力項目0件
"株式会社ビッグ・バーン","https://www.b-bang.co.jp/contact/",入力項目0件
"株式会社パイロットン","https://pilotton.jp/contact/",入力項目0件
"株式会社From North","https://from-north.jp/contact/",入力項目0件
"株式会社カオス","https://www.chaos.ne.jp/contact/",入力項目0件
"株式会社テクノル","https://www.technol.co.jp/contact/",入力項目0件
"株式会社インターコード","https://www.deolab.net/html/contact.html",入力項目0件
"株式会社MIWA","https://miwa-inc.net/contact/",入力項目0件
"ピーバイエス株式会社","https://www.pxs.jp/contact",入力項目0件
"株式会社Travel&Work","https://travelandwork.jp/#contact",入力項目0件
"株式会社NEXT","https://www.next-uky.com/contact",入力項目0件
"株式会社Radical Ad","https://radicalad.co.jp/contact/",入力項目0件
"株式会社デジタルゴリラ","https://digital-gorilla.co.jp/contact",入力項目0件
"株式会社ロカオプ","https://locaop.jp/contact/",入力項目0件
"株式会社WAVE","https://wave-app.jp/contact/",入力項目0件
"株式会社ワークスエンターテイメント","https://works-enter.co.jp/contact/",入力項目0件
"インターリンク株式会社","https://www.interlink.ne.jp/contact/",入力項目0件
"Alphabet株式会社","https://alphabet-jp.com/contact/",入力項目0件
"株式会社ルーズリーフ","https://looseleaf.info/contact-us/",入力項目0件
"株式会社Basement Speaks.E","https://basementspeaks-e.com/contact/",入力項目0件
"株式会社ゼログラビティ","https://zg-zerogravity.jp/contact.html",入力項目0件
"株式会社Palcool","https://palcool.com/contact",入力項目0件
"株式会社COEO","https://coeo.co.jp/contact",入力項目0件
"株式会社エーライン","https://www.a-line-inc.co.jp/#contact",入力項目0件
"株式会社JAPAN SOLUTIONS","https://japan-solution.jp/contact/",入力項目0件
"株式会社GO-3","https://go-three.co.jp/contact/",入力項目0件
"株式会社Next Leap Plus","https://nextleap-plus.jp/contact/",入力項目0件
"株式会社わさび","https://wasabi-digital.com/contact/",入力項目0件
"アンドブライト株式会社","https://andbright.co.jp/contact",入力項目0件
"マアル株式会社","https://www.ma-lle.com/NewWebsite/inquiry.html",入力項目0件
"株式会社クラウンアーツ","https://crownarts.co.jp/contact/",入力項目0件
"株式会社ドミネーターズ","https://dominatorz.co.jp/contact/",入力項目0件
"株式会社Totte.","https://www.totte-co.com/contact",入力項目0件
"ViewEC Japan株式会社","https://www.viewec.co.jp/inquiry/",入力項目0件
"株式会社浪漫堂","https://romando.co.jp/about#contact",入力項目0件
"株式会社Media Theater","https://www.media-theater.com/contact/",入力項目0件
"株式会社ウアミニーフ","https://www.uaminifu.net/otoiawase",入力項目0件
"株式会社ダイレクトホールディングス","https://direct-holdings.co.jp/contact/",入力項目0件
"株式会社Vipro","https://vipro.co.jp/contact",入力項目0件
"アイビーシステム株式会社","https://www.ibsystem.jp/contact-center/",入力項目0件
"株式会社GO TO MARKET","https://go2mkt.co.jp/contact",入力項目0件
"合同会社レップリーガル","https://replegal.net/contact",入力項目0件
"株式会社電通名鉄コミュニケーションズ","https://www.dm-c.co.jp/contact/",入力項目0件
"合同会社 チャートクリエイティブ","https://chart-cr.com/contact/",入力項目0件
"株式会社GN Business Consulting","https://granbc.co.jp/contact/",入力項目0件
"クリームチームマーケティング合同会社","https://creamteam.jp/contacts/",入力項目0件
"株式会社WAOCON","https://waocon.com/contact/",入力項目0件
"株式会社アドプランナー","https://www.ap-net.co.jp/contact/",入力項目0件
"株式会社ビートゥーグローバル","https://www.btoglobal.jp/#contact",入力項目0件
"ツナガル株式会社","https://www.tsunagaru.co.jp/contact/",入力項目0件
"株式会社アド・プログレス","https://adprogress.jp/#contact",入力項目0件
"株式会社アド東北","https://ad-tohoku.co.jp/contact",入力項目0件
"兼松グランクス株式会社","https://www.granks.co.jp/contact",入力項目0件
"株式会社Gaspar&Oakmont","https://www.gaspar-oakmont.com/%E3%81%8A%E5%95%8F%E3%81%84%E5%90%88%E3%82%8F%E3%81%9B",入力項目0件
"株式会社no border","https://no-bdr.co.jp/contact",入力項目0件
"デザイニストラボ株式会社","https://designist-lab.com/contact/",入力項目0件
"株式会社九州広告","https://www.8195.co.jp/contact",入力項目0件
"伊藤忠インタラクティブ株式会社","https://www.market.co.jp/contact/",入力項目0件
"株式会社ユーロフ","https://urof.co.jp/contact/",入力項目0件
"株式会社エース・プロモーション","https://www.ace-pro.tokyo/#contact",入力項目0件
"株式会社Medical DX","https://medical-dx.com/contact",入力項目0件
"株式会社Alfree","https://alfree.net/en/contact",入力項目0件
"株式会社mid","https://mid-group.jp/#footer",入力項目0件
"Bookmark&Light合同会社","https://www.bookmark-and-light.com/",入力項目0件
"株式会社Mab","https://mabinc.jp/contact/",入力項目0件
"株式会社ハニーコミュニケーションズ","https://honeycom.co.jp/contact/",入力項目0件
"株式会社アットファンズ・マーケティング","https://atfanz-m.co.jp/contact/",入力項目0件
"株式会社未来絵","https://milaie.com/contact.html",入力項目0件
"エニィクルー株式会社","https://www.any-crew.com/contact",入力項目0件
"株式会社ファイン","https://fine-production.co.jp/contact/",入力項目0件
"株式会社アイフラッグ","https://www.epress-iflag.jp/contact",入力項目0件
"TiL株式会社","https://www.tilcompany.co.jp/main-form",入力項目0件
"株式会社ノーマーク","https://www.no-mark.co.jp/contact.html",入力項目0件
"株式会社プラムザ","https://www.plumsa.co.jp/contact",入力項目0件
"株式会社ウェルボン","https://form.k3r.jp/wellbon/form",入力項目0件
"FACTOR株式会社","https://www.fac-tor.tokyo/inquiry",入力項目0件
"株式会社TryMore","https://trymore-inc.jp/contact/",入力項目0件
"株式会社CINC","https://corp.cinc-j.co.jp/contact",入力項目0件
"株式会社ユー・ピイ・アール","https://www.upr.co.jp/contact/",入力項目0件
"株式会社クリミティブ","https://cremitive.co.jp/#contact",入力項目0件
"株式会社ハッチアンドエマージ","https://hatch-and-emerge.com/contact",入力項目0件
"株式会社NRC","https://nrc-first.com/contact",入力項目0件
"株式会社pineal","https://pineal.co.jp/contact",入力項目0件
"株式会社 人財企画","https://www.zinzai-kikaku.jp/contact/",入力項目0件
"株式会社新東通信","https://www.shinto-tsushin.co.jp/contact",入力項目0件
"株式会社クリエイティブストゥディオワークス","https://works-n.co.jp/contact/",入力項目0件
"株式会社ベルシステム24","https://info.bell24.co.jp/inquiry/service/web/input/",入力項目0件
"株式会社アドカル","https://www.adcal-inc.com/inquiry/",入力項目0件
"株式会社草世木","https://www.souseiki.co.jp/contact-consulting/",入力項目0件
"LAPI-Staff株式会社","https://lapi-staff.com/contact/",入力項目0件
"センコー商事株式会社","https://www.senko-shoji.co.jp/en/contact/",入力項目0件
"合同会社MAREMI","https://docs.google.com/forms/d/e/1FAIpQLSfeH9hB0DWRuCuyIL7jJ-T4kxSyU6xwaVoy8MSw8NLt9U07xg/viewform",入力項目0件
"エンパワーヘルスケア株式会社","https://www.empower-hc.com/contact",入力項目0件
"ウォルトン株式会社","https://walton.co.jp/contact",入力項目0件
"グローストリガー株式会社","https://www.growthtrigger.net/contact/",入力項目0件
"株式会社カルテットコミュニケーションズ","https://quartet-communications.com/contact",入力項目0件
"株式会社アクシス","https://axis-company.jp/contact/",入力項目0件
"レップ株式会社","https://www.repinc.co.jp/contact/",入力項目0件
"株式会社フラップネクスト","https://flapnext.com/contact/",入力項目0件
"株式会社atelier hoko","https://www.atelierhoko.net/blank-1",入力項目0件
"株式会社リベラボ","https://www.libelab.com/LP/#ContactArea",入力項目0件
"株式会社ULM","https://ulm-design.com/category/contact/",入力項目0件
"合同会社チャネルワークス","https://channelworks.biz/contact_us",入力項目0件
"合同会社プロダクション・ジェイ","https://production-j.jp/contact/",入力項目0件
"株式会社亀山デザイン","https://kame-d.co.jp/contact",入力項目0件
"株式会社アルバコネクト","https://albaconnect.co.jp/contact-us",入力項目0件
"emt株式会社","https://e-m-t.co.jp/inq/",入力項目0件
"アカネ・テクノロジーズ 株式会社","https://akane-technologies.com/contact",入力項目0件
"マムズラボ株式会社","https://moms-lab.jp/contact/",入力項目0件
"株式会社iHack","https://ihack.co.jp/lp/hojokin/#contact",入力項目0件
"株式会社サードライフ","https://thirdlife-dc.com/contact",入力項目0件
"ジウ株式会社","https://jiu-x.com/contact/",入力項目0件
"有限会社シー・エス・アレンジメント","https://cs-arrangement.net/contact",入力項目0件
"合同会社We've web","https://weveweb.com/#contact",入力項目0件
"株式会社Otock","https://otock.co.jp/contact",入力項目0件
"株式会社シェルパ","https://shpa.co.jp/contact1/",入力項目0件
"株式会社ワンダフルドア","https://wonderful-door.jp/contact/",入力項目0件
"株式会社Creekvit","https://creekvit.com/contact/",入力項目0件
"株式会社PULL-NET","https://www.pull-net.jp/contact/",入力項目0件
"株式会社ZEROTOP","https://0top.jp/inquiry/",入力項目0件
"ジェイ・ライン株式会社","https://www.j-line.co.jp/contact/",入力項目0件
"タマ・アド株式会社","https://www.tama-ad.jp/#contact",入力項目0件
"株式会社FUNBREW","https://funbrew.tech/contact/",入力項目0件
"株式会社ナーズ","https://www.nerd-s.net/contact",入力項目0件
"モバーシャル株式会社","https://www.mobercial.com/contact/",入力項目0件
"Ivy do 株式会社","https://www.ivy-do.com/business-inquiry/",入力項目0件
"株式会社デイワン","https://www.day-1.co.jp/contact",入力項目0件
"株式会社CyberACE","https://cyberace.co.jp/contact/",入力項目0件
"株式会社KIYONO.","https://www.kiyono-co.jp/contact-us",入力項目0件
"株式会社海と山のあいだ","https://www.umitoyamanoaida.com/contact.html",入力項目0件
"株式会社クリエイティブバンク","https://www.creativebank.co.jp/contact",入力項目0件
"株式会社DiVE","https://dive-cc.com/contact",入力項目0件
"株式会社ブランディングワークス","https://www.branding-works.jp//inquiry/",入力項目0件
"株式会社HIRASAWA","https://khirasawa.co.jp/#contact",入力項目0件
"株式会社キャリアマート","https://www.careermart.co.jp/contact/",入力項目0件
"株式会社 ライト","https://light-s.co.jp/contact/",入力項目0件
"株式会社ソニックムーブ","https://sonicmoov.com/contact/",入力項目0件
"株式会社スリーウィン","https://www.3-win.co.jp/inquiry/entry.php",入力項目0件
"株式会社ル・プロジェ","https://www.leprojet.co.jp/contact-privacy-policy/",入力項目0件
"株式会社ビズ・クリエイション","https://biz-creation.co.jp/contact",入力項目0件
"株式会社アントレプレナー","https://www.enpre.co.jp/contact/",入力項目0件
"株式会社ノーパット","https://nopat.co.jp/#contact",入力項目0件
"株式会社 Hive Consulting","https://hive-consulting.co.jp/contact",入力項目0件
"株式会社プルーブ","https://www.proved.jp/inquiry.php",入力項目0件
"株式会社K2コミュニケーションズ","https://k2c.co.jp/contact",入力項目0件
"株式会社メトロアドエージェンシー","https://www.metro-ad.co.jp/inquiry/",入力項目0件
"株式会社メジャース","https://reg34.smp.ne.jp/regist/is?SMPFORM=qc-lhkdoh-edac45e854ae59534d9b63df8b391884",入力項目0件
"株式会社ザーナス","https://e-em.net/contact/",入力項目0件
"トランスコスモス株式会社","https://www.trans-cosmos.co.jp/contact/",入力項目0件
"GMOインターネット株式会社","https://internet.gmo/contact/",入力項目0件
"トレイス株式会社","https://united.jp/contact/",入力項目0件
"株式会社 mediba","https://www.mediba.jp/contact/form",入力項目0件
"株式会社AMoAd","https://www.amoad.com/contact/",入力項目0件
"株式会社シャノン","https://smp.shanon.co.jp/public/application/add/161",入力項目0件
"株式会社イトクロ","https://www.itokuro.jp/inquiry/top.php",入力項目0件
"株式会社 ピアラ","https://www.piala.co.jp/ir/contact",入力項目0件
"GMO サーチテリア株式会社","https://gmo-searchteria.jp/contact/",入力項目0件
"プライマル株式会社","https://www.primal-biz.co.jp/contact",入力項目0件
"リア株式会社LiACorp.","https://seo-get1.net/contact-us/",入力項目0件
"株式会社サイブリッジ","https://www.digitalize.biz/contact/",入力項目0件
"株式会社イルグルム","https://www.v-apo.net/three/login",入力項目0件
"""MrFusion Co.","https://mrfusion.co.jp/",入力項目0件
"株式会社サーチライフ","https://www.so-tech.co.jp/contact",入力項目0件
"株式会社堀越","https://www.hrks.jp/",入力項目0件
"株式会社トーラス","https://www.torus.co.jp/pages/inquiry.html",入力項目0件
"株式会社マックスマウス","https://www.maxmouse.co.jp/contact/",入力項目0件
"株式会社ユニメディア","https://out-source.jp/contact",入力項目0件
"株式会社 アイタック","https://www.itac-c.jp/contact",入力項目0件
"株式会社ズノー","https://zuno.tv/contact",入力項目0件
"株式会社ユニバーサルポスト","https://www.u-post.co.jp/cgi-bin/contact/form.cgi",入力項目0件
"株式会社リアライズ","https://realize-web.jp/contact/",入力項目0件
"株式会社教通","https://www.iandk.co.jp/wp/wp-content/uploads/2022/12/%E6%A0%AA%E5%BC%8F%E4%BC%9A%E7%A4%BE%E6%95%99%E9%80%9A_%E9%9B%86%E5%AE%A2UP%E3%82%92%E7%8B%99%E3%81%86WEB%E6%96%BD%E7%AD%96.pdf",入力項目0件
"株式会社ルグラン","https://legrand.jp/contact/",入力項目0件
"株式会社一広","https://www.ikko.co.jp/contact/",入力項目0件
"パークフィールド株式会社","https://lp.parkfield.jp/contact",入力項目0件
"株式会社フジ・クリエイティブセンター","https://www.fuji-cc.co.jp/contact/index.html",入力項目0件
"アドビィ","https://www.hugedomains.com/contact.cfm",入力項目0件
"株式会社シナプス","https://s-y-n-a-p-s.com/contact/",入力項目0件
"株式会社プレッシャーポイント","https://www.pressurepoint.jp/cgi-bin/form/contact/form.cgi",入力項目0件
"株式会社ミスリル","https://www.mithril-web.co.jp/index.html#box_s6_in",入力項目0件
"オーツー情報システム株式会社","https://www.accessinc.co.jp/?page_id=70",入力項目0件
"株式会社ウェブクルー","https://tanomail.officenomikata.com/step/tanomail/contact.htm",入力項目0件
"株式会社アドライン","https://www.ad-line.jp/contact/",入力項目0件
"株式会社シルクロード","https://adsee.jp/contact/",入力項目0件
"株式会社イノベーターズ","https://www.innovators.jp/contact",入力項目0件
"株式会社フロンティア","https://frontier4u.jp/contact/",入力項目0件
"株式会社コウズ","https://groweb.jp/contact/",入力項目0件
"株式会社フォア・ザ・グラウンド","http://info@fortheground.co.jp/",入力項目0件
"株式会社カンコー","https://www.web-kanko.co.jp/contact/",入力項目0件
"株式会社チェイサー・ジャパン","https://chaser.co.jp/contact/",入力項目0件
"株式会社プロップス","https://props.co.jp/contact.html",入力項目0件
"エイトノット株式会社","https://www.e-chirasi.com/chirashi-design-knowhow/%e3%83%87%e3%82%b6%e3%82%a4%e3%83%b3%e7%9b%b8%e8%ab%87%e3%81%ab%e9%9b%86%e5%ae%a2%e8%a8%ad%e8%a8%88%e5%a3%ab%e3%81%8c%e5%9b%9e%e7%ad%94/",入力項目0件
"広告代理店ジーワン","https://easy.net50.ne.jp/jiwan/index.html#",入力項目0件
"nano works株式会社","https://nano-works.jp/contact-2/",入力項目0件
"株式会社TRESS","https://www.tress.jp/#form",入力項目0件
"株式会社売れるネット広告社","https://www.ureru.co.jp/#form",入力項目0件
"株式会社クロスフィールド","https://crossfd.co.jp/contact/",入力項目0件
"株式会社ALL CONNECT","https://all-connect.co.jp/form/contact/",入力項目0件
"株式会社リアジュー","https://reajyu.com/contact/",入力項目0件
"株式会社ベネックス","https://www.benexinc.com/contact/",入力項目0件
"RoboMarketer株式会社","https://robomarketer.net/contact",入力項目0件
"株式会社ホットリンク","https://www.hottolink.co.jp/contact-top/",入力項目0件
"株式会社ニュートラルワークス","https://n-works.link/contact",入力項目0件
"株式会社D2C R","https://www.d2cr.co.jp/contact/",入力項目0件
"オグノブマーケティング株式会社","https://ogunobu.com/contact",入力項目0件
"株式会社がじゅまる","https://gajumaru-life.com/index.html#",入力項目0件
"株式会社ガイアックス","https://www.gaiax.co.jp/contact/",入力項目0件
"テテマーチ株式会社","https://tetemarche.co.jp/contact",入力項目0件
"BEASTAR株式会社","https://bea-star.co.jp/contact/",入力項目0件
"株式会社ZERO","https://zero-s.jp/contact/",入力項目0件
"株式会社メンバーズ","https://www.members.co.jp/contact",入力項目0件
"合同会社OnTech","https://snsdaiko.jp/contact/",入力項目0件
"株式会社ノックデザイン","https://nock-design.com/contact",入力項目0件
"株式会社CARTA MARKETING FIRM","https://carta-marketing-firm.co.jp/contact/",入力項目0件
"株式会社サンワードメディア","https://www.sunwardmedia.co.jp/contact/",入力項目0件
"株式会社ウィズワーク","https://withwork.co.jp/contact/",入力項目0件
"株式会社エピット","https://epit.jp/contact",入力項目0件
"株式会社ハイファクトリ","https://www.hifactory.net/contact_form/",入力項目0件
"株式会社グロースプロモーション","https://growth-all.jp/contact/",入力項目0件
"株式会社WEBマーケティング総合研究所","https://www.webmarketing.co.jp/inquiry/",入力項目0件
"株式会社ベーシック","https://form.run/@basic-contact",入力項目0件
"株式会社才流","https://sairu.co.jp/contact/",入力項目0件
"株式会社Sales and Innovation Japan","https://www.salesandinnovation.jp/contact/",入力項目0件
"SALES ROBOTICS株式会社","https://salesrobotics.co.jp/contact/",入力項目0件
"Perpetua","https://www.synclink.jp/contact/",入力項目0件
"株式会社ネオキャリア","http://www.neo-career.co.jp/contact/tob/",入力項目0件
"株式会社HR Force","https://www.hr-force.co.jp/contact/",入力項目0件
"株式会社ゴンドラ","https://www.gon-dola.com/contact/",入力項目0件
"株式会社パスチャー","https://form.run/@muscatgroup-contact",入力項目0件
"株式会社船井総合研究所","https://www.funaisoken.co.jp/form/consulting?media=hamburger",入力項目0件
"株式会社ESPRIM","https://esprim-ltd.com/contact/",入力項目0件
"株式会社スリーウェルマネジメント","https://www.threewell.co/contact",入力項目0件
"アディッシュ株式会社","https://www.adish.co.jp/contact/",入力項目0件
"WebPlus宮崎","https://www.nagato-co.com/contactus",入力項目0件
"株式会社Aman-Style","https://www.aman-style.jp/contact",入力項目0件
"株式会社エス・ピー・シー","https://www.kk-spc.co.jp/inquiry",入力項目0件
"株式会社バックステージ","https://www.w-stage.jp/contact/",入力項目0件
"株式会社博報堂プロダクツ","https://www.hakuhodo.co.jp/inquiry/",入力項目0件
"株式会社ブレインパッド","https://www.brainpad.co.jp/contact/",入力項目0件
"アクトシステム株式会社","https://www.act-system.com/#top03",入力項目0件
"株式会社ザッツ・オールライト","https://thatsallright.jp/contact/",入力項目0件
"株式会社ファンクション","https://fun-cushion.jp/contact/",入力項目0件
"株式会社キューブリック","https://cublic.jp/contact",入力項目0件
"株式会社BLDコーポレイション","https://bldgroup.co.jp/contact/",入力項目0件
"株式会社イースト・デイリー","https://www.east-daily.jp/contact/",入力項目0件
"株式会社ワールド","https://vision-world.biz/contact",入力項目0件
"株式会社フィールビー","https://bravo-web.com/contact",入力項目0件
"株式会社LIA","https://manga-biz.com/contact",入力項目0件
"株式会社フォー・ファイヴ","https://forfive.co.jp/contact/",入力項目0件
"株式会社ネットビジネスエージェント","https://www.nb-a.jp/contact/",入力項目0件
"ときたまご合同会社","http://goo.gl/forms/ktNUD7HjrS",入力項目0件
"株式会社アートテレビ","https://arttv.co.jp/contact/",入力項目0件
"株式会社アドバンクコミュニケーションズ","https://adbanq.com/contact/",入力項目0件
"株式会社エーウイング","https://www.a-wing.biz/contact/",入力項目0件
"株式会社ライスカレー","https://form.run/@muscatgroup-contact",入力項目0件
"株式会社ファインズ","https://e-tenki.co.jp/contact/",入力項目0件
"StockSun株式会社","https://stock-sun.com/order/",入力項目0件
"株式会社コマースフォース","https://ec-casting.com/contact",入力項目0件
"株式会社EMOLVA","https://emolva.tokyo/contact",入力項目0件
"リデル株式会社","https://liddell.tokyo/contact/",入力項目0件
"GROVE株式会社","https://grove.tokyo/contact/",入力項目0件
"UUUM（ウーム）株式会社","https://www.uuum.co.jp/inquiry",入力項目0件
"グリーライフスタイル株式会社","https://gree-lifestyle.co.jp/contact/",入力項目0件
"株式会社REECH","https://corp.reech.co.jp/corporate/contact",入力項目0件
"BIJIN&Co.株式会社","https://www.bijin-co.jp/company/contact/",入力項目0件
"株式会社World Wide System","https://ww-system.com/inquiry/",入力項目0件
"ワンメディア株式会社","https://www.onemedia.jp/contact",入力項目0件
"株式会社Hub Works","https://wehubworks.com/contact-us/",入力項目0件
"Raxis株式会社","https://www.raxis.co.jp/contact.html",入力項目0件
"株式会社アイ・グロー","https://www.igrow.co.jp/#contact",入力項目0件
"株式会社Pathee","https://mov.am/contact",入力項目0件
"株式会社ストーンシャープ","https://s-sharp.co.jp/contact",入力項目0件
"ゼロシード株式会社","https://zeroxeed.co.jp/contact-client/",入力項目0件
"株式会社monopo","https://monopo.co.jp/contact/",入力項目0件
"株式会社NTTデータ・ウィズ","https://www.nttdata-with.com/contact/",入力項目0件
"有限会社エピカリス","https://www.epicharis.com/epi/product-design",入力項目0件
"株式会社札幌ウェブデザイン","https://www.8686group.jp/contact",入力項目0件
"Web Creation","https://web-creation.jp/contact/",入力項目0件
"株式会社DECCI","https://www.decci.jp/company/inquiry",入力項目0件
"株式会社シグレスト","https://www.sigrest.co.jp/",入力項目0件
"株式会社アンビシャス","https://www.ambi-tious.com/contact/",入力項目0件
"テンファイブ株式会社","https://10-5.jp/contact/",入力項目0件
"株式会社capable","https://capable.tokyo/contact/",入力項目0件
"株式会社Colors","https://color-s.net/#contact",入力項目0件
"株式会社電通西日本","https://www.dentsu-west-j.co.jp/inquiry/?hsLang=ja",入力項目0件
"絆ホールディングス株式会社","https://kizna.co.jp/contact/",入力項目0件
"株式会社soos","https://soos.co.jp/mailform/",入力項目0件
"FRUOR株式会社","https://fru0r.com/contact/",入力項目0件
"アルテナ株式会社","https://altenas.jp/contact",入力項目0件
"株式会社ENJOY TRUST","http://enjoytrust.co.jp/contact",入力項目0件
"合同会社FreelanceBank","https://near-webpartner.com/contact/",入力項目0件
"株式会社LEFANA","https://www.lefana.net/contact",入力項目0件
"株式会社すいげん（sober design）","https://design-sober.com/contact/",入力項目0件
"未来循環株式会社","https://kachiplus.com/?page_id=3295",入力項目0件
"フィッシュリップル株式会社","https://fishripple.jp/inquiry/",入力項目0件
"株式会社NITACO","https://nitaco.jp/contact/",入力項目0件
"株式会社ZENTEN","https://www.zenten.co.jp/contact",入力項目0件
"株式会社アステル","https://aster-inc.co.jp/contact/",入力項目0件
"タウンライフ株式会社","https://townlife.co.jp/contact-form/",入力項目0件
"株式会社アイ・オー・ワン","https://io1.co.jp/contact",入力項目0件
"株式会社Bridge","https://tk-bridge.com/contact/",入力項目0件
"株式会社エイトノットアンドカンパニー","https://www.eightknot.com/contact",入力項目0件
"株式会社ビデオプロモーション","https://www.vpr.co.jp/contactus",入力項目0件
"株式会社　大広","https://www.daiko.co.jp/contact/",入力項目0件
"株式会社読売広告社","https://www.yomiko.co.jp/contact/",入力項目0件
"株式会社日本経済広告社","https://www.adex.co.jp/#contact",入力項目0件
"株式会社ADKホールディングス","https://www.adk.jp/ask/",入力項目0件
"マッキャン・ワールドグループ・ホールディングス・ジャパン株式会社","https://eng.mccannwg.co.jp/contact",入力項目0件
"株式会社あそびラボ","https://asobi-lab.co.jp/contact/",入力項目0件
"studio15株式会社","https://studio15.co.jp/contact/",入力項目0件
"株式会社トレンド・プロ","https://ad-manga.com/contact",入力項目0件
"株式会社Minto","https://minto-inc.jp/contact/business/",入力項目0件
"株式会社CyberCats","https://www.chaco-web.com/contactus.html",入力項目0件
"株式会社エーコム","https://hp-mart.info/call/",入力項目0件
"ソーシャルワイヤー株式会社","https://www.socialwire.net/contact",入力項目0件
"株式会社フォチューナ","https://www.fortuna-inc.jp/contact-other",入力項目0件
"株式会社ONE CRUISE","https://www.onecruise.co.jp/contact",入力項目0件
"株式会社アドブレーン社","https://adb.ne.jp/contact/",入力項目0件
"株式会社アド・エヌ","https://ad-n.co.jp/contact.html",入力項目0件
"株式会社メディアハウスホールディングス","https://novelty-g.com/contact/",入力項目0件
"リードナイン株式会社","https://leadnine.co.jp/contact/",入力項目0件
"アイオイクス株式会社","https://seojapan.com/contact/",入力項目0件
"クーミル株式会社","https://coomil.co.jp/contacts",入力項目0件
"株式会社テンポスフードプレイス","https://support.tenpos.com/contact/",入力項目0件
"株式会社ウィル","http://we-will.jp/contact/",入力項目0件
"株式会社 dentsu health Japan","https://dentsuhealth.co.jp/#contact",入力項目0件
"メディカルクオール株式会社","https://www.m-qol.co.jp/contact/",入力項目0件
"株式会社ノヴェロ","https://www.novello.co.jp/contact",入力項目0件
"株式会社インサイト","https://www.ppi.jp/inquiry/",入力項目0件
"株式会社コルボ","https://www.colbo.co.jp/contact/",入力項目0件
"株式会社インサイト・アイ","https://insight-i.co.jp/form/contactus.php",入力項目0件
"株式会社協和企画","https://www.kk-kyowa.co.jp/enquiry/",入力項目0件
"株式会社オリコム","https://www.oricom.co.jp/contact/",入力項目0件
"株式会社　総合アド","https://www.sogo-ad.jp/contact/",入力項目0件
"株式会社　電通沖縄","https://www.dentsu-ok.co.jp/contact/",入力項目0件
"株式会社アドスタッフ博報堂","https://www.ad-staff.net/contact",入力項目0件
"株式会社ブレーン沖縄","https://www.brain-ok.co.jp/contact/",入力項目0件
"株式会社エムシーシー","https://www.mcc-pr.net/",入力項目0件
"株式会社ヴァリアス・ディメンションズ","https://v-dimensions.com/works/category/creative-produce#contact",入力項目0件
"ビタフェリス","https://www.vita-gp.com/contact-us",入力項目0件
"株式会社Proteinum","https://proteinum.co.jp/contact_zoho_hp/",入力項目0件
"株式会社GIG","https://gig-inc.com/contact",入力項目0件
"株式会社ViVNAL","https://www.vivnal.com/contact-1",入力項目0件
"株式会社フロンティア","https://frontier-ad.co.jp/contact",入力項目0件
"株式会社 eclore","https://eclr.jp/contact/",入力項目0件
"株式会社KD graphic","https://kd-graphic.com/#contact",入力項目0件
"株式会社ワイズエージェンシー","https://www.wise-ag.com/mail_form.html",入力項目0件
"株式会社BranchPoint","https://branch-point.co.jp/contact/",入力項目0件
"キオミル株式会社","https://kiomiru.co.jp/contact/",入力項目0件
"株式会社BONITO","https://form.run/@info-1678239555",入力項目0件
"株式会社 Roseau Pensant","https://roseaupensant.jp/contact/inquiry/",入力項目0件
"株式会社メイラボ","https://mrgamehit.com/contact/",入力項目0件
"株式会社クリエル（WEB広告）","https://www.creal.co.jp/inquiry/",入力項目0件
"Kalonade株式会社","https://kalonade.co.jp/contact",入力項目0件
"新和印刷株式会社","https://www.shinwa-printing.co.jp/contact/",入力項目0件
"合同会社 ビネクティア","https://vinectia.jp/contact/",入力項目0件
"株式会社PLAS","https://plas-inc.co.jp/contact/",入力項目0件
"株式会社CAREARC","https://carearc.co.jp/#contact",入力項目0件
"株式会社W-ENDLESS","https://www.w-endless.co.jp/contact/",入力項目0件
"株式会社16bit.","https://16bit.co.jp/#contact",入力項目0件
"株式会社Spice seek","https://spice-seek.jp/contact/",入力項目0件
"株式会社Kaizen Tech Agent","https://hiwell.jp/hr/indeed/#contact",入力項目0件
"株式会社アイワット","https://www.iwat.co.jp/contact/",入力項目0件
"ST株式会社","https://www.st24jp.com/%E4%BC%81%E6%A5%AD%E6%83%85%E5%A0%B1/%E3%81%8A%E5%95%8F%E3%81%84%E5%90%88%E3%82%8F%E3%81%9B/",入力項目0件
"株式会社アッシュ","https://a-sh.co.jp/contact",入力項目0件
"株式会社Knotus","https://knotus.jp/contact",入力項目0件
"株式会社BE PROUD","https://www.beproud.asia/contact/",入力項目0件
"株式会社ITreat","https://itreat.co.jp/contact",入力項目0件
"株式会社ティーエイト","https://t-8.jp/contact/",入力項目0件