タイトル,URL,理由
"株式会社アプリシステムズ - 北海道函館市のit企業","https://www.aplsys.co.jp/query.html",入力できる項目なし
"システム開発 | 東洋株式会社 - 札幌、帯広、釧路、旭川","https://www.toyo-grp.co.jp/contact/",入力できる項目なし
"システム開発・ホームページ制作 | アートシステム株式会社 ...","https://www.art21.co.jp/contact/index.html",入力できる項目なし
"システム開発 | 北見情報技術株式会社 Kit はあなたの会社のit ...","https://k-it.jp/contact/",入力できる項目なし
"株式会社ネオシステム","https://www.neosystem.co.jp/contact/",入力できる項目なし
"概要・沿革 | I・Tecソリューションズ","https://www.itecsol.jp/contact/",入力できる項目なし
"一関市のソフトウェア開発会社:ソフトスタジオ","https://soft-studio.jp/contact.html",入力できる項目なし
"株式会社フェイバーエンジニアリング","https://favoreng.com/contact/",入力できる項目なし
"鶴岡市のプリント基板設計~組立、システム開発の企業","https://link-pcb.co.jp/contact.html",入力できる項目なし
"会社概要 - 株式会社日情システムソリューションズ","https://www.nichijosys.com/privacy-policy/",入力できる項目なし
"企業概要 | データシステム米沢 - Dsy","https://dsy.jp/contact",入力できる項目なし
"Fcs|福島コンピューターシステム|福島県郡山市|創る未来は ...","https://www.fcs.co.jp/inquiry/",入力できる項目なし
"バックス情報システム株式会社|福島県いわき市","https://www.bacs-j.co.jp/contact_privacycheck/",入力できる項目なし
"株式会社ユードム | 茨城県水戸市と東京を拠点とするシステム ...","https://www.udom.co.jp/contact/index.html",入力できる項目なし
"株式会社つくばシステムデザイン Tsd","https://tsysd.jp/tsd_info.html",入力できる項目なし
"株式会社シンプルウェイ | システム開発・ウェブサイト制作","https://www.simple-way.co.jp/contact/",入力できる項目なし
"システム開発のコガソフトウェア","https://www.kogasoftware.com/contact/",入力できる項目なし
"代表あいさつ|常磐システムエンジニアリング株式会社|茨城 ...","https://www.tokiwa-sys.co.jp/contact/",入力できる項目なし
"小山コンピュータサービス - システム開発のことなら栃木県 ...","https://www.sabg.co.jp/ocs/?page_id=44",入力できる項目なし
"株式会社モザイク|システム開発","https://www.mosaic-web.net/contact.html",入力できる項目なし
"株式会社城西システム|前橋市 アプリケーション開発会社","https://www.josai.co.jp/contact.html",入力できる項目なし
"群馬県ソフト開発のエムアイシステム","https://mi-system.com/contact.html",入力できる項目なし
"株式会社 Itquest","https://syskai.jp/contact.html",入力できる項目なし
"株式会社opener | 群馬県伊勢崎市のシステム開発会社","https://www.opener.co.jp/#",入力できる項目なし
"会社概要|システム開発ならost 株式会社オー・エス・ティ","https://www.ost.jp/pub/gaiyo.html#",入力できる項目なし
"会社概要 | 日東システムテクノロジーズ","https://www.nittosys.co.jp/p0701contact.php",入力できる項目なし
"株式会社デザイン・ワークス - 埼玉川口のweb制作&システム ...","https://dswks.jp/#contact",入力できる項目なし
"川口市給水装置工事管理システム開発業務委託に係る公募型 ...","https://www.water-kawaguchi.jp/cgi-bin/contacts/G020010",入力できる項目なし
"会社案内|バス業界向けシステム開発|工房","https://www.khobho.co.jp/support/",入力できる項目なし
"企業情報|株式会社三和ソリューション","https://www.swsk.co.jp/contact.html",入力できる項目なし
"company","https://anysystem.co.jp/company/contact.html",入力できる項目なし
"株式会社エイチ・エス・システム","https://www.hss-04.com/employ/guide.php?id=contact",入力できる項目なし
"株式会社リースシステム企画","https://lease-system.co.jp/contact/form.html",入力できる項目なし
"Access システム開発 名古屋 システムステージ 会社概要","https://www.systemstage.co.jp/contact.php",入力できる項目なし
"株式会社dss | 埼玉県所沢市でシステム開発を行っている会社です","https://www.kkdss.co.jp/form",入力できる項目なし
"設計・開発で宇宙産業を支える|アクシス株式会社","https://www.axis-corp.co.jp/contact/",入力できる項目なし
"会社概要/システムリンク株式会社","https://www.sys-link.co.jp/privacy.html",入力できる項目なし
"日東テクノブレーン","https://www.nitto-tech.co.jp/solution/laborrobot/",入力できる項目なし
"会社案内 | 株式会社システムリンク","https://systemlink-1990.com/?page_id=1647",入力できる項目なし
"【所沢駅近・週2在宅】製品システムの開発・保守業務 ...","https://www.adecco.com/ja-jp/career-and-employee-benefit/employee-benefit/dial",入力できる項目なし
"株式会社コスモシステム","https://cosmosystem-web.com/company/contact/",入力できる項目なし
"株式会社ティ・アイ・シー - システム開発・サーバー構築の ...","https://ticnet.co.jp/tic/contactus/",入力できる項目なし
"エスアイシステム株式会社 ~東京・首都圏のシステム開発 ...","https://sinfo-sys.co.jp/contact/index.html",入力できる項目なし
"会社情報 | ヤマトシステム開発","https://www.nekonet.co.jp/inquiry",入力できる項目なし
"GPS製品の開発、試作品の制作ならリンクス。","https://lyncs.jp/gps-consultation.html",入力できる項目なし
"パートナー企業募集 - 株式会社日本ビューシステム","https://view-s.co.jp/contact/",入力できる項目なし
"製造管理システム・Ai活用の教育アプリ開発 |春日部市 ソフ ...","https://softech-iot.jp/index.html#contact",入力できる項目なし
"ホーム|株式会社ウイングシステム","https://www.wingsystem.co.jp/contact.html",入力できる項目なし
"ジーイーエム株式会社|システム開発・DX推進","https://www.gemnavi.jp/partner-bonus/",入力できる項目なし
"拠点紹介 | 株式会社ニコンシステム - Nikon","https://www.nsi.nikon.com/contact/",入力できる項目なし
"沿革 | 会社情報 | パシフィックシステム株式会社","https://www.pacific-systems.co.jp/contact/",入力できる項目なし
"福祉の相談員負担軽減システムの開発 熊谷千葉県知事が厚労 ...","https://news.jp/i/-/tags/%E7%9B%B8%E8%AB%87%E5%93%A1?unit=479104143036220513&all=true",入力できる項目なし
"Fpga・組込み開発設計製造(回路設計 Fpga設計 パターン ...","https://www.mksystem.jp/html/inquiry.html",入力できる項目なし
"あげおガイド アピマップ | トップ","https://www2.wagmap.jp/ageocity/Inquery",入力できる項目なし
"テスト・評価 国税電子申告・納税システム開発@朝霞 仕事No.IT ...","https://www.staffservice.co.jp/staff/qanda/",入力できる項目なし
"【埼玉県市町村電子申請・届出サービス】トップ:トップ","https://apply.e-tumo.jp/city-niiza-saitama-u/inquiry/inquiry_initDisplay",入力できる項目なし
"株式会社アサヒ企画は、「ハードとソフト」の開発経験豊富な ...","https://www.asahi-kikaku.jp/inquiry/",入力できる項目なし
"ワイヤレスガイド・無線通信機器の設計・開発・製造|技適 ...","https://rfworks.co.jp/contact.html",入力できる項目なし
"企業情報|サンシステム株式会社","https://www.sunsys.co.jp/contact/",入力できる項目なし
"委託倉庫管理システム(Si-net) - 株式会社 新装社","https://sinsousha.jp/pages/3/",入力できる項目なし
"千葉県千葉市のシステム開発会社|株式会社プラムシックス","https://www.plumsix.co.jp/contact/",入力できる項目なし
"首都圏システム開発株式会社 | 首都圏システム開発株式会社は ...","https://www.msd-21.co.jp/contact.html",入力できる項目なし
"株式会社タクト | システム開発 千葉県 松戸市 タクト 最適 統合 ...","https://www.takuto.co.jp/inquiry/",入力できる項目なし
"エイジスシステム開発株式会社","https://www.ajis.jp/contact/",入力できる項目なし
"会社案内 - 株式会社システムデザイン - System Design","https://www.system-design.co.jp/contact.html",入力できる項目なし
"企業情報|システム開発・受託開発の株式会社バーネット","https://barnet.co.jp/contact.html",入力できる項目なし
"株式会社ウィンキャット 小規模システム開発 Java・Php 千葉県 ...","https://www.wincat.co.jp/contact/index.html",入力できる項目なし
"アクセス | プレシジョン・システム・サイエンス株式会社 ...","https://www.pss.co.jp/inquiry/",入力できる項目なし
"医用システム・画像処理・映像解析・解析aiで業務革新 ...","https://www.form-answer.com/applications/HTDR8",入力できる項目なし
"Ejプランニング‐市川市本八幡のシステム開発・ホームページ ...","https://www.ejpl.co.jp/inquiry/index.html",入力できる項目なし
"音声基盤のクラウド化を推進して、コールセンター業務の進化 ...","https://www.rs-information.com/toyotasystems-career/interview/9/#a01",入力できる項目なし
"【山本達也:千葉県/市川市】市川の空気とシステム開発 ...","https://helps.ameba.jp/inquiry.html",入力できる項目なし
"千葉県柏市のホームページ制作・Meo対策で集客up - システムプランニングデリバリー","https://req.qubo.jp/Kashiwashouren/form/spd",入力できる項目なし
"Beside Creative | 千葉県柏市のWeb制作会社・SEO対策会社","https://beside-creative.com/contact",入力できる項目なし
"会社概要|アドバンスドシステムテクノロジー (Ast)","https://www.ast-net.co.jp/contact/",入力できる項目なし
"スズキ、2025/1/1付の人事異動 | Next Mobility | ネクスト ...","https://www.nextmobility.jp/contact-us20171204/",入力できる項目なし
"SUNITED株式会社|企業情報-company","https://sunited.co.jp/contact/",入力できる項目なし
"事業所案内 | 中外テクノス株式会社","https://www.chugai-tec.co.jp/contact/",入力できる項目なし
"Vol.1 市原 英樹さん | 先輩こんにちは! | 日大三をもっと知る ...","https://www.nichidai3.ed.jp/contact/",入力できる項目なし
"パートナー企業様募集|ソフトウェア開発、システム ... - Gsc","https://g-s-c.co.jp/contact/index.html",入力できる項目なし
"東京システムハウス株式会社 | お客様のためのitサービス ...","https://www.tsh-world.co.jp/inquiry/",入力できる項目なし
"東京システムアシスト株式会社","https://www.tsa-ltd.co.jp/contact/contact.html",入力できる項目なし
"Mattock - AI時代のベトナムオフショア開発パートナー | 開発 ...","https://mattock.jp/contact",入力できる項目なし
"ネクストゲート株式会社(NextGate)|SES、システム開発、IT ...","https://www.nextgate-g.com/#section-11",入力できる項目なし
"東京ソフトウェア株式会社 - 東京ソフトウェア株式会社はit ...","https://www.tsk-net.com/contact/",入力できる項目なし
"事業所案内|日本システム開発株式会社【NSK】","https://www.nsk.co.jp/contact-list",入力できる項目なし
"パートナー募集 |総合システム情報株式会社","https://www.ssinet.co.jp/contact_before/",入力できる項目なし
"サンシステム | 一期一会と鋭敏な触覚を持つクリエイティブ集団","https://www.sunsystem.com/contact/",入力できる項目なし
"株式会社CYZENNT|東京のシステム受託開発・SES","https://cyzennt.co.jp/contact/form/",入力できる項目なし
"会社概要 - 日本システム開発株式会社(Nsk)","https://www.nskint.co.jp/contact/",入力できる項目なし
"横浜の業務システム開発会社 Access開発のJSE 横浜市 ...","https://www.jse-inc.jp/category/1183898.html",入力できる項目なし
"ソフトウェア開発、システム開発 | 株式会社itsコア - 横浜市港北区","https://www.its-core.co.jp/mail/index.php",入力できる項目なし
"横浜情報システム株式会社","https://yjsys.co.jp/%e3%81%8a%e5%95%8f%e3%81%84%e5%90%88%e3%82%8f%e3%81%9b/",入力できる項目なし
"システムインテグレータのヨコハマシステムズ","https://ysco.net/inquiry/",入力できる項目なし
"会社概要 | 株式会社ソフテム | システム設計・開発","https://softem-net.co.jp/inquiry/index.html",入力できる項目なし
"株式会社システムミラ","https://www.mira.co.jp/contact.html",入力できる項目なし
"神奈川県横浜市のシステム開発会社ベイソル","https://www.baysol.jp/contact.html",入力できる項目なし
"株式会社インデペンデンスシステムズ横浜 | システム開発 ...","https://independence-sys.net/main/?page_id=10",入力できる項目なし
"株式会社エスビーエス","https://www.sbs-web.com/#contact",入力できる項目なし
"株式会社システム創造開発","https://www.scd.co.jp/contact/",入力できる項目なし
"企業情報(Tsシステムソリューションズ株式会社) | ティアンド ...","https://www.tecsvc.co.jp/ir-info/ir-inquiry/",入力できる項目なし
"会社概要 | 横浜 システム開発 株式会社ヒューマンネット ...","https://www.hmnt.jp/73671/?page_id=11",入力できる項目なし
"Ybシステムズ合同会社 | 横浜市青葉区 たまプラーザのシステム ...","https://yb-systems.jp/contact-us.html",入力できる項目なし
"株式会社横浜マリンシステム|アプリ/ネットショップ開発","https://yms.yokohama/contact",入力できる項目なし
"株式会社アローズ・システムズ","https://www.arrows-systems.co.jp/contact.html",入力できる項目なし
"横浜サテライトオフィス | システム開発・インフラ構築のディ ...","https://www.di-system.co.jp/inquiry/",入力できる項目なし
"システム開発のタクト情報システムズ株式会社 横浜市","https://tact-info.com/contact.html",入力できる項目なし
"横浜でシステム開発・Vpn、派遣事業のご相談なら|システム ...","https://www.sic-kk.co.jp/contact/",入力できる項目なし
"会社概要 - Yslソリューション","https://www.ysl.co.jp/contact-privacy/",入力できる項目なし
"株式会社ソフテム | 神奈川県川崎市のシステム開発会社","https://www.softem.co.jp/jiso_network/",入力できる項目なし
"朝日ソフトウェア開発株式会社|ASD","https://www.asdweb.co.jp/#contact",入力できる項目なし
"川崎市 : 行政情報システム開発監理等支援業務公募型 ...","https://www.city.kawasaki.jp/kurashi/category/256-0-0-0-0-0-0-0-0-0.html",入力できる項目なし
"協立システム開発株式会社 | ビジネスサポートネット | 芝信用金庫","https://www.shibashin.jp/service/ma/",入力できる項目なし
"株式会社川崎ウチダシステム","https://www.kawasaki-uchida.co.jp/#anc-03",入力できる項目なし
"第一コンピュータサービス | Dcs 最適システムの提供で情報化 ...","https://www.dcs21.co.jp/contact/",入力できる項目なし
"放送システムのことなら、MEDIX","https://medixnet.co.jp/contact/",入力できる項目なし
"開発・回路設計 | 高津通信株式会社","https://taka-2.co.jp/business/business-meeting/",入力できる項目なし
"横須賀ソフトウェア株式会社 │","https://www.yokosukasoft.co.jp/contact/",入力できる項目なし
"システム開発・基幹業務システム構築|株式会社カスガ堂 ...","https://www.kasugado.co.jp/contact/",入力できる項目なし
"システム開発・運営サポート|エクスタイル合同会社","https://exstyle.net/#contact",入力できる項目なし
"株式会社アトムシステム - 株式会社アトムシステム|信頼のit ...","https://www.atomsystem.co.jp/contact.html",入力できる項目なし
"home - 攻撃型生産管理システムTPiCS","https://www.tpics.co.jp/%E5%95%8F%E5%90%88%E3%81%9B/",入力できる項目なし
"""""""Aiで激変!タクシー新時代 ~""""""""地域の足""""""""を守れるか ...""""""","https://txbiz.tv-tokyo.co.jp/fplive",入力できる項目なし
"ネットワンシステムズ、茅ヶ崎市庁内ネットワークから ...","https://www.netone.co.jp/contact/",入力できる項目なし
"株式会社スフィーダ:神奈川県 厚木市のソフトウェア開発 ...","https://www.sfida-spa.com/contact/",入力できる項目なし
"会社案内|株式会社アイ・ピー・エル|Ipl|システム開発 ...","https://www.ipl-soft.co.jp/contact/",入力できる項目なし
"システム開発は湘南ソフトウェアエンジニアリング","https://www.s2e.co.jp/company.html#contact",入力できる項目なし
"ホームページ - 大和システム株式会社","https://daiwasys.co.jp/contact",入力できる項目なし
"ソリューション・製品-バス用機器 | 株式会社小田原機器","https://www.odawarakiki.com/request/",入力できる項目なし
"企業概要・沿革 - 株式会社小田原エンジニアリング","https://odawara-eng.co.jp/contact/",入力できる項目なし
"新潟|システム開発|株式会社ビット・エイ","https://www.bit.or.jp/profile/access/contact.html",入力できる項目なし
"三和システム・エンジニアリング株式会社 新潟のシステム開発 ...","https://www.sanwasys.co.jp/contact.html",入力できる項目なし
"システム開発 | 新潟県長岡市 | 株式会社bellsoft","https://bellsoft.jp/contact",入力できる項目なし
"株式会社第四北越ITソリューションズ","https://www.dh-its.co.jp/inquiry/",入力できる項目なし
"会社案内 | オフィスシステム株式会社","https://www.officesystem.co.jp/contact/",入力できる項目なし
"エリシアシステム - お客様のビジネスを支えるシステム開発 ...","https://www.elysia.co.jp/#contact",入力できる項目なし
"受託開発 | 長岡パワーエレクトロニクス株式会社","https://www.npe.co.jp/development/#",入力できる項目なし
"株式会社サンケイ情報ファシリティ システム、ソフトウェア ...","https://www.sjf.co.jp/sjfhome/Contact.html",入力できる項目なし
"SPRIX Engineering Lab|日本の教育を支えるエンジニア集団","https://www.sprix-englab.jp/recruit/#contact",入力できる項目なし
"システム受託開発","https://kawai-seiko.co.jp/contact/inquiry.html",入力できる項目なし
"システム開発部門 | 三条印刷株式会社","https://ssjjoo.com/system_dev/process_management/#inquiry",入力できる項目なし
"会社概要","https://www.computer-system.jp/contact/",入力できる項目なし
"一般財団法人 下越総合健康開発センター","https://www.kenkokaihatu.or.jp/37/309/",入力できる項目なし
"富山 システム開発 株式会社アルゴ","https://www.argo-inc.co.jp/inquiry/index.html",入力できる項目なし
"システム開発・アプリ開発|株式会社システムコボ","https://www.system-cobo.co.jp/#contact",入力できる項目なし
"業務ソフトウェア・システム開発の株式会社ハイテックス","https://www.hitechs.co.jp/inquiry/",入力できる項目なし
"IT_Link | 株式会社 アイティリンク ソフトウェア受託開発","https://www.itlink.jp/inquiry_agree/",入力できる項目なし
"株式会社システムサポート | SYSTEM SUPPORT Inc.","https://www.sts-inc.co.jp/contact/index.html",入力できる項目なし
"ウィザードソフト株式会社|金沢のゲーム開発・システム開発 ...","https://wizardsoft.co.jp/contact/index.html",入力できる項目なし
"株式会社タスク | システム・ソリューション開発の ...","https://www.task.co.jp/contact/",入力できる項目なし
"小松ウオール、基幹システムをオープン系に刷新--基盤を ...","https://aiasahi.jp/contact/inquiry.htm",入力できる項目なし
"会社概要 | Dx戦略 | コマツ産機","https://sanki.komatsu/service/location.html",入力できる項目なし
"マルチコンピューティング株式会社|ITからその先の未来へ","https://www.mcomp.co.jp/ba-otoiawse/",入力できる項目なし
"地震防災ソリューション|ソリューション|白山工業株式会社","https://www.hakusan.co.jp/web_connect/",入力できる項目なし
"福井県it関連企業リスト - ふくいdx事例集サイト","https://dxfukui.jp/case/contact/",入力できる項目なし
"福井県越前市でシステム開発 | Webアプリケーション開発なら ...","https://www.spromotion.co.jp/contacts",入力できる項目なし
"会社案内|株式会社エイトシステム","https://www.eitosystem.co.jp/contact.php",入力できる項目なし
"福井 サテライト研修|福井県内で受講できるライブ配信it研修 ...","https://www.fisc.jp/pckouza/attnd.html#contact",入力できる項目なし
"ナカテック デジタル ソリューション | 会社情報","https://nakatec-ds.com/company.html#contact",入力できる項目なし
"Itシステム開発争訟 | 渥美坂井法律事務所・外国法共同事業","https://www.aplawjapan.com/contacts",入力できる項目なし
"印鑑彫刻機 | レーザー彫刻機 | 名刺プリンタ | ファイバー ...","https://www.motegi-system.com/contact/",入力できる項目なし
"国際勧業株式会社 システム開発、Pc関連製品の販売、宅地建物 ...","https://www.kokusai.co.jp/estate/index.php",入力できる項目なし
"会社情報 - アドバンステクノロジー株式会社","https://www.advance-te.com/company/#overview",入力できる項目なし
"アルファシステムサービス株式会社","https://www.alpha-syss.jp/contact.html",入力できる項目なし
"知識工学株式会社 | 長野県にあるコンピューターシステム開発会社","https://www.chishiki-k.co.jp/contact.html",入力できる項目なし
"エヌ・エス・ケイ株式会社|長野県長野市のシステム開発会社","https://www.nsk-inc.co.jp/contact/index.html",入力できる項目なし
"長野システム開発株式会社 - 信州オープンビジネス ...","https://s-soba.or.jp/contact/",入力できる項目なし
"システム開発 | 株式会社ユリーカ","https://viva-eureka.com/contact-form",入力できる項目なし
"ソフトウェア開発・ホームページ制作 長野県松本市の電算 ...","https://www.doa-inc.jp/agreement/",入力できる項目なし
"会社概要 | 東洋システム開発株式会社","https://www.tsknet.co.jp/%e3%81%8a%e5%95%8f%e3%81%84%e5%90%88%e3%82%8f%e3%81%9b/",入力できる項目なし
"株式会社システムアスカ 松本事業所 | まつもと暮らし |松本 ...","https://matsumoto.city/job-info/",入力できる項目なし
"AID|企業情報","https://www.a-i-d.co.jp/contact",入力できる項目なし
"グローバルシステム株式会社","https://globalsystem.co.jp/#company",入力できる項目なし
"株式会社SOLA","https://sola-inc-web.com/inquiry.html",入力できる項目なし
"株式会社キャスティネット システム開発 長野県:飯田市 ...","https://cxc.jp/development/clientcontact/",入力できる項目なし
"独自のトータルシステムで全ての工程を自社管理|株式会社 ...","https://www.iidasangyo.co.jp/contact/",入力できる項目なし
"exluce","https://www.exluce.co.jp/mobile/inquiry.html",入力できる項目なし
"株式会社第一システム - 株式会社第一システム","https://www.daiichisystem.co.jp/contact/",入力できる項目なし
"株式会社web-wing | Webシステム開発 岐阜県大垣市 | ソフ ...","https://www.contact-web.jp/",入力できる項目なし
"会社概要 | アイデックス株式会社","https://aidex.jp/business/contactlog",入力できる項目なし
"システム開発のエクセル代行 | 岐阜県可児市","https://exceldaikou.jp/#%E6%96%99%E9%87%91%E3%83%BB%E3%81%8A%E5%95%8F%E3%81%84%E5%90%88%E3%82%8F%E3%81%9B",入力できる項目なし
"システム開発|ホームページ制作|パソコンのことなら岐阜の ...","https://www.k-kplus.jp/contact.html",入力できる項目なし
"株式会社電算システム","https://www.densan-s.co.jp/inquiry.html",入力できる項目なし
"Invision - ウェブ・アプリ開発+デザイン - 株式会社インビジョン","https://invision.co.jp/#contact",入力できる項目なし
"企業情報 | 有限会社オオヒラ制禦システム","https://ohira-cs.com/contact.html",入力できる項目なし
"組合企業紹介 - 静岡県ソフトウェア事業協同組合","https://ssanet.jp/contact-us/",入力できる項目なし
"株式会社システムソフィア","https://systemsophia.co.jp/contact.html",入力できる項目なし
"沼津ニアショア開発センター | ソリューション | 株式会社メトロ","https://www.metro.co.jp/mobile/contact/",入力できる項目なし
"情報(データベース)の使い手、システム会社Liberty(リバティー)です","https://liberty-system.co.jp/contact/",入力できる項目なし
"ソフトウェア開発・販売管理・生産管理システム受託開発 ...","https://www.tk-s.co.jp/contact.html",入力できる項目なし
"株式会社ゼクスターズ|ソフトウェア開発/システム構築/It ...","https://www.xecstars.co.jp/contact/",入力できる項目なし
"浜松市でwebサイト開発なら | 田島if企画 | 静岡県浜松市を拠点 ...","https://tajima-ifp.jp/programmingconsultation/",入力できる項目なし
"開発体制強化/効率化 |富士ソフト株式会社 - Fsi","https://www.fsi.co.jp/contact/aboutus.html",入力できる項目なし
"株式会社アイ・ネクスト|静岡県富士市のシステム開発会社","https://i-next.tech/contact-agree/",入力できる項目なし
"富士エンジニアリング株式会社 確かな技術で騒音・振動・音響 ...","https://fujiengineering.co.jp/soudan/inquiry.html",入力できる項目なし
"株式会社システムインテグレータ、富士ソフトと共同で新会社 ...","https://corporate.sint.co.jp/contact",入力できる項目なし
"株式会社システムフリージア | 株式会社システムフリージア","https://www.sys-freesia.co.jp/contact/",入力できる項目なし
"鈴与システムテクノロジー株式会社(Sst)|情報システム開発 ...","https://www.sst-web.com/contact/",入力できる項目なし
"省エネに特化した冷熱設備を企画・開発|八洋 ...","https://www.hachiyo.jp/74207/contact-information/",入力できる項目なし
"東京・静岡のWeb制作・印刷広告は株式会社共立アイコム","https://www.kpnet.co.jp/contact/",入力できる項目なし
"研究組織|OKIの技術|OKI","https://www.oki.com/jp/contact/",入力できる項目なし
"名古屋のシステム開発|株式会社メイテツコム","https://info.meitetsucom.co.jp/sp/inquiry/form/0001",入力できる項目なし
"名古屋のシステム会社 | トランソニックソフトウェア","https://trans-it.net/services/it-consulting/",入力できる項目なし
"ウインズソフト株式会社|名古屋|システム開発で課題解決支援","https://www.winsft.jp/#contact",入力できる項目なし
"システム開発 名古屋:: 株式会社ジー・ソフト|名古屋で ...","https://gsoft.co.jp/contact",入力できる項目なし
"システム開発 名古屋|株式会社リンク","https://www.link-jc.com/#contact-top",入力できる項目なし
"名古屋システム株式会社","https://www.nagoya-system.com/entry1.html",入力できる項目なし
"株式会社ネオシステム | 愛知県名古屋市のソフトウェア開発会社","https://www.e-neo.co.jp/contact.html",入力できる項目なし
"株式会社インビリティー | 名古屋のアプリ開発・システム開発 ...","https://inbility.co.jp/contact.html",入力できる項目なし
"システム・アプリ開発、Itソリューションは名古屋のアドバンス ...","https://www.advancesoft.co.jp/contact/index.html",入力できる項目なし
"培われてきた技術 | 豊田自動織機itソリューションズ(Tiis)","https://www.tiis.global/contact",入力できる項目なし
"株式会社TOAシステム","https://www.e-toasys.com/contact/",入力できる項目なし
"株式会社シャイン | 自分らしく輝き続けるカンパニー","https://syain-ss.com/contact/",入力できる項目なし
"Jr岡崎駅東口での複合施設開発について | お知らせ | 名古屋 ...","https://www.nsk-eki.com/faq/",入力できる項目なし
"株式会社KIT","https://www.kit-japan.co.jp/contact.html",入力できる項目なし
"提供サービス|システム開発・IT支援|株式会社ダッド","https://www.dad.co.jp/contact/",入力できる項目なし
"情報システムの開発、販売、企画、保守なら昭和 ...","https://www.showacs.co.jp/category_005.html",入力できる項目なし
"株式会社タッグシステム - 愛知県一宮市にあるコンピュータ ...","https://www.tag-system.co.jp/contact",入力できる項目なし
"愛知県一宮市のIT経営コンサルティング「株式会社サカイiT経営」","https://www.sakaiit.com/2022/%e5%a4%a7%e5%9e%a3%e5%95%86%e5%b7%a5%e4%bc%9a%e8%ad%b0%e6%89%80%e3%81%ae%e3%83%af%e3%83%b3%e3%82%b9%e3%83%88%e3%83%83%e3%83%97%e7%b5%8c%e5%96%b6%e7%9b%b8%e8%ab%87%e4%bc%9a/",入力できる項目なし
"株式会社エム・アイ・ティ システム開発","https://mit-sys.co.jp/contact/index.html",入力できる項目なし
"株式会社ブイシステム","https://vsystem.co.jp/contact.html",入力できる項目なし
"株式会社ネットコム","https://www.aichi-biz.com/search/companies/23/#CONTACT",入力できる項目なし
"会社概要 | テクノシステム株式会社","https://www.technosystems.co.jp/contact/",入力できる項目なし
"株式会社システムハウス","https://www.system-house.co.jp/contact.html",入力できる項目なし
"IT導入サポートデスク/連携ベンダーのご紹介|豊橋商工会議所","https://www.toyohashi-cci.or.jp/info/contact.php",入力できる項目なし
"会社概要 | 【Osc】業務効率化、Dx支援からホームページ制作 ...","https://www.osc-kk.co.jp/company/#",入力できる項目なし
"愛知県春日井市のシステムソリューションサービス - Gl ...","https://gl-s.co.jp/case/",入力できる項目なし
"春日井のシステム開発・ホームページ制作はらいおん丸","https://raionmaru.jp/#",入力できる項目なし
"会社情報|学校支援システムの株式会社EDUCOM","https://www.educom.co.jp/contact",入力できる項目なし
"会社概要|六合システム電子工業","https://rdk.rokugo-g.co.jp/contact",入力できる項目なし
"ソリトンと名古屋大学、自動運転を遠隔から簡易な操作で走行 ...","https://www.soliton.co.jp/contact/",入力できる項目なし
"BULiT | 会社概要","https://www.bulit.co.jp/contact.html",入力できる項目なし
"Worldsystem - 株式会社ワールドシステム","https://www.world-system.co.jp/consult/",入力できる項目なし
"""""""日本でソフトウェア専門企業を""""""""当たり前""""""""に、そしてsiの形を ...""""""","https://note.com/innovationhub/message",入力できる項目なし
"モビシステム|西尾レントオール","https://mobi.nishiorent.com/user/regist_contact",入力できる項目なし
"東海空圧機器 株式会社","https://tokaikuuatsu.com/contact/",入力できる項目なし
"西尾レントオール、Aiによるスケートボーダー検知システムを ...","https://s.evesul.jp/contact",入力できる項目なし
"株式会社エクサソリューションズ | Webサイト制作・システム開発","https://www.exa-sol.co.jp/#contact",入力できる項目なし
"会社案内 | 株式会社 百五デジタルソリューションズ","https://www.105ds.co.jp/contact/",入力できる項目なし
"アマノシステム株式会社|ソフト開発・パッケージ","https://amano-system.co.jp/contact.html",入力できる項目なし
"あいさシステム | 三重県南部(松阪、伊勢、鳥羽、志摩、明和 ...","https://aisa.jp/servicecontents/consult",入力できる項目なし
"会社概要|エボルテック株式会社|エンジニアリング/請負 ...","https://evoltech.co.jp/contact/index.php",入力できる項目なし
"連結子会社の吸収合併のお知らせ | 情報技術開発株式会社 - tdi","https://www.tdi.co.jp/inquiry/",入力できる項目なし
"フィルム検査・シート検査・素材検査・ウェブ検査・欠陥検査 ...","https://www.frontier-s.co.jp/contact/index.cgi",入力できる項目なし
"環境開発推進事業部|滋賀県大津市の生ゴミ堆肥化処理 ...","https://nichieishiga.co.jp/security2/#form_link",入力できる項目なし
"AIoT Inc. | 株式会社AIoT","https://www.ai-ot.com/contact.html",入力できる項目なし
"» 酒造に特化したシステム開発でシェアNo.1にー 株式会社ハート ...","https://www.cgc-shiga.or.jp/use/consultation",入力できる項目なし
"フォーサイトシステム株式会社","https://www.foresight.co.jp/contact/",入力できる項目なし
"株式会社滋賀設備システム | 地域のニーズに応え High Qualityを ...","https://shigasetu.co.jp/contact/",入力できる項目なし
"京都グレインシステム株式会社|農産物を飲料・食品 ...","https://www.kyoto-grain.co.jp/prototype.html",入力できる項目なし
"長浜から始まるit革新!地域課題を解決するプリムス ...","https://nagahama-koukaiki.com/shitateyatoshokunin/",入力できる項目なし
"会社概要|株式会社スリーエイ・システム","https://aaa-system.co.jp/contact.php",入力できる項目なし
"エンジニアリングセンターTec Lab(テックラボ)長浜景観広告賞 ...","https://www.nikkeipanel.co.jp/solution/step/index.html",入力できる項目なし
"Company | 会社案内 | 充放電試験装置・電池試作設備・安 ...","https://toyo-system.co.jp/products-toscat/#contact",入力できる項目なし
"会社概要 | アクアシステム株式会社","https://www.aqsys.co.jp/strengths/select-consul",入力できる項目なし
"TOP|株式会社ウェーブ - Making your Solution.","https://www.waveco.co.jp/contact.html",入力できる項目なし
"会社案内|株式会社SCREENシステムサービス","https://www.screen-sys.co.jp/contact.html",入力できる項目なし
"株式会社ソフト開発","https://softkaihatsu.co.jp/contact/",入力できる項目なし
"水管理の見える化によりサステナビリティ開発を加速 ~彦根 ...","https://contact.screen.co.jp/form/pub/screen/spe",入力できる項目なし
"株式会社グローバル・システムズ","https://www.globalsystems.co.jp/contact.html",入力できる項目なし
"Top | 株式会社ラブリーシステムイン","https://lovelysysteminn.com/contact.html",入力できる項目なし
"Myシステム合同会社 | エムワイシステム合同会社は、業務用 ...","https://mysystem-soft.com/contact",入力できる項目なし
"株式会社AIVICK|アイヴィック|京都|システム開発|Web ...","https://www.aivick.co.jp/contact/index.html",入力できる項目なし
"株式会社ティ・オー・エス-各種業務のシステム設計、開発 ...","https://www.tos-kk.co.jp/contact.html",入力できる項目なし
"システム工房ヤマックス","https://yamax.info/#contact",入力できる項目なし
"会社概要 | 会社情報 | 星和テクノロジー株式会社|システム ...","https://www.seiwatec.co.jp/index.php/contact/",入力できる項目なし
"会社情報|株式会社エヌ・ケイ・システム","https://www.nksystem.net/contact.html",入力できる項目なし
"システム開発・ソフトウェア開発【株式会社アイ・エス・ディ】","https://isd-net.co.jp/contact/",入力できる項目なし
"株式会社エス・シー・アイ |システム開発、ソフトウェア開発 ...","https://scij.co.jp/#contact",入力できる項目なし
"株式会社トライク - システム開発 | 大阪","https://www.trik.co.jp/contact",入力できる項目なし
"Esシステム株式会社 - システム開発・Itコンサルタント","https://es-sys.com/?page_id=1117",入力できる項目なし
"パートナー募集 - Dear System","https://www.dsic.jp/contact",入力できる項目なし
"株式会社エス・アイ・エス|システム開発 東京 大阪","https://www.sisj.com/contact/",入力できる項目なし
"大京システム開発株式会社 - 基幹業務のシステム化、It技術 ...","https://u-dsk.co.jp/contact/",入力できる項目なし
"尼崎市、大阪 システム開発の株式会社シスマックス","https://www.sysmax.jp/contact.html",入力できる項目なし
"会社概要 - アイシーシステム株式会社","https://www.icsystem.co.jp/contact.html",入力できる項目なし
"大阪 堺市 ホームページ作成・AI(人工知能)開発・システム開発ソフトウェアー開発・ <br>大手モールコンサルティング・広告デザイン・チラシ ...","https://www.zaprizing.com/index.html#cont5",入力できる項目なし
"企業概要 | サン・エム・システム株式会社","https://www.sun-m.co.jp/contact/",入力できる項目なし
"会社概要 - シグマシステム株式会社","https://www.sigma-system.co.jp/contact/",入力できる項目なし
"株式会社シグマシステム","https://sigsys.co.jp/contact.html",入力できる項目なし
"エスシステム株式会社","https://s-system.biz/#sec6",入力できる項目なし
"株式会社アップロード | 大阪/東京を拠点にシステム開発 ...","https://upload-gp.co.jp/contact/",入力できる項目なし
"大規模jaシステム自社開発 - 住友電工情報システム株式会社","https://www.sei-info.co.jp/RakHPcm/rkcmServlet/rkhp0020?no=9150",入力できる項目なし
"システム開発|制御系ソフトウェア開発|Oa系スタッフサービス ...","https://cybtech.co.jp/contact.html",入力できる項目なし
"公益財団法人茨城県開発公社","https://dc-ibaraki.or.jp/contact/",入力できる項目なし
"【公式】株式会社エイゾス | 茨城県つくば市のaiシステム開発 ...","https://aizoth.com/contactus",入力できる項目なし
"会社概要|杉岡システム株式会社|大阪府枚方市","https://www.sugiokasystem.co.jp/",入力できる項目なし
"会社案内|株式会社テイク・システムズ(公式ホームページ)","https://take-systems.co.jp/pages/4/",入力できる項目なし
"若手社員が本音で話してみた!〜システム開発を経験して ...","https://www.mki.co.jp/contact/",入力できる項目なし
"株式会社RELITEC","https://relitec.co.jp/#contact",入力できる項目なし
"会社概要 | 会社情報 | ABCシステム - Addo","https://www.abcs.addo.co.jp/contact",入力できる項目なし
"機器管理システム|株式会社池田理化","https://www.ikedarika.co.jp/catalog/list/",入力できる項目なし
"Studio Habit - 大阪府守口市のシステム開発・アプリ開発・ホーム ...","https://studio-habit.com/#contact",入力できる項目なし
"沿革 | 東邦システム株式会社","https://www.tohosystem.com/contact/",入力できる項目なし
"システム構築から計測機器開発など、ハードウェア開発から ...","https://scimolex.co.jp/contactus.html",入力できる項目なし
"神戸ソフト株式会社 | 神戸のシステム・アプリ開発会社","https://kobesoft.co.jp/contact/",入力できる項目なし
"株式会社神戸デジタル・ラボ Kobe Digital Labo(KDL)","https://www.kdl.co.jp/contact/",入力できる項目なし
"システムエンジニアリング|株式会社コベルコE&M","https://www.kobelco-em.jp/contact/",入力できる項目なし
"神戸で中小規模のソフトウェア開発業者を探すなら株式会社 ...","https://parts-soft.com/contact",入力できる項目なし
"株式会社ドーン | 地理情報システム (Gis)","https://www.dawn-corp.co.jp/contact/index-2/",入力できる項目なし
"会社情報|ITソリューション&サービスならコベルコシステム","https://www.kobelcosys.co.jp/inquiry/",入力できる項目なし
"神戸システム技術株式会社 - マイグレーションなどitサービス ...","https://kst-sakuraeast.jp/inquiry.html",入力できる項目なし
"神戸 Webシステム開発 スマホアプリ開発 Web制作リブライク ...","https://www.livlike.jp/#Contact",入力できる項目なし
"会社概要 :: 株式会社キャットシステム - Cat System","https://www.catsystem.co.jp/contact",入力できる項目なし
"アプリ開発・WEB制作・AI活用 | Zept合同会社 | 姫路市、関西","https://zept7.com/Information/2025/04/24/post-162/",入力できる項目なし
"会社概要 | 株式会社サブロク","https://saburoku-system.com/contact/",入力できる項目なし
"HAX株式会社 | Web × システム × 生成AI","https://www.ha-x.co/contact",入力できる項目なし
"システムスクエア株式会社","https://www.systemsquare.co.jp/contact-guest",入力できる項目なし
"有限会社プライムシステム - Ledビジョンメーカー、特殊照明 ...","https://prime-s.com/#contact",入力できる項目なし
"ToNEXT | 兵庫県尼崎のシステム開発会社","https://tonext.co.jp/#footer",入力できる項目なし
"会社概要 - 環境システム株式会社 - In-situ.jp","https://www.in-situ.jp/contact_03.html",入力できる項目なし
"ホーム - 株式会社プロシアテクノロジー","https://prosiatec.com/#gywm",入力できる項目なし
"事業・サービス|株式会社 菱友システムズ - Ryoyu","https://www.ryoyu.co.jp/contact/",入力できる項目なし
"RiverSystem","https://www.riversystem.co.jp/contact.html",入力できる項目なし
"会社概要|会社案内|株式会社アビット","https://www.avit.jp/inquiry/",入力できる項目なし
"「自腹であってもやりたいか」SaaSビジネス立ち上げのプロが ...","https://www.cacidentity.co.jp/contact",入力できる項目なし
"アークのシステム開発 | 株式会社アーク","https://www.arc-cp.jp/inquiry.html",入力できる項目なし
"株式会社神姫システム|Company","https://www.shinki-systems.co.jp/form.php",入力できる項目なし
"株式会社d.o.sシステムサービス | 「人」の想いをつなぎ、より ...","https://www.dos-system.co.jp/#CONTACT",入力できる項目なし
"++ プラスプラスシステム ++ 宝塚で業務システム開発、ホーム ...","https://plus-sys.biz/aboutus/index.html",入力できる項目なし
"私たちについて|システムギアビジョン","https://www.sgv.co.jp/contact.html",入力できる項目なし
"Home :: 株式会社システムワークス","https://system-works.co.jp/contact",入力できる項目なし
"本社へのアクセス | Wave Technology (WTI) | 半導体周辺回路 ...","https://www.wti.jp/contents/contact.htm",入力できる項目なし
"Tgl -システムインテグレータ テイジイエル-","https://www.tgl.co.jp/emp/inquiry.php",入力できる項目なし
"会社情報 - ネットロックシステム株式会社","https://www.nl-system.jp/service/vmc/vmc-faq/",入力できる項目なし
"会社概要|ユニバース情報システム株式会社","https://uisnet.co.jp/contact",入力できる項目なし
"東都システム開発株式会社","https://www.tohtosystem.co.jp/inquiry.html",入力できる項目なし
"会社情報","http://www.mezsystem.com/contact.html",入力できる項目なし
"株式会社エムシーシー","https://www.mccweb.co.jp/saport1.htm",入力できる項目なし
"和歌山でのホームページ制作・システム開発はクオリアにお ...","https://qualia.ne.jp/#contact",入力できる項目なし
"システム開発・ネットワーク構築|株式会社ロジック","https://www.logic-japan.co.jp/mail_form.html",入力できる項目なし
"Sai Inc. | System & Housing","http://sai-sk.co.jp/contact/",入力できる項目なし
"会社概要 | 紀陽情報システム株式会社","https://www.k-js.co.jp/contact",入力できる項目なし
"株式会社エス・ピー | System Partner","https://sp-co.jp/contact.php",入力できる項目なし
"SeCure Protect|ネットワーク構築・サーバー構築の和歌山県IT ...","https://www.secure-protect.jp/contact",入力できる項目なし
"固形製剤連続生産 - 三菱ケミカルエンジニアリング株式会社","https://www.mec-value.com/contact/",入力できる項目なし
"証明・Gs1事業者コード | 海南商工会議所","https://www.kainan-cci.or.jp/?page_id=7",入力できる項目なし
"会社概要 | アイレス電子工業株式会社","https://www.ailes.co.jp/inquiry/",入力できる項目なし
"鳥取県湯梨浜町のホームページ制作・システム開発会社|合同 ...","https://jp-roady.net/diary.html",入力できる項目なし
"Contact | 合同会社ヴォール 鳥取のITシステム開発&ITサポート","https://wohl-yz.net/#contact",入力できる項目なし
"米子市全域でフレイル予防アプリを展開 | Scala Group / 株式会社 ...","https://scalagrp.jp/information/",入力できる項目なし
"ホームページ制作・Web制作・Web集客のことならITS|鳥取県 ...","https://its-office.jp/#get-in-touch",入力できる項目なし
"エムケイ開発株式会社","https://mk10.net/#contact",入力できる項目なし
"株式会社八雲ソフトウェア","https://8clouds.co.jp/contact/",入力できる項目なし
"システム開発 | ティーエスケイ情報システム株式会社","https://www.tskis.jp/contact/",入力できる項目なし
"株式会社システムデザイン・アクティ ~ ホームページ制作 ...","https://www.acty.ne.jp/feedback.html",入力できる項目なし
"島根県出雲市でシステム開発・導入の相談なら三島笑会","https://www.m-shokai.jp/#contact",入力できる項目なし
"システムエンジニアが島根県出雲市で地域活性化に貢献する ...","https://mishima-shokai.jp/contact/",入力できる項目なし
"Donatello システム開発会社 SESによるエンジニア(SE)就職支援","https://donatello.jp/inquiry/",入力できる項目なし
"ソフトウェア開発・保守 - 株式会社浜田コンピュータシステム","https://www.h-com.co.jp/inquiry",入力できる項目なし
"Hsj 株式会社 濱田システム事務所 ~ 高い専門性と高度な ...","https://psycho-ouj.sakura.ne.jp/hsj_v2023/tops/inquiry",入力できる項目なし
"システム開発部の定例会 « デジタルピア","https://www.digitalpia.co.jp/inquiry/",入力できる項目なし
"NETCITYS株式会社 - Webシステム開発、SIer - 岡山","https://www.netcitys.co.jp/common/otoiawase_approval.html",入力できる項目なし
"岡山のシステム開発会社 株式会社みうら - 少額予算でdx化のお ...","https://xn--p8j2f5az02xtxqupmq82a.jp/contact/",入力できる項目なし
"株式会社システムズナカシマ | 岡山・東京・大阪のシステム開発","https://www.systems.nakashima.co.jp/inquiry/snc/inquiry.php",入力できる項目なし
"両備システムズ","https://www.ryobi.co.jp/contact",入力できる項目なし
"ビジネスセンター岡山株式会社|デジタルで会社のやり方を ...","https://www.bco.co.jp/service/service-aichat",入力できる項目なし
"ピープルソフトウェア株式会社|People Software Corporation","https://pscsrv.co.jp/contact/",入力できる項目なし
"Awsを活用したガバメントクラウドの移行と開発エピソードを ...","https://www.ines-solutions.com/contact_form_01.html",入力できる項目なし
"株式会社tyシステム | It技術向上で世の中の問題を解決する","https://www.tysystem.net/contact",入力できる項目なし
"システムインテリジェンス株式会社","https://www.s-intelligence.co.jp/contact.html",入力できる項目なし
"株式会社ビジネスソフト社|広島県福山市のソフトウェア開発会社","https://www.bscnet.co.jp/contact/",入力できる項目なし
"株式会社アクトシステムズ","https://www.act-systems.co.jp/contents/toiawase/",入力できる項目なし
"株式会社コアシステムズ - 商品を生み出し、市場を創る。","https://www.coasystems.net/news/4426/",入力できる項目なし
"会社概要 | Jmuシステムズ","https://jmusystems.co.jp/contact/",入力できる項目なし
"株式会社デスクワークラボ - 東広島のデジタル化をサポート","https://deskworklabo.jp/itadvise/",入力できる項目なし
"株式会社コムコシステム","https://www.comcosystem.co.jp/contactmail/",入力できる項目なし
"会社案内 | 株式会社日本クライメイトシステムズ","https://www.jcsaircon.co.jp/information/",入力できる項目なし
"尾道市で業務にフィットするWEBシステム開発|HRACN","https://www.hracn.com/service/corporate-wellness/",入力できる項目なし
"事業者の紹介・山口システム開発株式会社 - 山口県ホームページ","https://www.pref.yamaguchi.lg.jp/soshiki/37/16342.html#sp_headline_5",入力できる項目なし
"Nippon Computer System HOME PAGE -- 山口県下関市 ...","https://ncs-eng.co.jp/publics/index/5/",入力できる項目なし
"会社概要 - シーモール(Seamall)のホームページ-下関商業 ...","https://www.seamall.jp/gaiyou/?page_id=363",入力できる項目なし
"下関市のシステム開発のtranslate piyu in tagalog translation ...","https://mtke-job.jp/list/c[]=2&keyword=translate%20piyu%20in%20tagalog%20translation&t[]=241",入力できる項目なし
"株式会社 宇部情報システム-山口県周南市企業情報 ...","https://www.shunan-marketing.jp/html/contact/",入力できる項目なし
"周南システム産業株式会社","https://www.shunan.co.jp/module/mform.php",入力できる項目なし
"山口県周南市のホームページ作成・Web制作なら|bloomin'","https://bloo-min.com/#contact",入力できる項目なし
"TOP|徳山システム株式会社","https://www.tokusys.co.jp/contact.html",入力できる項目なし
"株式会社トクヤマ先進技術事業化センターにおける赤い羽根 ...","https://yanai-syakyo.or.jp/details/advice/",入力できる項目なし
"米軍の新型ミサイルシステム「タイフォン」に中国反発 相手 ...","https://www.tv-asahi.co.jp/contact/",入力できる項目なし
"ごみ焼却炉92日間完全自動運転を実現 ~自動運転システムの ...","https://www.jfe-eng.co.jp/form/toiawase.html",入力できる項目なし
"山口県防府市のPOSシステムぎが","https://www.systemgiga.com/p8_contact/index.html",入力できる項目なし
"情報システム事業部|建築資材・エネルギー|株式会社 三友","https://san-yu.co.jp/inquiry/index.html",入力できる項目なし
"会社案内 | グローバルシステムズ株式会社","https://www.gss-sys.co.jp/inquiry/",入力できる項目なし
"徳島のソフトウェア開発・システム構築有限会社ユー・テック","https://www.u-tech.co.jp/contact/",入力できる項目なし
"システムエンジニア 日本システム開発株式会社 - 徳島県 ...","https://trial-syuurou.pref.tokushima.lg.jp/#contact",入力できる項目なし
"徳島ソフトウェア開発|ビザンコマース株式会社","https://www.bizan.com/asp/newsitem.asp?nw_id=277",入力できる項目なし
"香川県高松市のソフトウェア開発 株式会社 更紗ネオクリエイト","https://saranc.co.jp/#contact",入力できる項目なし
"システム開発 - 株式会社サンコー","https://www.sancoh.co.jp/category/contact",入力できる項目なし
"ヤマトシステム開発株式会社 | ワクサポかがわ","https://www.wskagawa.jp/index.php?prog=pub_choicereserve&exec=top",入力できる項目なし
"ソフト開発事業部 | 事業内容 | 株式会社 穴吹カレッジサービス","https://anabuki-cs.jp/contact/",入力できる項目なし
"会社概要 | 株式会社アポロシステム","https://www.apollosystem.co.jp/contact.html",入力できる項目なし
"トリドールのdx ~これまでとこれから~ | 株主・投資家情報 ...","https://www.toridoll.com/contact/",入力できる項目なし
"Gis とデータ活用による丸亀製麺の海外店舗開発モデルの構築 ...","https://business-map.esrij.com/page_contact/",入力できる項目なし
"M&Pシステムサービス","https://mp-systemservice.tokyo/#sec06",入力できる項目なし
"MAiZM支援で高専生が起業 - ビジネス香川","https://www.bk-web.jp/inquiry.php",入力できる項目なし
"株式会社三豊ai開発|スピーダ スタートアップ情報リサーチ","https://initial.inc/contact",入力できる項目なし
"株式会社三豊AI開発 | InfoBase","https://forms.gle/ihxVoq7pLendNahp8",入力できる項目なし
"Aiで地域課題の解決をめざす、高専が地域と連携して学生起業を ...","https://www.amazon.co.jp/dp/4065410770/ref=nosim?tag=impresswatch-42-22",入力できる項目なし
"会社概要 | 株式会社パルソフトウェアサービス","https://www.palsoft.co.jp/contact/",入力できる項目なし
"株式会社ネッツ|NeTS WEBSITE","https://www.nets-web.co.jp/toiawase/",入力できる項目なし
"有限会社アイシンシステム | ホームページ作成からシステム ...","https://www.aishinsys.co.jp/",入力できる項目なし
"新居浜高専PICマイコン学習キットVer.3 完全ガイド - Gihyo Direct","https://direct.gihyo.jp/view/item/000000003021?category_page_id=programming#makeshop-common-contact-url",入力できる項目なし
"研究開発 | 事業紹介 | 住友金属鉱山株式会社","https://www.smm.co.jp/contact/",入力できる項目なし
"システム会社でのシステム開発 愛媛県新居浜市/正社員/年間 ...","https://tenshoku.abi.co.jp/sodan/",入力できる項目なし
"It・システム開発 | タウン情報のカテゴリー | 新居浜商工会議所","https://www.niicci.or.jp/consultation/",入力できる項目なし
"国産バーク材原料「ブラックバークペレット」開発に成功 ...","https://www.kiyomoto.co.jp/inquiry/",入力できる項目なし
"高知システム開発","https://www.aok-net.co.jp/contact/",入力できる項目なし
"高知システム開発・テキスト版","https://www.aok-net.com/madoguchi.htm",入力できる項目なし
"高知システムズ|システム開発・ネットワーク・情報セキュリティ","https://www.ksco.co.jp/contact",入力できる項目なし
"株式会社システム二十一 - 高知県 - システム開発","https://kochis21.co.jp/#contact",入力できる項目なし
"株式会社高知システム開発 | シカクの窓","https://www.naiiv.net/publicsupport/",入力できる項目なし
"パシフィックソフトウエア開発株式会社","https://pacificsoftware.co.jp/contacttop/",入力できる項目なし
"【公式】アーモン株式会社|福岡|システム開発|WEBサイト制作","https://armon.co.jp/category/contact/",入力できる項目なし
"【福岡】It / システム開発・設計・コンサルティング 株式会社sat","https://www.sat.ne.jp/#contact",入力できる項目なし
"システムエース株式会社 | Itソリューション | 北九州市","https://www.system-ace.com/contact",入力できる項目なし
"Home | コンピュータシステム開発・ソフトウェア開発・ホーム ...","https://www.link-software.co.jp/contact/",入力できる項目なし
"株式会社ネクステージ | 福岡のソフトウェア開発会社","https://www.nexstage.co.jp/contact/perl/input.cgi",入力できる項目なし
"ミシマ・オーエー・システム株式会社","https://www.mishimaoa.co.jp/inquiry/",入力できる項目なし
"北九ソフト株式会社|制御ソフト開発、画像認識ソフト開発 ...","https://www.kitakyu-soft.co.jp/index.html#sec2",入力できる項目なし
"企業情報 | 株式会社Youmeシステム","https://youmesys-co-jp.prm-ssl.jp/contact.html",入力できる項目なし
"株式会社テクノ・カルチャー・システム","https://www.techno-net.co.jp/inquiry/",入力できる項目なし
"共栄環境開発株式会社(公式ホームページ)","https://www.kyoei-ed.com/pages/5/",入力できる項目なし
"株式会社永大開発コンサルタント","https://eidai-kaihatu.bsj.jp/#website-contact",入力できる項目なし
"展示ブース - 公益財団法人飯塚研究開発機構ものづくり振興 ...","https://www.cird.or.jp/sangaku.html",入力できる項目なし
"役員プロフィール - 歯科統合電子カルテシステムの開発・販売 ...","https://www.towa-hi-sys.co.jp/inquiry",入力できる項目なし
"西鉄天神大牟田線において、AI警備システム「AI Security ...","https://jp.asilla.com/contacts",入力できる項目なし
"凸版印刷 福岡県大牟田市に新たなシステム開発拠点「Ict ...","https://p-prom.com/company/?p=79403",入力できる項目なし
"システム開発 千代田区|株式会社オルベック","https://willap.jp/p/acc_3529/info/",入力できる項目なし
"ソフトウエアビジョン株式会社トップページ|熊本のシステム ...","https://www.svckk.co.jp/contact/",入力できる項目なし
"ホーム |Sdcソリューションズ株式会社","https://www.sdcns.co.jp/contact.html",入力できる項目なし
"有限会社アイティワン 佐賀県武雄市を拠点にホームページ製作 ...","https://itwan.gr.jp/?page_id=96",入力できる項目なし
"株式会社システムソフト | 佐賀県産業スマート化センター","https://www.saga-smart.jp/contact/",入力できる項目なし
"Webシステム開発|株式会社プライム[佐賀県佐賀市]","https://www.prime18.co.jp/main/22.html",入力できる項目なし
"【佐賀電算センター】中小物流企業向けシステム開発会社ガイド","https://www.seasweb.com/",入力できる項目なし
"株式会社ネットコムbb -Web制作/システム開発/ホスティング ...","https://www.netcombb.co.jp/contact/",入力できる項目なし
"福岡 佐賀【サンビット株式会社】クラウドと産業ロボット ...","https://www.sunbit.co.jp/inquiry/",入力できる項目なし
"佐賀県少年自然の家利用申請システム開発業務の委託に係る ...","https://www.pref.saga.lg.jp/list04496.html",入力できる項目なし
"システムインテグレーションサービス - 株式会社トスコ","https://www.tosco.co.jp/contact/",入力できる項目なし
"情報システムサービス|業務紹介|鳥栖倉庫株式会社","https://www.tosusouko.co.jp/tracking/",入力できる項目なし
"ミャンマーにソフトウエア開発の新会社「トスコ・ミャンマー ...","https://www.edge.toppan.com/contact/privacy-solution.html",入力できる項目なし
"Toss - 株式会社エヌ・ジェイ・ハイ・テック","https://www.njh.co.jp/support/#section2",入力できる項目なし
"鳥栖センター | 株式会社 紀文フレッシュシステム","https://www.kibun-fs.com/cont/index.html",入力できる項目なし
"Itsの保養所「トスラブ箱根 和奏林」に泊まってみた ...","https://sail-to.co.jp/contact",入力できる項目なし
"仕掛け人は高校生! 地元住民がキャラクターのゲームを開発 ...","https://www.nagasaki-np.co.jp/company/contact/",入力できる項目なし
"長崎・佐世保地域に特化したシステム開発支援 - あなたの ...","https://minna-systems.studio.site/sasebo#contact",入力できる項目なし
"企業・事業所の皆さまへ|サセボ環境開発|佐世保のゴミの ...","https://sasebo530.com/contact/",入力できる項目なし
"西九州環境開発有限会社|廃棄物リサイクル業者 - リサイクルハブ","https://user.recyclehub.jp/",入力できる項目なし
"大村学園 グローバルビジネス科 - システム開発実績 ...","https://c-limber.co.jp/contact/",入力できる項目なし
"株式会社mairu tech / 株式会社 mairu mobility","https://www.mairutech.com/#contact",入力できる項目なし
"株式会社nexus | 熊本を中心としたソフトウェア・システム開発","https://nexus-si.jp/contact/",入力できる項目なし
"株式会社メディアプラン |熊本のシステム開発・It ...","https://media-plan.co.jp/contact/index.html",入力できる項目なし
"朝日ソフトウェア株式会社 │ ソフトウェア開発、システム ...","https://www.asc-soft.co.jp/#mail",入力できる項目なし
"株式会社ドゥシステム、熊本市に事業所新設を決定 ! / 企業 ...","https://www.kumamoto-investment.jp/dynamic/entry/pub/default.aspx?c_id=14",入力できる項目なし
"ホームぺージ制作・Web制作なら株式会社アクセント / 熊本","https://www.accent-inc.jp/fudosan/",入力できる項目なし
"会社概要 - 株式会社システムニシツウ","https://www.s-nishitsu.co.jp/contact/",入力できる項目なし
"事業開発ライセンシング - Msd","https://www.msd.co.jp/contact/",入力できる項目なし
"早稲田システム開発、「ポケット学芸員」が天草市立御所浦 ...","https://ict-enews.net/2025/12/10benesse-16/",入力できる項目なし
"合同会社Lily | 玉名市のシステム会社","https://lily-and-company.com/#contact",入力できる項目なし
"株式会社bbf/大分 | システム開発会社","https://www.bbf.co.jp/Contact.html",入力できる項目なし