会社名,URL,お問合せURL,送信済み
"株式会社ACT","https://webstudio-act.com/","",""
"カエル・デザイン・プロジェクト株式会社","https://kaeru.design/","",""
"株式会社HomePageShop","https://hp-shop.co.jp/","",""
"有限会社アートバイブス","https://artvibes.co.jp/","",""
"株式会社IR","https://irw.jp/","",""
"株式会社ラルズネット","https://www.rals.co.jp/","",""
"株式会社アリスタイル","https://www.alistyle.jp/","",""
"ドコドア株式会社","http://docodoor.co.jp/","",""
"株式会社GENOVA","https://genova.co.jp/","",""
"アクシスイノベーション株式会社","https://www.innov-axis.jp/","",""
"株式会社ドリームクリエイト","https://www.dreamcre8.jp/","",""
"有限会社シー・エス・アレンジメント","https://cs-arrangement.net/","",""
"ビルドフェイス有限会社","http://www.b-faith.com/","",""
"シフトプラス株式会社","http://www.shiftplus.co.jp/","",""
"株式会社クライスト・アドヴァン","https://www.c-advan.co.jp/","",""
"株式会社J-FIELD（ジェイフィールド）","https://www.js-biz.net/","",""
"株式会社クリーク・アンド・リバー社","https://www.cri.co.jp/","",""
"株式会社アビリブ","https://www.ab-net.co.jp/","",""
"株式会社デモ","http://www.demo.co.jp/","",""
"株式会社クリエイティブネットドア","https://www.cn-door.com/","",""
"株式会社アクトレート","https://actrate.co.jp/98seisaku?utm_source=imitsu","",""
"株式会社トラパンツ","https://www.torapants.co.jp/","",""
"インクレイブ株式会社","https://incrave.co.jp/","",""
"株式会社グロップ","https://www.grop.co.jp/","",""
"川口印刷工業株式会社","https://kpj.co.jp/","",""
"株式会社エデュクリエーション","https://memoria2009.com/","",""
"株式会社 ライズエージェンシー","http://www.e-chirashi.biz/","",""
"オフィスカナン株式会社","http://office-canaan.com/","",""
"ティードリームネットワークス","http://t-dreeeam.net/","",""
"合同会社ミミック","https://mimic339.com/","",""
"有限会社オラネット","https://www.oranet.jp/","",""
"株式会社フューチャー","http://future-ns.com/","",""
"エイチピースタイリング","https://hpstyling.com/","",""
"株式会社スタジオエムディ","https://studiomd.jp/","",""
"ディーコム","http://dcom-jp.net/","",""
"株式会社コンシス","http://www.consis.jp/","",""
"株式会社ワールドコミュニケーションズ","http://www.world-com.jp/","",""
"わんどのweb","https://wandonoweb.com/","",""
"株式会社アイテックシステム","https://www.itecsystem.jp/","",""
"株式会社ジーアイテック","https://www.gitec.co.jp/","",""
"株式会社コミュニケーションズ・コ・ア","http://www.co-a.net/","",""
"ビークプロモーション株式会社","https://beak-promo.jp/","",""
"株式会社クーシー","https://coosy.co.jp/","",""
"コンカツ印刷有限会社","http://www.konkatsu.com/","",""
"株式会社 システムエンジニアリング","http://www.senet.co.jp/","",""
"ホムペリ","https://8kumadesign.net/","",""
"ホームページスタジオ","https://homepage-studio.net/","",""
"株式会社ソーファデザインデスク","http://sooooofa.net/","",""
"有限会社クリエイティブ・デザイン","http://www.adsougou.co.jp/creative-design/","",""
"株式会社JAZZRIZE DESIGN","http://jazzrize.com/","",""
"株式会社ぴーぷる","https://morioka.people.co.jp/","",""
"ラピス株式会社","http://www.lapisco.com/","",""
"株式会社プラスリンク","https://www.pluslink.co.jp/","",""
"株式会社ホップス","http://www.hops.co.jp/","",""
"株式会社IBCソフトアルファ","https://www.ibcsoft.ne.jp/","",""
"株式会社ショージック","https://shogic.jp/","",""
"株式会社ドゥ・プランニング","http://do-planning.jp/index.php","",""
"株式会社N･P･C","https://www.neo-pc.co.jp/","",""
"株式会社エスエムティ","http://www.smt-net.co.jp/","",""
"株式会社ASA","https://www.asadigital.net/jp/","",""
"株式会社ネオインデックス","https://www.neoindex.co.jp/","",""
"有限会社プランニングセンター","https://www.netpc.co.jp/","",""
"アイムアンドカンパニー株式会社","https://www.hp-senka.jp/","",""
"合同会社オフィスウイル","https://officewill.net/","",""
"株式会社ブレイド","http://www.blades.co.jp/","",""
"株式会社チョコチップ","https://www.chocochip.co.jp/","",""
"株式会社マスタープラン","http://www.master-plan.co.jp/","",""
"b.mode株式会社","https://www.b-mode.info/","",""
"ディーエムソリューションズ株式会社","https://www.dm-s.co.jp/","",""
"株式会社アド・エータイプ","https://adatype.co.jp/","",""
"株式会社アットシステム","https://www.atsystem.jp/","",""
"有限会社アイビーソリューション","https://www.ibsolution.jp/","",""
"株式会社エニバ","https://ad.anyba.jp/","",""
"株式会社エントラスト","https://www.b-entrust.com/","",""
"デザイン２３","https://de-sign23.com/","",""
"コクア・デザイン・オフィス","https://www.kokua-d.com/","",""
"株式会社フォチューナ","https://www.fortuna-inc.jp/","",""
"株式会社ワンオーエス","https://web.1os.co.jp/","",""
"株式会社オリジナルグルーヴ","https://original-groove.com/","",""
"株式会社ビジコム","http://www.visi-com.jp/","",""
"ボックスボアウェブデザイン製作所","http://boxboa.jp/","",""
"株式会社ファストコム","https://fastcom.co.jp/","",""
"WOODIN（ウッドイン）","https://woodin.info/","",""
"株式会社どっとＷＥＢ","https://dot-pc.com/","",""
"富澤制作所","http://tomi-factory.com/","",""
"有限会社ガーラ・アマノ","https://www.galagala.co.jp/","",""
"合同会社ゴーゴーウェブマーケット","https://www.55w.jp/","",""
"webstudio AWD","http://awd-web.com/","",""
"株式会社アキタネット","https://www.akitanet.co.jp/","",""
"株式会社コンダクター","https://www.conductor-japan.com/","",""
"東北プリントワールド株式会社","http://print-w.com/","",""
"もじゃネット","https://mo-ja.net/","",""
"株式会社ＭＯＩＮ","http://www.moin.co.jp/","",""
"ジーエスデザイン株式会社","https://www.gsdesign.co.jp/","",""
"株式会社FIBS.lab","https://fibs-lab.com/","",""
"株式会社ニゴロデザイン","https://www.256design.co.jp/","",""
"株式会社クラフアーク","https://craf-arc.co.jp/","",""
"合資会社そふと","http://sofuto.com/","",""
"ドリームバンク株式会社","http://www.dream-net.biz/","",""
"ツルカンシステム株式会社","http://www.trkan.co.jp/","",""
"キャプテン山形株式会社","http://www.mmy.ne.jp/","",""
"プラスワンモード株式会社","http://p1mode.co.jp/","",""
"株式会社エム・エス・アイ","http://www.msi-net.co.jp/","",""
"株式会社アサヒマーケティング","https://www.y-asahi.com/","",""
"株式会社いまじん","https://imagine-shonai.jp/","",""
"合資会社アイレッツ","http://www.ilets.net/","",""
"有限会社デザインクロス","http://www.designcross.jp/","",""
"HanaCinema株式会社","https://hanacinema.com/","",""
"株式会社COLABPLAN","https://www.colabplan.co.jp/profile/","",""
"S.E.Onetop合同会社","https://se-onetop.com/","",""
"株式会社ネイズ","https://neith-inc.com/","",""
"with","https://with-web.co.jp/","",""
"株式会社PIECE","https://pieceinc.asia/","",""
"エヌケー・テック株式会社","https://www.multi.ne.jp/","",""
"株式会社リードバック","https://readback.jp/","",""
"ECサポート株式会社","https://support-ec.co.jp/","",""
"有限会社シップス","http://www.sips-jp.com/","",""
"有限会社エーアイティ研究所","http://www.ait-labo.com/","",""
"officenico","http://officenico.net/","",""
"DESIGN ZERO","http://www.designzero.jp/","",""
"ダイレックス株式会社","http://www.direx.ne.jp/","",""
"有限会社グローリーインポート","http://www.megatonet.com/","",""
"株式会社ドリームズカンパニー","http://www.drcom.co.jp/","",""
"レンタルホームページのウェブレント","http://webrent.jp/","",""
"株式会社マザール","https://mazar.co.jp/","",""
"株式会社ウェブフェイス","http://gms-web.jp/","",""
"株式会社VIAREISE","http://viareise.com/","",""
"MOJI","https://www.mashimaro.co.jp/","",""
"有限会社クリエイト","http://xn--web-ti4bta5b8l9j.com/","",""
"株式会社エフズフィールド","https://fsfield.jp/","",""
"株式会社アイテックプラス","https://www.itec-plus.jp/","",""
"株式会社ADesign","https://adesign.jp/","",""
"フューチャーマインド","https://www.futuremind.jp/","",""
"ホームページの森","https://morisac.net/","",""
"株式会社プレイマンズ・コーポレーション","https://web.playmans.jp/","",""
"株式会社フォーエバーシステム","https://forever-system.com/","",""
"株式会社ロケットスタートホールディングス","https://www.rshd.co.jp/","",""
"株式会社ヘレナメディアリサーチ","https://www.helena.jp/","",""
"株式会社ミライスタイル","https://mirai-style.net/","",""
"合同会社リード","http://web-kuruma.com/","",""
"株式会社いろや","http://iroya-inc.co.jp/","",""
"株式会社SELECT-ONE","http://select-tokai.com/","",""
"WebCreate長谷川","https://ai-sainavi.com/","",""
"英彩人 A-site","http://a-site.jp/","",""
"アバウトネット株式会社","https://about-web.jp/","",""
"株式会社OZ","https://www.o-zu.com/","",""
"アトラス合同会社","http://www.web-realize.com/","",""
"株式会社万究","http://bankyu.jp/home/","",""
"株式会社アズプロダクツ","https://azp-web.jp/","",""
"Design & Cat La･Paul","https://www.la-paul.com/","",""
"株式会社アルフォサポート","http://www.alfo.jp/web/","",""
"株式会社アールイーデザイン","https://www.re-d.jp/","",""
"デザインワークス桜井制作室","http://www.designwork-s.jp/","",""
"株式会社JPクレスト","https://jpcrest.co.jp/","",""
"株式会社ハイブリッド","https://81brid.co.jp/","",""
"株式会社Revision","https://re-v.co.jp/","",""
"カテル有限会社","http://www.caters.co.jp/creative/","",""
"株式会社Pentagon","https://pentagon.tokyo/","",""
"株式会社ネオキャリア","http://www.neo-career.co.jp/","",""
"株式会社ゴマシオカンパニー","https://cresai.nashplan.jp/","",""
"株式会社アルファ・クリエイト","https://alpha-04.com/","",""
"株式会社Curiver（キュリバー）","https://curiver.com/","",""
"株式会社中屋","https://remacre.jp/","",""
"株式会社ジェネックス","https://genexh.co.jp/","",""
"ソーシャル・インフォナレッジ","http://social-infoknowledge.com/","",""
"合同会社emo planning","https://emo-planning.co.jp/","",""
"taneCREATIVE株式会社","http://tane-creative.co.jp/","",""
"株式会社フィルイン","https://www.fillin-inc.com/","",""
"株式会社ロジカルフォース","https://www.lfc.co.jp/","",""
"株式会社ブレインファーム","https://brain-f.com/","",""
"株式会社Vitalize","http://www.vitalize.co.jp/","",""
"株式会社イーワイネット","https://eyhp-create.com/","",""
"株式会社ウェブオムニバス","https://web-omnibus.co.jp/","",""
"メロンワークス合同会社","https://melonworks.me/","",""
"KOTAHOUSE","http://www.kotahouse.com/","",""
"株式会社アルファー企画","http://www.alpha-planning.co.jp/","",""
"株式会社klar","http://klar.co.jp/","",""
"株式会社ラップル","https://www.rapl.co.jp/","",""
"ロジック","http://www.isl-net.com/","",""
"株式会社ナカハラ","http://aceweb.jp/","",""
"Belpon","https://belpon.jp/","",""
"y-iida","http://www.y-iida.jp/","",""
"株式会社群馬イートレンド","https://www.g-e-t.co.jp/","",""
"株式会社メディアプライムスタイル","https://mediaprimestyle.jp/","",""
"GIV株式会社","https://www.giv.co.jp/","",""
"株式会社 佐蔵ファクトリー","https://rs-factory.jp/","",""
"スマートスタイル・コンプレックス株式会社","https://ss-complex.com/","",""
"株式会社ホンシツシコウ","https://essential-thinking.jp/","",""
"株式会社ワンダフルドア","https://wonderful-door.jp/","",""
"フェイセルパートナーズ合同会社","https://facel.jp/","",""
"一般社団法人朗真堂","https://romado.net/welfare/","",""
"株式会社バルブリッジ","https://www.val-bridge.com/","",""
"ATHRUN LABO","https://athrun-labo.com/","",""
"studio SayHello","https://sayhello.jp/","",""
"株式会社BUDDYUNION","http://buddyunion.co.jp/","",""
"株式会社 Creative office N","https://n-inc.co.jp/","",""
"トムスファクトリー","https://tomsfactory.jp/","",""
"ブライトアート企画","https://www.bright-art.com/","",""
"デルタネットデザイン","http://www.deltanet.jp/","",""
"株式会社イー・フュージョン","https://www.efusion.co.jp/","",""
"株式会社ティーアイシーネット","http://www.tic.ne.jp/","",""
"株式会社メタホリック","https://metaholic.jp/","",""
"有限会社ユウショウ","https://yu-sho.design/","",""
"株式会社narn","http://narn.co/","",""
"株式会社NOBU","https://nobu-n.co.jp/","",""
"ユーカリ考房","https://yukarikb.jp/","",""
"株式会社Mun","https://mun.co.jp/","",""
"株式会社のだから","https://www.nodakara.site/","",""
"株式会社アップリーチ","https://www.appleach.co.jp/","",""
"株式会社読売千葉広告社","https://www.yomiuri-adc.co.jp/webad/","",""
"株式会社ノベルティ","https://noveltyinc.jp/","",""
"デジタルマート株式会社","https://digitalmart.co.jp/","",""
"株式会社アミュレット","http://www.amu-net.co.jp/","",""
"Unbel合同会社","https://homepage.style/","",""
"株式会社京葉広告社","https://xn--hhr660a64dh2t.com/","",""
"株式会社ツクイ・インターナショナル","https://wpplus.jp/","",""
"株式会社ライフグラム","https://lifegram.ltd/","",""
"株式会社BearsSystem","https://bears-sys.com/","",""
"株式会社ブランディングワークス","https://www.branding-works.jp/","",""
"株式会社クロスロジック","https://www.x-logic.jp/","",""
"HPクリエーション","https://homepage-creation.net/","",""
"株式会社AIコミュニケーション","https://ai-communication.jp/","",""
"株式会社KOP（ケーオーピー）","https://www.kop.co.jp/","",""
"株式会社アートピース","https://artpeace.jp/","",""
"一般社団法人Honmono協会","https://www.honmono-movie.com/","",""
"株式会社 リアライズ","https://to-realize.jp/hp/","",""
"株式会社Acsport","https://acsport.net/","",""
"株式会社イデアルデザイン","http://www.ideal-design.co.jp/","",""
"株式会社ザクロ","http://xacro.jp/","",""
"株式会社Alfree","https://alfree.net/service/web/","",""
"株式会社ULM","https://ulm-design.com/","",""
"トエビス株式会社","https://www.toebisu.jp/","",""
"miraiz株式会社","https://miraiz-inc.co.jp/service/webdesign/","",""
"株式会社アスカ企画","https://asuka-plan.com/","",""
"シナゲート株式会社","https://www.synergate.co.jp/","",""
"メディアクロス株式会社","https://medi-cro.jp/","",""
"株式会社フォーミックス","https://www.fourmix.co.jp/","",""
"株式会社mgn","https://www.m-g-n.me/","",""
"株式会社ソニックムーブ","https://www.sonicmoov.com/","",""
"株式会社ファングリー","https://fungry.co.jp/","",""
"グロフィールド株式会社","http://www.grofield.jp/","",""
"株式会社アットライズ","http://www.attrise.com/","",""
"株式会社LINPS","https://linps.co.jp/","",""
"株式会社ウィニングフィールド","https://winningfield.net/ad-listing2/","",""
"株式会社アリス","http://www.alice-ds.com/","",""
"株式会社DEPOC（デポック）","http://www.depoc.jp/","",""
"株式会社フラグメント","http://www.fragmentinc.co.jp/","",""
"株式会社ブルーダイヤモンド","https://bluediamond.jp/","",""
"ウェブモ株式会社","https://webmo.co.jp/","",""
"アートフレア株式会社","https://www.artflair.co.jp/","",""
"カズミア株式会社","https://www.kazmia.jp/","",""
"株式会社Spice seek","http://www.spice-seek.jp/","",""
"株式会社アルート","http://www.aroot.co.jp/","",""
"plus work株式会社","https://plusarch.net/","",""
"株式会社横浜ネットサポート","https://yokohamans.co.jp/","",""
"株式会社FUNBREW","https://funbrew.tech/","",""
"株式会社アイ・ティ・エー","https://ita.ne.jp/","",""
"ユビアン有限会社","http://www.yubian.jp/","",""
"株式会社MU","https://minority-united.com/","",""
"株式会社ウェブリカ","https://webrica.jp/","",""
"Olive合同会社","https://olive-niigata.com/","",""
"株式会社ウィルファインド","https://will-find.co.jp/","",""
"株式会社ProntoNet","https://www.prontonet.ne.jp/","",""
"株式会社イノベーションパートナーズ","https://innovation-partners.jp/","",""
"株式会社アイサポート","https://www.is1.co.jp/","",""
"クリエイティブネットソリューションズ株式会社","https://www.cnsinc.co.jp/","",""
"株式会社グローバルネットコア","https://www.global-netcore.jp/","",""
"株式会社 K-walk","https://k-walk.co.jp/app/","",""
"株式会社ＣＲＭセンター","https://www.crm-c.jp/","",""
"株式会社アド・クリーク","https://adclique.com/","",""
"株式会社クーネルワーク","https://cunelwork.co.jp/","",""
"株式会社シアンス","https://it.siance.co.jp/","",""
"スペック株式会社","https://www.spec-j.co.jp/","",""
"潟イロ（ガタイロ）","https://niigatairo.com/","",""
"株式会社JIC","https://www.jicorde.jp/","",""
"GMOデジタルラボ株式会社","https://digitallab.jp/","",""
"アドブレンド株式会社","https://www.ad-blend.com/","",""
"オフィスオバタ","https://office-obata.com/","",""
"有限会社アクセル","https://imaginepocket.com/","",""
"株式会社アイアイ・ジャパン","http://iijapan.net/","",""
"株式会社ナインセンス","http://www.ninesense.jp/","",""
"プロヴィデザイン株式会社","https://www.providesign.co.jp/","",""
"有限会社アイテム","https://www.item.co.jp/","",""
"モトマチデザイン合同会社","https://motomachidesign.com/","",""
"Digital Packet.","http://digital-packet.com/","",""
"有限会社アウェイクコンピュータースクール","http://www.awakecomputer.com/","",""
"株式会社ヴォイス","https://www.brandvoice.jp/","",""
"グリーク株式会社","http://www.glic.co.jp/","",""
"株式会社アントリー","http://antry.jp/","",""
"合資会社寺腰ウェブアクト","http://www.tpal.net/web/","",""
"株式会社MINAMI","http://www.southern-web.com/","",""
"満丸株式会社","https://manmaru.co.jp/","",""
"株式会社ルビコン","https://luvicon.net/","",""
"株式会社KAKERU PLUS","https://www.kakerudesign.com/","",""
"株式会社TONOSAMA","https://fukui-hp.net/","",""
"株式会社インターネットプロモーション","https://internet-promotion.jp/","",""
"パブリック・イメージ","http://p-image.net/","",""
"株式会社フードコネクション","https://www.foodconnection.jp/","",""
"株式会社i-Style","http://www.i-style.vc/","",""
"株式会社道洋行","https://michiyoko.co.jp/","",""
"金沢ホームページ制作.COM","https://kanazawa-website.com/","",""
"株式会社アルトカラム","https://kanazawa-website.com/","",""
"goowa株式会社","https://www.goowa.jp/","",""
"株式会社Liberte","https://office-liberte.net/","",""
"株式会社HeartLanguage","https://heart-language.jp/","",""
"株式会社ニコットラボ","https://nicottolabo.info/","",""
"株式会社ARTMIXTURE","https://artmixture.co.jp/","",""
"IN-A-TRANZ Web deSIGN","https://in-a-tranz.net/","",""
"株式会社歯愛メディカル","https://www.dentalmall.jp/","",""
"有限会社創ブレーン企画","https://www.soo.co.jp/","",""
"株式会社クレイブ","https://cleive.jp/","",""
"株式会社イーネットソリューションズ","https://www.affect-design.jp/","",""
"株式会社AMS","https://amsstudio.jp/","",""
"株式会社BetterWEB","https://betterweb.co.jp/","",""
"株式会社 ALL WEB CONSULTING","https://allweb-consulting.co.jp/","",""
"株式会社リソグラ","https://risogra.co.jp/service00/","",""
"株式会社  Idea Craft","https://icraftlab.jp/","",""
"双申株式会社","http://www.soshin.cc/","",""
"株式会社ジークス","https://www.zyyx.jp/","",""
"キオミル株式会社","http://kiomiru.co.jp/","",""
"株式会社バージョンジャパン","https://www.versionjapan.com/","",""
"KEI WATANABE","https://keiwatanabe.com/","",""
"有限会社ハートブレーン","https://www.heartbrain.net/","",""
"株式会社システムグラフィ","https://web-box.s-graphi.co.jp/","",""
"ヨコハマヤ","http://yoko-hama-ya.jp/","",""
"株式会社インフォライブ","http://www.infolive.co.jp/","",""
"LOOSEY株式会社","https://loosey.net/","",""
"cheltenham software　チェルトナム・ソフトウェア","http://cheltenham-software.com/","",""
"株式会社アル・デザインワークス","http://www.al-design.jp/","",""
"株式会社Welcart","https://www.collne.com/","",""
"株式会社サーフボード","https://www.surfboard.jp/","",""
"タモンテン株式会社","http://www.tamonten.co.jp/","",""
"富士ヘルスケア＆ストラテジー合同会社","https://fujih-and-s.com/","",""
"株式会社ネクストビジョン","https://www.next-v.jp/","",""
"株式会社カルク","https://mode.calcinc.co.jp/","",""
"株式会社Qoox","https://qoox.co.jp/","",""
"2525site.com（ニコニコサイトドットコム）","http://www.2525site.com/","",""
"株式会社オフィスVONDS","https://vonds.co.jp/","",""
"ディープラス","https://de-plus.net/","",""
"株式会社エデュプレス","https://edupress.co.jp/","",""
"YWebDesignStudio","http://www.ywebdesign.com/","",""
"ビジュアルリテラシー","https://www.visualliteracy.jp/","",""
"株式会社ネクストビジョン","http://www.ci-plus.biz/","",""
"めろでぃー工房","http://www.melody-kobo.com/","",""
"DESIGNSWITCH","http://www.d-switch.net/","",""
"ｅ－おび　ドットコム","http://e-obi.com/","",""
"株式会社ホワイトボード","https://wb-hp.com/","",""
"グルーヴライン","http://www.grooveline.jp/","",""
"ibeeStudio","http://www.ibee-studio.com/","",""
"スタジオハロー","https://www.st-hallo.com/","",""
"株式会社エイ・ティ・エフ","https://www.nnn-seo.com/","",""
"ウェブプラネッツ","https://www.webplanets.jp/","",""
"イーストワークス-estworks-","http://www.estworks.net/","",""
"有限会社伸和印刷","https://www.p-shinwa.co.jp/","",""
"株式会社BTM","http://www.b-tm.co.jp/","",""
"アーリーイメージ株式会社","https://ai-sainavi.com/","",""
"Siralop合同会社","https://siralop.co.jp/","",""
"株式会社プラルト","https://www.prartweb.com/","",""
"株式会社イーフェイス","http://e-face.co.jp/","",""
"エムティラボ株式会社","http://www.mtlabs.co.jp/","",""
"株式会社アイリーラボ","http://www.aily-lab.co.jp/","",""
"株式会社井上寅雄農園","https://agrt.jp/","",""
"株式会社アズグラフ","https://azgraph.jp/","",""
"株式会社JBN","https://www.jbnet.jp/","",""
"N-STYLES株式会社","https://www.ns3.co.jp/","",""
"株式会社アプリコットデザイン","https://apricot-design.com/","",""
"株式会社ビーチュー","https://be-chu.com/","",""
"株式会社ゴーアヘッドワークス","https://www.goaheadworks.com/","",""
"株式会社ゴッタライド","http://www.gotta-ride.com/","",""
"株式会社HIORYES","https://hioryes.jp/","",""
"株式会社linkpath","https://linkpath.jp/","",""
"株式会社アクシス","https://www.axis-corp.com/","",""
"RunLand株式会社","http://web.runland.co.jp/","",""
"株式会社ツチノコテクノロジー","https://tutinoko.tech/","",""
"合同会社ステイプル","https://staplellc.com/","",""
"株式会社エフライド．","https://f-ryde.com/","",""
"アフロシステム株式会社","https://afrosystem.com/","",""
"株式会社onelife","https://onelife-net.com/","",""
"株式会社リーピー","https://leapy.jp/","",""
"サイトー電子株式会社（JIMOTOPAGE）","https://jimotopage.com/","",""
"株式会社サイバーインテリジェンス","https://cyber-intelligence.co.jp/","",""
"株式会社イシュー","http://issue.bz/","",""
"株式会社キャディッシュ","https://works.cadish.co.jp/","",""
"株式会社ラボーナ","http://rabona.jp/","",""
"6666666（セブンシックス）","https://www.6666666.jp/","",""
"株式会社KOKOROMI","https://kokoromi.co.jp/work","",""
"株式会社アドテクニカ","https://www.adtechnica.co.jp/","",""
"Resta株式会社","https://www.resta-r.com/portfolio","",""
"株式会社カボス","http://kabosu.net/","",""
"株式会社アドウィル","","",""
"株式会社クロスデバイス","https://www.crossdevice.co.jp/","",""
"株式会社YOrisoU","https://syoki0.com/","",""
"Web制作デザイン Fair Life","https://makersmark.co.jp/","",""
"ルカデザイン合同会社","https://lucadesign.jp/","",""
"株式会社アーティスティックス","https://www.artistics.co.jp/","",""
"モアフィールド株式会社","https://more-field.co.jp/","",""
"株式会社WETCH","https://www.wetch.co.jp/","",""
"MP株式会社","http://www.mpcreative.jp/","",""
"穂の国エンジニアリング株式会社","https://honokuni-design.com/","",""
"株式会社ジオコード","https://www.hp-maker.net/","",""