函館,ミュートネット(函館・七飯) - ホームページ制作・システム ...,https://www.mutenet.co.jp/,https://docs.google.com/forms/d/e/1FAIpQLSf5CwW69cs_v5KSEEBmE_kgph7jkT3vYJs_o86F43FxUfNhsw/viewform
函館,株式会社アプリシステムズ - 北海道函館市のit企業,https://www.aplsys.co.jp/index.html,https://www.aplsys.co.jp/query.html
帯広,システム開発・ホームページ制作 | アートシステム株式会社 ...,http://www.art21.co.jp/,https://www.art21.co.jp/contact/index.html
北見,【スカイハイ】ネットワーク構築・Web制作・ソフトウェア開発 ...,https://www.skyhigh-kitami.jp/,
江別,株式会社ウェブワン :: WebONEご紹介,http://www.webone.ne.jp/modules/company/index.php?content_id=2,
室蘭,PDF 更新日:2025/10/31 It導入補助金2025 (サービス等生,https://it-shien.smrj.go.jp/pdf/it2025_grantdecision_list_tsujyo_05.pdf,
苫小牧,概要・沿革 | I・Tecソリューションズ,https://www.itecsol.jp/company/profile/,https://www.itecsol.jp/contact/
苫小牧,有限会社tnnシステムズ Webサイト,https://tnnsys.co.jp/company.htm,https://tnnsys.co.jp/contact.htm
八戸,ジーアイテック-青森県八戸市のシステム開発会社,https://www.gitec.co.jp/,https://www.gitec.co.jp/company/contact/
一関,アイエステクノ株式会社 | システム構築・ホームページ作成 ...,https://www.istechno.co.jp/COMPANY.php,https://www.istechno.co.jp/CONTACT.php
仙台,株式会社トレック - 仙台市のWebシステム/業務用システム開発 ...,https://trek.co.jp/,https://trek.co.jp/contact/
登米,登米市でプログラミングを学ぶための完全ガイド|農業dxとit ...,https://techgym.jp/miyagi/tome/,
鶴岡,システム開発 | アーリープロジェクト 鶴岡市,https://early-project.com/development/,https://early-project.com/contact/
米沢,【米沢市】システム開発/Java・C言語/Uターン歓迎 | BREXA ...,https://engineering-technology.brexa.com/job/5500/,https://engineering-technology.brexa.com/casual-entry/?post_id=5500
郡山,株式会社コンピューターシステム研究所 Cst|福島県郡山市の ...,https://www.cst-web.co.jp/,https://www.cst-web.co.jp/inquiry/inquiry.html
郡山,株式会社トリココシステム 福島県郡山市のWebシステム開発 ...,https://toricoco.com/,https://toricoco.com/#home_inquiry
郡山,アプリ・システム開発 | ホームページ制作・福島県郡山市のweb ...,https://www.multi.ne.jp/service/system/,https://www.multi.ne.jp/contact
いわき,株式会社システムフォワード|クラウド対応システム開発,https://www.sysforward.co.jp/,https://www.sysforward.co.jp/contact/
会津若松,C.s.d株式会社 - システム開発、ウェブサイト運用管理,https://www.csdaizu.co.jp/,
つくば,株式会社シンプルウェイ | システム開発・ウェブサイト制作,https://www.simple-way.co.jp/,https://www.simple-way.co.jp/contact/
つくば,Webシステム開発・システム構築|茨城県つくば市のつくば ...,https://www.tsukuba.co.jp/,https://www.tsukuba.co.jp/email1.html
つくば,"""茨城県つくば市のオムニブレイン|システム開発","ホームページ ...""",
土浦,Shimotechnology 土浦市 ホームページ制作 システム開発 ...,https://www.shimotechnology.com/,https://www.shimotechnology.com/
宇都宮,栃木県宇都宮市のweb系システム開発会社|株式会社 アルフォ,https://tech.alfo.jp/,https://tech.alfo.jp/contact/
足利,アプリデータシステム株式会社 | 企業様向けのシステム開発 ...,http://www.applidata.co.jp/aboutus.html,
前橋,株式会社モザイク|システム開発,https://www.mosaic-web.net/,https://www.mosaic-web.net/contact.html
前橋,株式会社城西システム|前橋市 アプリケーション開発会社,http://www.josai.co.jp/,https://www.josai.co.jp/contact.html
太田,会社概要 | システム開発 アプリケーション開発 技術者派遣 ...,https://www.cioweb.co.jp/company/,https://www.cioweb.co.jp/contact/
太田,システム開発 | あったらいいね | 群馬県太田市のWebサイト ...,https://attaraiine.jp/service/system/,https://attaraiine.jp/contact/
川口,株式会社デザイン・ワークス - 埼玉川口のweb制作&システム ...,https://dswks.jp/,https://dswks.jp/#contact
川口,webシステム開発の有限会社ブイアイシーコンピュータサポート ...,https://www.viccom.co.jp/,https://www.viccom.co.jp/form.php
川口,株式会社アイ・ピー・シー,http://www.ipcweb.co.jp/,
所沢,ホームページ制作・システム開発 埼玉県(入間市・狭山市 ...,https://www.wanokoto.jp/,https://www.wanokoto.jp/contact
所沢,株式会社meeds | システム・アプリ開発、HP作成、SES| 日本,https://www.meeds.co.jp/,https://www.meeds.co.jp/
所沢,ノバシステムホームページ,http://www.novasys.co.jp/,
所沢,会社概要とアクセスマップ|うれしいシステム。JCT,https://www.jctechno.co.jp/company/index.html,https://www.jctechno.co.jp/contact/index.html
所沢,所沢市地理情報システム,https://webgis.alandis.jp/tokorozawa11/alandis/portal/,
所沢,ソフトウェア開発事業 - Ubiquitous Tech,https://www.ubiquitous-tech.com/business/softwaredevelop/,https://www.ubiquitous-tech.com/contact/
所沢,日東テクノブレーン,https://www.nitto-tech.co.jp/company-2/,https://www.nitto-tech.co.jp/solution/laborrobot/
所沢,【所沢駅近・週2在宅】製品システムの開発・保守業務 ...,https://www.adecco.com/ja-jp/job/PO_JobDetailA?jobno=A01281841,https://www.adecco.com/ja-jp/career-and-employee-benefit/employee-benefit/dial
所沢,レボナアートの開発ノート | システム開発・web開発・制作 ...,https://tech.revona-art.com/,
所沢,首都圏slcプロジェクト|Krs|株式会社キユーソー流通システム ...,https://www.krs.co.jp/saiyo/project/project01.html,
越谷,会社概要 │システム開発ならイストテック株式会社【埼玉】,http://isttech.co.jp/company.html,
越谷,株式会社コスモシステム,https://cosmosystem-web.com/,https://cosmosystem-web.com/company/contact/
越谷,越谷のWebシステム開発 パソコンサポート,https://pc-koshigaya.com/system.php,https://pc-koshigaya.com/contact.php
越谷,ホームページ制作・システム開発ならWebFamil【埼玉県越谷市】,https://webfamil.com/,https://webfamil.com/contact
越谷,越谷市のホームページ制作 Web担当屋 HP作成・WordPress ...,https://www.webtan.cc/,https://www.webtan.cc/contact.php
越谷,ポコソフト|埼玉県春日部市・越谷市スマホアプリ開発,https://www.pocosoft.jp/,https://docs.google.com/forms/d/e/1FAIpQLSes34fwJy28yyStVuRQCEqVR5ErI-nJwoWnhgzEofW2-dBPPA/viewform?usp=sf_link
草加,株式会社プラスオン - Web制作・システム開発・電話代行事業 ...,https://plus-on.jp/,https://plus-on.jp/contact
草加,埼玉県草加市のシステムエンジニア(Se)(業務委託)|It業界 ...,https://it.tech-cross.com/job_15528,https://it.tech-cross.com/contact
春日部,トップページ | 株式会社ケイエムティ,https://www.kmtweb.jp/,https://www.kmtweb.jp/contact/
春日部,開発パートナー募集 | 株式会社カイテクノロジー,https://chitech.co.jp/development/development-partner/,https://chitech.co.jp/contact/
春日部,春日部市のse・プログラマ(ビジネスアプリケーション系 ...,https://haken.en-japan.com/w_102644266/,https://enhaken.zendesk.com/hc/ja
春日部,製造管理システム・Ai活用の教育アプリ開発 |春日部市 ソフ ...,https://softech-iot.jp/,https://softech-iot.jp/index.html#contact
春日部,アプテック株式会社|Web制作/ソフトウェア開発,https://apteq.jp/,https://apteq.jp/contact/
春日部,会社案内|WEBシステム開発の「おおとねシステム」,http://www.ohtonesystem.com/company/index.html,
熊谷,株式会社アチピレーションテクノロジー,https://acp-tech.jp/,https://acp-tech.jp/inquiry
熊谷,ホームページ制作 システム開発のsic | 埼玉県熊谷市の個人事業所,https://sic-main.com/,https://sic-main.com/contact/
熊谷,熊谷組/トラックの自動走行制御・管理システム開発へ/Ai仮想 ...,https://www.decn.co.jp/?p=176686,https://www.decn.co.jp/inquiry
熊谷,システムエンジニア(半導体製造装置の稼働管理Webシステム ...,https://nextengineer-benext.jp/jobs/247201/,https://nextengineer-benext.jp/jobs/255015/
上尾,Shimer-System | 埼玉のIT企業 | システム開発・ホームページ ...,https://shimer-system.co.jp/,https://shimer-system.co.jp/#contact
上尾,会社概要|Webアプリ(業務システム・社内システム)開発 ...,https://logic-gate.io/about,https://docs.google.com/forms/d/e/1FAIpQLSdHV531XMZAZqkN9tf9AUKpgfjGwY2aFRHPDbdWEeZ4sapPdg/viewform
上尾,株式会社ストリーム|会社概要,https://www.stream-web.com/about.html,https://www.stream-web.com/contact_us.html
朝霞,【朝霞】11/24 (月・祝)1dayweb選考会 電動・電装システム ...,https://career.nikkei.com/agent/274/jobdetail3680682/,https://career.nikkei.com/help/
朝霞,建築基準法道路種別及び開発許可区域のWeb公開を開始しました,https://www.city.asaka.lg.jp/soshiki/27/dourosyubetukoukaioshirase.html,https://www.city.asaka.lg.jp/form/detail.php?sec_sec1=27&inq=02&lif_id=166108
朝霞,株式会社シルクロード | Webシステム開発・業務システム開発,https://www.silk-road.co.jp/,https://www.silk-road.co.jp/contact/
新座,【株式会社lago(ラーゴ)】アプリ、システムの受託開発 ...,https://www.la-5.com/,https://www.la-5.com/#Contact
新座,都市計画課 - 新座市ホームページ,https://www.city.niiza.lg.jp/soshiki/32/,https://www.city.niiza.lg.jp/life/17/110/
新座,株式会社オフィスワイ | キャンペーン作成 Lp作成 Webサイト作成 ...,https://office-y1.biz/,https://office-y1.biz/contact/
新座,株式会社コムベース | Hp製作からオリジナルwebシステム開発 ...,https://combase.co.jp/,https://combase.co.jp/contact
新座,株式会社ダンデライオン | 秋葉原・神田 Webサイト制作・開発,http://dande-lion.co.jp/,
新座,会社概要 | Webシステム開発・ホームページ制作の株式会社エヌ ...,https://www.nsb.ne.jp/about/,https://www.nsb.ne.jp/contacts/
新座,都市計画・開発・交通 - 新座市ホームページ,https://8cff26913a4a855cebce850c7594d3f4.cdnext.stream.ne.jp/life/17/105/,
千葉,株式会社lupinus | 千葉県千葉市認定のシステム開発・Web ...,https://lupinus-ltd.com/,https://lupinus-ltd.com/contact
千葉,Top | 株式会社クレッジ | 千葉県松戸市 | システム開発 | Web制作,https://www.credge.co.jp/,https://www.credge.co.jp/contact/
千葉,システム・ホームページ制作 千葉|中小企業・個人事業主向け ...,https://www.element-system.co.jp/,https://www.element-system.co.jp/contact/
千葉,"""千葉県のwebシステム開発会社、AI",IoT,
千葉,Webシステム開発・Androidアプリ開発|千葉県柏市|株式会社 ...,https://lumitec.co.jp/,https://lumitec.co.jp/hp/%e3%81%8a%e5%95%8f%e3%81%84%e5%90%88%e3%82%8f%e3%81%9b/
千葉,サンスイテック株式会社 千葉市のweb支援・システム開発・広告 ...,https://sansuitech.net/,https://sansuitech.net/contact
千葉,千葉県船橋市でウェブデザイン・システム開発・Sesのことなら ...,https://we-with.co.jp/,https://we-with.co.jp/company/info/
千葉,WEBシステムやアプリ開発の依頼・相談なら|株式会社テレマ,https://www.telema.co.jp/,https://www.telema.co.jp/contact.html
船橋,会社案内 | 株式会社イーテクノロジー,https://e-technology.co.jp/company/,https://e-technology.co.jp/contactus
松戸,Bonds Labo | 千葉県松戸市のWEB制作、システム開発,https://bonds-labo.com/,https://bonds-labo.com/contact/
松戸,"""ホームページ制作・Webシステム開発|千葉県 松戸","柏 ...""",
松戸,システム開発 有限会社onシステムのホームページ,http://on-system.co.jp/,
松戸,株式会社クレッジの制作実績と評判 | 千葉県松戸市のホーム ...,https://web-kanji.com/companies/credge,https://web-kanji.com/contact?cta=companies_002
松戸,松戸市を拠点に活動しているwebサイト制作、システム開発関連 ...,https://enbirth.jp/post/71,https://enbirth.jp/contact
松戸,医用システム・画像処理・映像解析・解析aiで業務革新 ...,https://www.lamtec.co.jp/,https://www.form-answer.com/applications/HTDR8
松戸,Company 会社情報 | 株式会社アイテクグローバル|ITシステム ...,https://aitecglobal-web.com/?page_id=2,https://aitecglobal-web.com/?page_id=129
市川,株式会社ih1|市川市のit開発・内製化支援・クラウド構築・It ...,https://www.ih1.co.jp/,https://www.ih1.co.jp/contact-8
市川,"""ホームページ制作・Webシステム開発 千葉","市川 インフィニタス""",
市川,千葉を拠点として、As400をプラットフォームにしたrpg・Web ...,https://amu-net.co.jp/,https://amu-net.co.jp/amulet/contact/
市川,Ejプランニング‐市川市本八幡のシステム開発・ホームページ ...,https://www.ejpl.co.jp/,https://www.ejpl.co.jp/inquiry/index.html
市川,会社概要 - システム開発・クラウド構築・Ai・Dx・富山・東京,https://www.nsft.co.jp/company/,https://www.nsft.co.jp/contact/
市川,音声基盤のクラウド化を推進して、コールセンター業務の進化 ...,https://www.rs-information.com/toyotasystems-career/interview/9/,https://www.rs-information.com/toyotasystems-career/interview/9/#a01
市川,システム開発・Webサービス|サービス&ソリューション|est ...,http://www.ests.co.jp/,
柏,株式会社ラルゴホームページ | 柏のソフトウェア開発・ホームページ制作会社,https://www.largo.jp/,https://www.largo.jp/contact/
柏,千葉県柏市のホームページ制作・Meo対策で集客up - システムプランニングデリバリー,https://system-planning-delivery.com/,https://req.qubo.jp/Kashiwashouren/form/spd
柏,効率的なシステム開発・業務改善システム開発なら柏市 システムプランニングデリバリーへ,https://webdebegin.com/System/,
柏,Beside Creative | 千葉県柏市のWeb制作会社・SEO対策会社,https://beside-creative.com/,https://beside-creative.com/contact
柏,柏市のwebシステム開発会社 | 株式会社ピーシーウェブ,https://pcweb.co.jp/023_web_system.html,https://pcweb.co.jp/027_hp_contact_check.html
市原,【Fitec株式会社】【千葉/市原市】業務システム開発・運用 ...,https://tenshoku-ex.jp/job_38830640,
市原,スズキ、2025/1/1付の人事異動 | Next Mobility | ネクスト ...,https://www.nextmobility.jp/company/personnel/suzuki-personnel-changes-effective-january-1-202520241210/,https://www.nextmobility.jp/contact-us20171204/
市原,事業所案内 | 中外テクノス株式会社,https://www.chugai-tec.co.jp/company/network/,https://www.chugai-tec.co.jp/contact/
市原,会社情報:Core Create System コア・クリエイトシステム,https://www.corecreate.com/03_introduction.html,https://www.corecreate.com/contact/contact.php
市原,市原市の都市計画の概要 | 市原市ウェブサイト,https://www.city.ichihara.chiba.jp/article?articleId=6023710fece4651c88c17ef0,https://www.city.ichihara.chiba.jp/categoryCuration?themeId=1007
市原,公共施設予約へようこそ,https://www2.pf489.com/ichihara/web/StartPage.aspx?StartPage=ModeSelect,
市原,中央エリア(佐倉・東金・市原ほか)・システム開発(Web系 ...,https://www.oeg-jobsearch.omron.com/zenkoku/PM60/MC82,
八千代,八千代エンジニヤリング株式会社 | システム開発・運用保守 ...,https://www.wellstone.co.jp/projectstory/project01/,
八千代,【Mentenaとは】現場業務を効率化するクラウド保全システム ...,https://www.onsite-inspection-app.com/list/mentena.html,
八千代,会社案内|株式会社八千代電機システム(公式ホームページ),https://yes1960.co.jp/publics/index/3/,
八千代,都市計画課 - 八千代市公式ホームページ,https://www.city.yachiyo.lg.jp/soshiki/43/,
八千代,八千代市消防本部のデジタルインテグレーション | 消防 ...,https://jrescue.net/special/yachiyo-digital-integration/,
八千代,紙業務をデジタル化、年間2400時間もの工数削減が見込まれる ...,https://wp.techtarget.itmedia.co.jp/contents/93014,
八千代,クラウド設備管理システム「Mentena」、製造業の紙や ...,https://trendy-news.jp/709277/,
八千代,八千代ソリューションズ、クラウド設備管理システム「Mentena ...,https://iotnews.jp/digital-transformation/260580/,
八千代,千葉八千代でitシステム会社のホームページ制作をするなら ...,https://eyesmart.jp/hp/works/claysoft/,
流山,東京のWEBシステム受託開発会社 | GiFT (ギフト)株式会社,https://gift-tech.co.jp/,
流山,高速道路の技術開発 - Nexco東日本,https://www.e-nexco.co.jp/activity/technique/detail_01.html,
浦安,Web、オープン系アプリケーション開発の株式会社パーク,https://www.pa-rk.co.jp/company/about,
習志野,Narashino sys: ホーム|習志野システム|千葉県船橋市および ...,https://webstatsdomain.org/d/www.narashino-sys.com,
習志野,会社案内|エクセレント・システム株式会社,https://www.excellent-web.co.jp/profile/,
東京,シナゲート株式会社 - 東京のシステム開発・Web制作会社,https://www.synergate.co.jp/,
東京,事業内容 - 東京アプリケーションシステム,https://www.tasc.co.jp/business-contents/,
東京,会社概要 | コアソフト|システム開発・ホームページ制作・Dx ...,https://www.coresoft-net.co.jp/compnay/profile/,
東京,受託開発 【システム開発・ソフトウェア・アプリケーション ...,https://santec.biz/system_kaihatsu/,https://santec.biz/contact/
東京,株式会社nts | 東京・神奈川のシステム開発・ホームページ制作 ...,https://nts-it.co.jp/,https://nts-it.co.jp/inquiry/
東京,東京システムリサーチ|tsr,https://www.tsrweb.co.jp/,https://www.tsrweb.co.jp/contact/
東京,Webシステム開発とWebサイト制作の依頼・外注ならクリーヴァ ...,https://creava.co.jp/,https://creava.co.jp/contact
東京,東京都・GovTech東京が本気で挑む「システム内製開発 ...,https://biz-journal.jp/it/post_388749.html,https://biz-journal.jp/contact-index.html
東京,Mattock - AI時代のベトナムオフショア開発パートナー | 開発 ...,https://mattock.jp/blog/system-development/recommended-system-development-36-companies-in-tokyo/,https://mattock.jp/contact
東京,株式会社開発屋|システム開発・WEBサイト制作|東京・愛知,https://kaihatsuya.co.jp/,https://kaihatsuya.co.jp/page-contact.php
東京,Web・アプリ・システム開発・SES| 株式会社イノベーション,https://www.corpinnovation.jp/,https://www.corpinnovation.jp/
東京,東京Laravel開発:Webサービス、業務システム、API開発まで対応,https://dx.shiro-holdings.co.jp/tokyo-laravel/,https://dx.shiro-holdings.co.jp/contact/
横浜,ニューテック株式会社|システム設計開発(横浜市),http://nutec-net.co.jp/,https://nutec-net.co.jp/contact/
横浜,株式会社Libertad(リベルタ)| システム開発 | WEBシステム ...,https://libertad-inc.co.jp/,https://libertad-inc.co.jp/wp/contact/
横浜,株式会社セカンド・ウェーブ | Webシステム開発・Webサイト構築 ...,https://www.2ndwave.jp/,https://www.2ndwave.jp/contact/
横浜,株式会社エスビーエス,https://www.sbs-web.com/,https://www.sbs-web.com/#contact
横浜,企業情報(Tsシステムソリューションズ株式会社) | ティアンド ...,https://www.tecsvc.co.jp/company_tss/,https://www.tecsvc.co.jp/ir-info/ir-inquiry/
横浜,株式会社横浜マリンシステム|アプリ/ネットショップ開発,https://yms.yokohama/,https://yms.yokohama/contact
横浜,オリジナルWebシステム|Webシステム開発横浜、株式会社 ...,https://www.attrise.jp/,https://www.attrise.jp/contact/
横浜,株式会社アローシステムズ|Web系・DB・メインフレームの ...,https://arrow-systems.co.jp/,"javascript:mail_to(""""",)
横浜,名古屋・横浜のシステム・アプリ開発 Web・IT会社 | 株式会社 ...,https://pointlink.co.jp/,https://pointlink.co.jp/contact/
川崎,朝日ソフトウェア開発株式会社|ASD,https://www.asdweb.co.jp/,https://www.asdweb.co.jp/#contact
川崎,ソフトウェアハウスの株式会社アネステック,https://www.anestec.co.jp/,https://www.anestec.co.jp/contact/
川崎,東京コンピュータサービス 川崎システム開発センター の地図 ...,"https://mapfan.com/spots/S5Q3H,
川崎,会社概要 - informatix.co.jp,https://www.informatix.co.jp/gaiyo/,https://www.informatix.co.jp/contact-us/
川崎,協立システム開発株式会社 | ビジネスサポートネット | 芝信用金庫,https://www.shibashin.jp/business_support/detail/kyouritu-system/,https://www.shibashin.jp/service/ma/
川崎,株式会社デバイス&システム・プラットフォーム開発センター ...,https://kjcbiz.net/company/20181024ns-dsp-c-co-jp/,https://kjcbiz.net/company/20181024ns-dsp-c-co-jp/#contact-form
川崎,57号インタビュー 鉄道車両ビジネスの未来を切り開く技術開発 ...,https://www.kawaju.co.jp/techno-wm/guest/57.html,https://www.kawaju.co.jp/contact/index/cfcd/com/
川崎,東京コンピュータサービス(株)川崎システム開発センター ...,https://navikana.com/044-751-5515/,https://naviannounce.com/contact/
川崎,株式会社川崎ウチダシステム,https://www.kawasaki-uchida.co.jp/,https://www.kawasaki-uchida.co.jp/#anc-03
川崎,会社概要|システムインテグレーターのベニックソリューション,https://www.benic.co.jp/business/aboutus/,https://www.benic.co.jp/business/contactus/
川崎,第一コンピュータサービス | Dcs 最適システムの提供で情報化 ...,https://www.dcs21.co.jp/,https://www.dcs21.co.jp/contact/
川崎,会社紹介|川崎市の組み込み型ソフトウェア開発 ...,https://nrc-corp.jp/about/,
相模原,相模原市のシステム開発会社|株式会社コスミック,https://kk-cosmic.co.jp/,https://kk-cosmic.co.jp/contact
相模原,株式会社エーケーエス | 相模原市のシステム開発,https://www.aks-net.co.jp/,https://www.aks-net.co.jp/contact
相模原,相模原市のWebアプリ・業務システム開発| 株式会社プーズネット,https://system.poos.net/,https://system.poos.net/contact.php
相模原,株式会社アービス | 相模原市のソフトウェア開発会社です,https://www.arvis.co.jp/,https://www.arvis.co.jp/contact.html
相模原,システム開発事業 | 株式会社キャロットシステムズ|神奈川県 ...,https://www.carrotsys.co.jp/products/system,https://www.carrotsys.co.jp/contact/
相模原,Webアプリケーション企画制作 (株)It・クリエイト/神奈川県相模原市,https://www.it-create.co.jp/,
相模原,Office フェネクス - 相模原市の開発会社,http://fenex.jp/,
相模原,協栄企画システム株式会社 企業概要,https://www.kyouei-kikaku.com/company.html,mailto:info@kyouei-kikaku.com?subject=%E5%95%8F%E5%90%88%E3%81%9B&body=%E3%80%90%E5%95%8F%E5%90%88%E3%81%9B%E5%86%85%E5%AE%B9%E3%80%91%0D%0A%E3%80%90%E6%B0%8F%E5%90%8D%E3%80%91%0D%0A%E3%80%90%E4%BC%9A%E7%A4%BE%E3%80%91
相模原,笠原システム開発 | さがみはらit協同組合,https://www.sagamihara-it.or.jp/partner/albireo,https://www.sagamihara-it.or.jp/form/%20
相模原,入札・契約|相模原市,https://www.city.sagamihara.kanagawa.jp/sangyo/keiyaku/index.html,https://www.city.sagamihara.kanagawa.jp/kurashi/sodan/index.html
相模原,システム開発事業・ソフトウェア開発事業移転の案内2014年9月29 ...,http://www.shinkoh.com/pg42.html,
相模原,System - ランチパッドテクノロジー&パートナー株式会社 - Web ...,https://launch-pad.co.jp/system/,
相模原,放送システムのことなら、MEDIX,https://medixnet.co.jp/,https://medixnet.co.jp/contact/
相模原,株式会社ユーシス|基幹システムの設計・開発・運用 ...,https://www.u3sys.co.jp/,https://www.u3sys.co.jp/contact
相模原,システム開発・クラウドインフラ構築のプロフェッショナル ...,https://es-p.jp/,https://es-p.jp/contact/
相模原,「税務DX」で紙申請から脱却し、期限内納付率と業務効率を改善,https://www.jt-tsushin.jp/articles/case/jt57_nekonet,https://go.jt-tsushin.jp/l/794483/2021-01-24/32hzr
相模原,Gritly - ―ソフトウェアの,https://www.gritly.co.jp/,https://www.gritly.co.jp/contact/
相模原,ウェブシステム開発 | 相模原のホームページ制作・ウェブ ...,https://www.kouchiya.co.jp/web-system,https://www.kouchiya.co.jp/ja/contact
相模原,会社概要|株式会社システム,https://www.kensetumap.com/company/232057/profile.php,
相模原,沿革 | 職業能力開発総合大学校 - Jeed,https://www.uitec.jeed.go.jp/schoolguide/history/,https://www.uitec.jeed.go.jp/inquiry/index.html
相模原,株式会社コスモシステム,https://www.cosmo-system.jp/,https://www.cosmo-system.jp/%e3%81%8a%e5%95%8f%e3%81%84%e5%90%88%e3%82%8f%e3%81%9b/
相模原,開発・回路設計 | 高津通信株式会社,https://taka-2.co.jp/business/circuit-design/,https://taka-2.co.jp/business/business-meeting/
相模原,開発・製造サービス | 株式会社マーク電子,https://markd.co.jp/development-manufacturing,https://markd.co.jp/contact
相模原,会社概要:株式会社ルピノシステム,http://www.lupino.co.jp/company.html,
相模原,無線システム開発サービス | Cmエンジニアリング,https://cmengineering.co.jp/services/wireless-design/,https://cmengineering.co.jp/contact/
相模原,会社概要 - 株式会社アシストシステム,https://assistsystem.jp/company/,https://assistsystem.jp/contact/
相模原,ロボット・受託開発のF-Design(エフデザイン),https://f-ds.jp/,https://f-ds.jp/contactform
横須賀,横須賀ソフトウェア株式会社 │,https://www.yokosukasoft.co.jp/,https://www.yokosukasoft.co.jp/contact/
横須賀,開発隊群ホームページ - 防衛省・自衛隊,https://www.mod.go.jp/msdf/frdc/,https://www.mod.go.jp/msdf/frdc/faq.html
横須賀,会社情報 | 株式会社トヨシステムエンジニアリング,https://u-tse.co.jp/company/,https://u-tse.co.jp/contact/
横須賀,海自、もがみ型護衛艦のシステム開発を担う「システム ...,https://grandfleet.info/japan-related/maritime-self-defense-force-establishes-inboard-system-development-facility-for-escort-vessels/,
横須賀,株式会社マシンヘッド~システム開発・ウェブサイト制作 ...,http://www.machine-head.co.jp/,
横須賀,横須賀市 電子入札の広場,https://nyusatsu.city-yokosuka.jp/,
横須賀,艦艇開発隊がffm搭載システム試験施設を開設 | 世界の艦船,https://www.ships-net.co.jp/%E2%96%A0%E8%89%A6%E8%89%87%E9%96%8B%E7%99%BA%E9%9A%8A%E3%81%8Cffm%E6%90%AD%E8%BC%89%E3%82%B7%E3%82%B9%E3%83%86%E3%83%A0%E8%A9%A6%E9%A8%93%E6%96%BD%E8%A8%AD%E3%82%92%E9%96%8B%E8%A8%AD/,https://www.ships-net.co.jp/contact/
横須賀,研究開発について | 住友重機械工業株式会社,https://www.shi.co.jp/tech/system/index.html,https://www.shi.co.jp/contact/index.html
横須賀,【横須賀中央駅前再開発】2029年に誕生するタワーマンションを ...,https://www.housing-museum.com/yokosuka-redevelopment/,https://www.housing-museum.com/%e3%81%8a%e5%95%8f%e3%81%84%e5%90%88%e3%82%8f%e3%81%9b/
横須賀,株式会社プライム | システム開発からホームページ制作まで,http://www.primebest.co.jp/,
横須賀,横須賀研究所|研究開発|技術情報|古河電工パワー ...,https://www.feps.co.jp/tech/point/yokosuka/,https://www.feps.co.jp/inquiry/
横須賀,SkyBrains-ホーム,http://www.skybrains.jp/,
横須賀,調達情報 | Jamstec | 海洋研究開発機構 | ジャムステック,https://www.jamstec.go.jp/j/about/procurement/,
横須賀,海上自衛隊 開発隊群司令部 (横須賀・逗子)の施設情報 ...,https://www.its-mo.com/poi/DIDX_DKE-7381928/,
横須賀,業務システム・アプリ開発サポート - 横浜・川崎・逗子・葉山 ...,https://technoswitch.co.jp/app,https://technoswitch.co.jp/inquiry
横須賀,【横須賀常駐】移動体通信基地局システム開発,https://sokudan.work/top/projects/11577,https://sokudan.work/contact/new
藤沢,神奈川県藤沢市のシステム開発会社 Funbrew,https://funbrew.tech/,https://funbrew.tech/contact/
藤沢,システム開発・基幹業務システム構築|株式会社カスガ堂 ...,https://www.kasugado.co.jp/,https://www.kasugado.co.jp/contact/
藤沢,株式会社Wize | 株式会社Wizeはソフトウェア技術で皆様の ...,https://wizejp.com/,https://wizejp.com/%e3%81%8a%e5%95%8f%e3%81%84%e5%90%88%e3%82%8f%e3%81%9b-2/
藤沢,藤沢市、ローコード開発で公共施設の予約システムを刷新 ...,https://it.impress.co.jp/articles/-/27306,https://inquiry.impress.co.jp/?id=1
藤沢,株式会社iSHONAN 湘南システム開発,https://corp.ishonan.com/,https://corp.ishonan.com/index.html#contact
藤沢,企業情報 | システム・アプリ開発の構築から運用までトータル ...,https://a-c-t.co.jp/about.html,https://a-c-t.co.jp/form/form.php?situation=contact
藤沢,スウィフト トップページ,http://www.swift-system.co.jp/,
藤沢,Nok株式会社 の【神奈川/藤沢】システム開発 福利厚生充実の ...,https://test-www.pasonacareer.jp/job/81120015/,
藤沢,株式会社wown(ワオン) - 湘南でitといえばwown,https://www.wown.co.jp/,https://www.wown.co.jp/contact
藤沢,東京都品川区西五反田のシステム構築・開発・運用|株式会社 ...,https://t-com.co.jp/,https://t-com.co.jp/#contact
藤沢,まちづくり・都市計画|藤沢市,https://www.city.fujisawa.kanagawa.jp/kurashi/machidukuri/index.html,https://www.city.fujisawa.kanagawa.jp/soudanc2-1/kocho/cccenter.html
藤沢,システム開発・運営サポート|エクスタイル合同会社,https://exstyle.net/,https://exstyle.net/#contact
藤沢,株式会社アトムシステム - 株式会社アトムシステム|信頼のit ...,https://www.atomsystem.co.jp/,https://www.atomsystem.co.jp/contact.html
藤沢,株式会社アクウェア | システム開発・設計 | ソフトウェア開発 ...,https://www.acquware.com/,https://www.acquware.com/contact.html
藤沢,""株式会社アークシステム - ArcSystem""","Inc.""",
藤沢,アイピーシー株式会社(Ipc) アプリケーション設計・開発,https://ipc-co.jp/,
平塚,ローカル5gを用いたアプリケーション開発環境を拡充 | 古河電気 ...,https://digitalpr.jp/r/78704,https://digitalpr.jp/pr-automation/g_contact.php
平塚,古河電工がローカル5gアプリ開発環境を拡充、平塚事業所ラボに ...,https://businessnetwork.jp/article/17371/,https://businessnetwork.jp/contact/
茅ヶ崎,株式会社 Sgkシステム技研 トップページ,http://sgktec.co.jp/,
茅ヶ崎,株式会社 オリテック東京,http://oritec.co.jp/,
茅ヶ崎,ホームページ - 株式会社エリート,https://eliter.co.jp/,https://eliter.co.jp/contact/
厚木,海上自衛隊の専属プログラマーを育成する、独特の教育 ...,https://mamor-web.jp/_ct/17555816,https://mamor-web.jp/contact
大和,ホームページ - 大和システム株式会社,https://daiwasys.co.jp/,https://daiwasys.co.jp/contact
大和,ヤマトシステム開発 マイページ,https://mypage.3030.i-webs.jp/nekonet2026/,javascript:void(0);
小田原,株式会社テクノリサーチは神奈川県小田原市のソフトウェア ...,https://tecnet.or.jp/,https://tecnet.or.jp/mailform/index.html
小田原,小田原市 | 企画部:情報システム課,https://www.city.odawara.kanagawa.jp/msec/43/,https://www.city.odawara.kanagawa.jp/request.php?page_url=https%3A%2F%2Fwww.city.odawara.kanagawa.jp%2Fmsec%2Findex.php%3Fmsection_id%3D43&contact_msection_id=43
小田原,新横浜ソフトウェア開発センター | ソフトウェア開発 ...,https://sysdec.jp/,
小田原,業務アプリケーション、組込み制御システムなら ...,https://www.hm-net.co.jp/,https://www.hm-net.co.jp/contact
小田原,小田原でWebシステム開発やWebサイト構築をおこなうシフト ...,https://www.value-press.com/pressrelease/218482,
小田原,神奈川県小田原市 ホームページ制作・webシステム制作 サン ...,https://sunmedia-japan.com/,mailto:contact@sunmedia-japan.com
新潟,株式会社シアンス|新潟のシステム開発・アプリ開発・ニア ...,https://it.siance.co.jp/,https://it.siance.co.jp/contact
新潟,株式会社アイシス - 新潟県ホームページ,https://www.pref.niigata.lg.jp/site/kigyonokoe/aisys.html,
長岡,新潟県長岡市のWebシステム開発会社|株式会社ロレムイプサム,https://www.loremipsum.co.jp/,https://www.loremipsum.co.jp/contact/
長岡,長岡・小千谷のデジタルマーケティング/ホームページ制作 ...,https://primus-solution.jp/,https://primus-solution.jp/contact
長岡,【長岡市】Se/Pg(システム・アプリ開発) | 新潟県に特化した ...,https://career.niigata-job.ne.jp/job/detail?jid=16588,https://docs.google.com/forms/d/e/1FAIpQLSe90LxoZUrGatsDOn0wX_MhbFqXJfktIhaVGXCz5K-MnrtVOg/viewform
長岡,新潟県長岡市 Webアプリケーション開発 株式会社ブレーク,https://break.ac/,https://break.ac/contact.php
長岡,株式会社 システムスクエア | Tech Nagaoka [テックナガオカ],https://www.tech-nagaoka.jp/company/sa/195.html,
上越,会社概要 - WEB開発・Java・.NET・AutoCAD・受託開発のアルス ...,https://www.arsware.co.jp/company/,https://www.arsware.co.jp/contact
上越,Faシステム|株式会社 菱電社(公式ホームページ),http://www.ryodensya.co.jp/publics/index/187/,
三条,株式会社スペック|システム開発,https://www.web-spec.co.jp/contents/system.html,https://www.web-spec.co.jp/contents/contact.html
三条,株式会社カンナート|WEB制作・システム開発・事業化支援,https://www.kannart.co.jp/,https://www.kannart.co.jp/blog/inquiry/
富山,システム開発・アプリ開発|株式会社システムコボ,https://www.system-cobo.co.jp/,https://www.system-cobo.co.jp/#contact
富山,"""システム開発","ホームページ制作は富山の (有)北陸システム工房へ""",
富山,会社情報 | 株式会社富山システムサービス,https://www.tssweb.co.jp/company-profile/,
富山,業務ソフトウェア・システム開発の株式会社ハイテックス,https://www.hitechs.co.jp/,https://www.hitechs.co.jp/inquiry/
富山,株式会社MARBLE|富山のシステム開発・Web制作会社,https://marble-heroes.com/,https://marble-heroes.com/contact
富山,有限会社シーズプランニング | 富山県のホームページ制作・Web ...,https://www.csplan.jp/,https://www.csplan.jp/contact/
富山,【富山/システム開発】給与システムの開発業務/経験者歓迎 ...,https://engineering.ostechnology.co.jp/job/8045/,https://engineering-technology.brexa.com/casual-entry/?post_id=8045
金沢,AI/VR/WEBシステム開発|株式会社アイ・ツー|石川県金沢市,https://www.i2-jp.com/,https://www.i2-jp.com/inquery.html
金沢,株式会社トリニティコアシステム|It&Web総合企業|石川県 ...,https://tri-cs.jp/,https://tri-cs.jp/contact/
白山,株式会社wapon|石川県でWebシステム・アプリ開発ならワポンまで!,https://wapon.co.jp/,https://wapon.co.jp/contact/
白山,まちづくり・産業|白山市公式ホームページ,https://www.city.hakusan.lg.jp/machi/index.html,https://www.city.hakusan.lg.jp/cgi-bins/enquetes/d87156b9ee8140ffabf26f9ea03a8d50
福井,アートテクノロジー|福井県のシステム開発 ...,https://www.art-tec.co.jp/,https://www.art-tec.co.jp/contact/
福井,システム開発|福井のWeb制作・コンサルティング会社 ...,https://tono-sama.net/webdesign/system/,https://tono-sama.net/contact/
福井,福井県のシステム導入・開発・Web制作 起業及び創業支援なら ...,https://www.netsystem.jp/,https://netsystem.jp/contact/contact.html
福井,福井県越前市でシステム開発 | Webアプリケーション開発なら ...,https://www.spromotion.co.jp/,https://www.spromotion.co.jp/contacts
福井,福井のホームページecサイトやwebシステム開発 ...,https://advance-grow.co.jp/,
坂井,会社概要 | システム開発・Webサイト制作の株式会社フロンティア,https://frontiersoft.jp/page-1334/,https://frontiersoft.jp/page-1334/page-42/
坂井,ナカテック デジタル ソリューション | 会社情報,https://nakatec-ds.com/company.html,https://nakatec-ds.com/company.html#contact
甲府,AndU合同会社 | 山梨県甲府市のシステム開発・アプリ開発,https://and-u.co.jp/,https://and-u.co.jp/contact/
甲府,It運用・保守 | クラウドパッケージ開発 | 山梨 甲府 | 株式会社 ...,http://ritosys.co.jp/,
長野,ホームページ制作 - 長野県のデザイン・動画・ウェブサイト制作,https://web.naganosd.com/,https://web.naganosd.com/#contact
長野,長野県松本市のシステム開発とweb制作 | 株式会社アレックス,https://alex.nagano.jp/,
長野,長野県飯田市のWebシステム開発会社 | 受託開発 | kintone ...,https://www.webware.co.jp/,
松本,株式会社アルテックス | ソフトウェア開発・Web制作 ...,https://ct-artex.co.jp/,https://ct-artex.co.jp/hp-free-consultation/
松本,ソフトウェア開発・ホームページ制作 長野県松本市の電算 ...,https://www.doa-inc.jp/,https://www.doa-inc.jp/agreement/
松本,松本工業株式会社 ITソリューション (Infech)事業部,http://www.mmksi.co.jp/,
上田,テクニカルイン長野|ソフトウェア開発 Webシステム開発 自社 ...,https://tin-nagano.co.jp/,https://tin-nagano.co.jp/contact/
上田,パソコン修理・ホームページ制作・システム開発などIoTのこと ...,https://www.j-factory.com/,https://www.j-factory.com/contact/
上田,愛媛ニアショア開発協議会,http://near-shore.jp/ueda_electronics_development.htm,
上田,10/31 (金)オープン!複合型の温浴施設「UU ueda(ユーユー ...,https://www.web-komachi.com/?p=251076,https://www.web-komachi.com/?page_id=792
上田,クラウド型健康データ管理システム「クラウドチェックアップ ...,https://jgc-healthcare.com/news/2318/,https://jgc-healthcare.com/contact/
上田,上田 浩 (情報メディア教育研究センター)|法政大学 法政大学 ...,https://kenkyu-web.hosei.ac.jp/hosei/detail.html?systemId=2707e4ef4ec72191&lang=ja,https://doi.org/10.1016/j.jtbi.2007.11.024
上田,健康診断管理システム-CloudCheckup-,https://c-checkup.com/,https://c-checkup.com/contact
飯田,株式会社キャスティネット - Webシステム開発・ローカル ...,https://castynet.work/,https://castynet.work/castynet_contact
飯田,株式会社SOLA,https://sola-inc-web.com/,https://sola-inc-web.com/inquiry.html
飯田,低侵襲ハイスループット光濃縮システムの開発,https://projectdb.jst.go.jp/grant/JST-PROJECT-21460217/,
飯田,Sustechが開発する電力運用プラットフォーム「ELIC」、業界水準 ...,https://sustech-inc.co.jp/press-release/2022080901/,https://sustech-inc.co.jp/contact/
飯田,いいだWebまっぷ - 飯田市公開型地理情報システム,https://iida.geocloud.jp/,
岐阜,株式会社DDDsystem | 名古屋・岐阜のシステム開発、WEB ...,https://ddd-system.co.jp/,https://ddd-system.co.jp/contact
岐阜,株式会社web-wing | Webシステム開発 岐阜県大垣市 | ソフ ...,https://www.web-wing.co.jp/,https://www.contact-web.jp/
岐阜,愛知・岐阜・三重のシステム開発 Web販促支援 会社概要,http://www.a-acx.co.jp/company.php,
岐阜,岐阜県大垣市のシステム開発・障がい者支援【株式会社ウェル ...,http://www.weltechnos.co.jp/,
岐阜,"""岐阜",名古屋の生産管理システム Web iPhone,
岐阜,株式会社ソエル|システム・アプリケーションソフト開発を ...,https://sowel.co.jp/,https://sowel.co.jp/contact
岐阜,システム開発|ホームページ制作|パソコンのことなら岐阜の ...,https://www.k-kplus.jp/,https://www.k-kplus.jp/contact.html
大垣,システム開発|スイテック|パソコンやインターネットの ...,https://www.suitech.co.jp/%E3%82%B7%E3%82%B9%E3%83%86%E3%83%A0%E9%96%8B%E7%99%BA/,https://www.suitech.co.jp/contact
多治見,Invision - ウェブ・アプリ開発+デザイン - 株式会社インビジョン,https://invision.co.jp/,https://invision.co.jp/#contact
多治見,株式会社システック|Fa機器・搬送機械設計製作・各種システム ...,http://www.systec-co.jp/,https://www.systec-co.jp/inquiry/index.html
多治見,"""株式会社 アドバンスト・ストリーム:システム開発 (Web",PC,
各務原,義友堂 | 各務原市・名古屋市のホームページ制作、システム ...,https://giyudo.com/,https://giyudo.com/contact/
各務原,会社概要|株式会社テクノシステム,https://www.technosys.co.jp/company/overview/,https://www.technosys.co.jp/contact
可児,事業案内 | プロダクトシステム株式会社,https://psk-web.co.jp/solution/,https://psk-web.co.jp/inqu/
静岡,株式会社プレシード|静岡県沼津市|システム構築 ...,https://www.precede.co.jp/,https://www.precede.co.jp/contact/
静岡,Webサイト制作 システム開発のサンロフト(静岡県),https://www.sunloft.co.jp/,https://www.sunloft.co.jp/contact/
静岡,アプリ開発_静岡県沼津_システム開発 | 株式会社キャスト,https://cast-ad.co.jp/,https://cast-ad.co.jp/contact/
静岡,株式会社ゼクスターズ|ソフトウェア開発/システム構築/It ...,https://www.xecstars.co.jp/,https://www.xecstars.co.jp/contact/
静岡,ワンジーテクノロジーズ:公式企業ホームページ,http://www.wangji.jp/,https://www.wangji.jp/%e3%81%8a%e5%95%8f%e3%81%84%e5%90%88%e3%82%8f%e3%81%9b/
静岡,デジタル支援のぬくもりテクノロジー | 静岡県焼津市のit企業 ...,https://nukumori-tec.jp/,https://nukumori-tec.jp/contact.html
静岡,静岡・静岡市のWEBシステム開発|株式会社インスピレーション,https://insp.cc/system/,https://insp.cc/contact/
浜松,テクバン株式会社 東海支社,https://tokai.techvan.co.jp/,https://tokai.techvan.co.jp/contact/
浜松,浜松市でwebサイト開発なら | 田島if企画 | 静岡県浜松市を拠点 ...,https://tajima-ifp.jp/,https://tajima-ifp.jp/programmingconsultation/
浜松,WEBシステム開発の株式会社レジアス,https://www.rexius.co.jp/,https://www.rexius.co.jp/contact/index
浜松,株式会社シーポイントラボ|浜松のwebシステム・Rtk-gnss開発,https://cpoint-lab.co.jp/,https://cpoint-lab.co.jp/inquiry/
浜松,Coason (コアソン) | システム開発・業務アプリケーション開発 ...,https://www.coason.com/,https://www.coason.com/contact.html
沼津,沼津のソフトウェア開発とホームページ作成のフロムサーティー,http://www.from-thirty.co.jp/,
富士,システム開発 | 富士テレコム株式会社,https://www.fujitelecom.co.jp/solution/system/,https://www.fujitelecom.co.jp/inquiry/
富士,研究開発について | 富士電機,https://www.fujielectric.co.jp/about/technology/index.html,https://www.fujielectric.co.jp/contact/
富士,富士フイルム先進研究所・宮台メディカルシステム開発 ...,https://www.smarteco.co.jp/news/000067.html,https://www.smarteco.co.jp/contact/
富士,富士設計株式会社 | 設計・調査・測量・情報システム開発・3 ...,https://fujiarchitect.co.jp/,https://fujiarchitect.co.jp/contact/
富士,株式会社アイ・ネクスト|静岡県富士市のシステム開発会社,https://i-next.tech/,https://i-next.tech/contact-agree/
磐田,受託開発の歩み | ヒストリー | ヤマハモーター ...,https://www.yec.co.jp/history/consignment/,
磐田,森林の伐採、開発|磐田市公式ウェブサイト,https://www.city.iwata.shizuoka.jp/sangyou_business/kaihatsu/1002172.html,https://www.city.iwata.shizuoka.jp/kurashi_tetsuzuki/nayami_soudan/index.html
焼津,Webシステム開発(プログラマー・システムエンジニア)/月給 ...,https://hacc.athuman.com/detail/115036,https://hacc.athuman.com/contact
焼津,株式会社 ウェブ・システム of websys.co.jp,https://websys.co.jp/,
焼津,鈴与システムテクノロジー株式会社(Sst)|情報システム開発 ...,https://www.sst-web.com/,https://www.sst-web.com/contact/
藤枝,藤枝市のウェブ制作・オリジナルプリント・システム開発 ...,https://greenseed.co.jp/contents/NOD13/,
藤枝,ディジタルシステム研究室(藤枝研究室)/ 愛知工業大学,https://aitech.ac.jp/~dslab/,
藤枝,東京・静岡のWeb制作・印刷広告は株式会社共立アイコム,https://www.kpnet.co.jp/,https://www.kpnet.co.jp/contact/
藤枝,研究組織|OKIの技術|OKI,https://www.oki.com/jp/technology/organization/,https://www.oki.com/jp/contact/
名古屋,名古屋のシステム・アプリ開発 | creato(クリート),https://creato-c.jp/,https://creato-c.jp/contact
名古屋,クラウド株式会社|名古屋のシステム・ソフトウェア開発,https://www.cloudsoft.co.jp/,https://www.cloudsoft.co.jp/contact/
名古屋,名古屋のWEBアプリ・システム開発は株式会社デジカル,https://digical.jp/,https://digical.jp/contact
名古屋,名古屋のシステム受託開発【株式会社リオ】- Web・アプリ開発 ...,https://www.rio.ne.jp/lp/system/,https://www.rio.ne.jp/contact/
名古屋,名古屋のシステム開発・Web開発(ウェブ開発)会社|株式会社 ...,https://webnation.co.jp/,https://webnation.co.jp/contact/
名古屋,アイティサービス【Web基幹業務システム開発】愛知県名古屋市,https://www.itsvc.net/,https://www.itsvc.net/contact.html
名古屋,株式会社テクノ - システム開発・エンジニアリングサービス ...,https://tec-no.com/,https://tec-no.com/contact
名古屋,事業紹介 | システム開発 | 名古屋でシステム、アプリ開発なら ...,https://www.e-create.jp/system/business/,https://www.e-create.jp/contact/
名古屋,名古屋のスマホアプリ・Webシステム開発専門会社 レブクリエイト,https://www.revcreate.jp/,https://www.revcreate.jp/contact.php
名古屋,アドバンス情報システム - 愛知県名古屋市にあるシステム開発 ...,https://aisweb.co.jp/,
名古屋,株式会社システムクリエイト名古屋 | 名古屋市北区 クラウド ...,https://sc-nagoya.jp/,https://sc-nagoya.jp/contact/
名古屋,株式会社インビリティー | 名古屋のアプリ開発・システム開発 ...,https://inbility.co.jp/service.html,https://inbility.co.jp/contact.html
名古屋,【名古屋】Webシステム開発に強い「リンクル」 | Webシステム ...,https://linkle-inc.co.jp/,https://linkle-inc.co.jp/contact
名古屋,システム・アプリ開発、Itソリューションは名古屋のアドバンス ...,https://www.advancesoft.co.jp/,https://www.advancesoft.co.jp/contact/index.html
名古屋,パートナー募集 株式会社アイティユニバース,https://ituni-web.co.jp/partner/,https://ituni-web.co.jp/contact/index.html
名古屋,株式会社デジタライズ - 名古屋 システム開発 スマホアプリ開発 ...,https://www.digitalize.co.jp/,https://www.digitalize.co.jp/contactgeneral/
豊田,システム開発 | 豊田市のWeb制作・ホームページ制作会社 ...,https://itechinc.jp/system/,https://itechinc.jp/index.php/contact
豊田,ホームページ制作・広告・デザイン制作・システム開発 ...,https://smile-design.co.jp/,https://smile-design.co.jp/#contact
豊田,燃料電池自動車「Mirai」搭載製品の開発 | 豊田自動織機 ...,https://saiyo.toyota-shokki.co.jp/project_story/index/%E7%87%83%E6%96%99%E9%9B%BB%E6%B1%A0%E8%87%AA%E5%8B%95%E8%BB%8A%E3%80%8Cmirai%E3%80%8D%E6%90%AD%E8%BC%89%E8%A3%BD%E5%93%81%E3%81%AE%E9%96%8B%E7%99%BA/,
豊田,機械 - 研究開発 | 株式会社 豊田中央研究所,https://www.tytlabs.co.jp/technology/coretechnology/machine.html,https://www.tytlabs.co.jp/contact/toiawase.html
岡崎,株式会社 Bandai - システム開発 / Pc販売・社内保守 / Web関連 ...,https://www.k-bandai.com/,https://www.k-bandai.com/contact
岡崎,システム開発・アプリ開発・ホームページ制作・Lp制作等のitの ...,https://www.pieceinnovation.jp/,https://www.pieceinnovation.jp/contact
岡崎,愛知県岡崎市のweb制作会社 株式会社イーダ [公式],https://iii-da.co.jp/,https://iii-da.co.jp/contact.php
岡崎,会社概要 - web制作会社 株式会社エクラ eclat,https://eclatweb.jp/description/,https://eclatweb.jp/contact/
一宮,愛知県一宮市のWEB制作・システム開発 | tiny-p,https://tiny-p.com/,https://tiny-p.com/#contact
一宮,ユーザー・現場目線で作る愛知県一宮市のWebシステム開発会社,https://webloco.webolha.com/support-system/,https://webloco.webolha.com/contact/
一宮,株式会社エミリーズ | Webシステムの開発・ホームページ作成 ...,https://ems-it.jp/,https://ems-it.jp/#contact
一宮,Webシステム・ホームページ制作なら株式会社アントロワ,https://untrois.co.jp/,https://untrois.co.jp/#consultation
一宮,株式会社アイシーシー | 愛媛県 新居浜市 システム開発/Web制作 ...,https://www.ichimiya.co.jp/icc/,https://www.ichimiya.co.jp/icc/contact/
一宮,会社概要 | 愛知県一宮市、岐阜、名古屋でホームページ制作 ...,https://sakaiitproject.com/about/,http://sakaiitproject.com/contact/
豊橋,会社概要 | テクノシステム株式会社,https://www.technosystems.co.jp/company/profile/,https://www.technosystems.co.jp/contact/
豊橋,【愛知・豊橋】ホームページ制作、システム開発|顧客管理 ...,https://www.databrain.co.jp/,https://www.databrain.co.jp/contact.php?toiawase_type=contact
豊橋,有限会社 ウィンテック(豊橋市のソフトウェア開発・製造 ...,http://win-tec.jp/,https://win-tec.jp/contact.html
豊橋,ホームページ制作・システム開発 愛知県 豊橋市|Aiming-エイ ...,https://aiming.jp/,https://aiming.jp/contact/
豊橋,株式会社tky ・愛知県豊橋市のit企業 株式会社tkyのweb ...,https://tky-kk.jp/,https://tky-kk.jp/contact/
豊橋,愛知県豊橋市で格安ホームページ制作やシステム開発なら ...,https://mixq.net/,https://mixq.net/contact.php
豊橋,会社概要 | 【Osc】業務効率化、Dx支援からホームページ制作 ...,https://www.osc-kk.co.jp/company/,https://www.osc-kk.co.jp/company/#
豊橋,ホームページ制作・WEBシステム開発|メディアラボ・ジャングル,https://www.jungle-jp.com/,
春日井,春日井のシステム開発・ホームページ制作はらいおん丸,https://raionmaru.jp/,https://raionmaru.jp/#
春日井,アリッツ株式会社 - 愛知県春日井市のウェブコンサルティング ...,https://www.alitz.co.jp/,https://www.alitz.co.jp/inquiry/
春日井,Webシステム開発 | 春日井流通マシン,https://k-rm.jp/case/category/web-system/,https://k-rm.jp/contact/
豊川,キントーンcm放映中 | ノーコードで 業務アプリを つくろう ...,https://kintone.cybozu.co.jp/jp/lets-no-code/,
豊川,株式会社one Web | 愛知・名古屋・豊川のwebサイト制作会社,https://1web.co.jp/,https://1web.co.jp//#page05
西尾,事例|西尾レントオール 株式会社 ~C/S型、Web型、iOS ...,https://www.imagazine.co.jp/%E8%A5%BF%E5%B0%BE%E3%83%AC%E3%83%B3%E3%83%88%E3%82%AA%E3%83%BC%E3%83%AB-%EF%BD%9C-c-s%E5%9E%8B%E3%80%81web%E5%9E%8B%E3%80%81ios%E3%83%8D%E3%82%A4%E3%83%86%E3%82%A3%E3%83%96%E5%9E%8B%E6%B7%B7%E5%9C%A8/,https://www.imagazine.co.jp/contact/
西尾,当社について | 株式会社sbr テクノロジー,https://sbr.technology/company,https://sbr.technology/contact
小牧,JR東海の成長を支える技術開発,https://company.jr-central.co.jp/company/technology/growth.html,https://jr-central.co.jp/info/
小牧,株式会社三峰システム開発 愛知県小牧市 | 全国82職種が登録 ...,https://web.suke-dachi.jp/cl/aichi-052887,https://suke-dachi.jp/contact?utm_source=viola&utm_medium=organic
小牧,技術開発・技術力強化への取組み | 戦略・事業紹介 | 会社と ...,https://saiyo.jr-central.co.jp/company/business/technology.html,
津,三重・津のアプリ/システム開発 | Thrime app,https://www.thrime-app.com/,https://www.thrime-app.com/contact-form.html
津,株式会社エクサソリューションズ | Webサイト制作・システム開発,https://www.exa-sol.co.jp/,https://www.exa-sol.co.jp/#contact
津,TECHNICAL MASTER はじめてのAzureモダンアプリ開発入門,https://www.books.or.jp/book-details/9784798074917,https://www.books.or.jp/contact
四日市,生産管理システム開発、WEBシステム開発のAtlas Corporation,http://www.atlascorp.co.jp/company.html,
四日市,Atlas Corporation - 生産管理システム開発、WEBシステム開発 ...,https://for-herself.com/,https://for-herself.com/contact/
四日市,ホームページ制作・DXシステム開発・Webデザインのことなら ...,https://www.firstinc.jp/,https://www.firstinc.jp/contact/
四日市,四日市市 新総合計画 基本構想「実現に向けての基本目標」,https://www.city.yokkaichi.mie.jp/new_multipurpose_project/rough_draft_03.html,
鈴鹿,設計、開発、保守をこなすシステム会社|株式会社エステック,https://www.steccorp.co.jp/,https://www.steccorp.co.jp/contact/
鈴鹿,株式会社メイヴン-【三重県鈴鹿市】Web制作・システム開発 ...,https://miepita.com/partner/%E6%A0%AA%E5%BC%8F%E4%BC%9A%E7%A4%BE%E3%83%A1%E3%82%A4%E3%83%B4%E3%83%B3-%E3%80%90%E4%B8%89%E9%87%8D%E7%9C%8C%E9%88%B4%E9%B9%BF%E5%B8%82%E3%80%91web%E5%88%B6%E4%BD%9C%E3%83%BB%E3%82%B7%E3%82%B9/,http://miepita.com/%e3%81%8a%e5%95%8f%e5%90%88%e3%81%9b/
松阪,三重県松阪市のホームページ制作・システム開発,https://fieldeast.com/area/area_mie24204.html,https://fieldeast.com/contact.html
桑名,桑名市公式ホームページ,https://www.city.kuwana.lg.jp/index.html,https://www.city.kuwana.lg.jp/kurashi/madoguchi/index.html
桑名,ミュージアム展示ガイドアプリ「ポケット学芸員」の桑名市 ...,https://www.dreamnews.jp/press/0000305925/,https://www.dreamnews.jp/?action_contact=true
桑名,会社概要|エボルテック株式会社|エンジニアリング/請負 ...,https://evoltech.co.jp/company/,https://evoltech.co.jp/contact/index.php
大津,"""滋賀 デザインカロン合同会社 | 大津・草津 Webデザイン","印刷 ...""",
大津,株式会社アドバンスフォート | Web・Aiシステム開発,https://advanceffort.jp/,https://advanceffort.jp/contact
大津,企業情報 | 株式会社テクノクリエイティブ【システム開発・It ...,https://www.techno-creative.co.jp/company/,https://www.techno-creative.co.jp/contact/
大津,ご利用の流れ|浜大津都市開発株式会社(公式ホームページ),https://e-asuto.co.jp/pages/127/,
大津,First Penguin vol.22 株式会社Momo・大津 真人の考える「IoT ...,https://xtech.mec.co.jp/articles/4126,https://xtech.mec.co.jp/contact
大津,株式会社siu -webシステム開発-,http://siu.co.jp/,
大津,フィルム検査・シート検査・素材検査・ウェブ検査・欠陥検査 ...,https://www.frontier-s.co.jp/company/,https://www.frontier-s.co.jp/contact/index.cgi
大津,情報システム科|大津商業高等学校,http://www.daisho-h.shiga-ec.ed.jp/about-us/info-sys/,https://www.daisho-h.shiga-ec.ed.jp/contact
大津,NatsPower - 滋賀県大津市のウェブサイト制作、パソコン出張 ...,https://natspower.jp/,
大津,環境開発推進事業部|滋賀県大津市の生ゴミ堆肥化処理 ...,https://nichieishiga.co.jp/security2/,https://nichieishiga.co.jp/security2/#form_link
大津,大津市公共施設予約システム 認証画面,https://www.cm5.eprs.jp/otsu/web/,
草津,システム開発、Webシステム開発の株式会社buzz Garage ...,https://www.buzz-garage.co.jp/,https://www.buzz-garage.co.jp/contact/index.html
草津,滋賀県草津市のweb制作・システム開発・撮影の株式会社ブロッサム,https://blossom39.net/,https://blossom39.net/contact.php
草津,京都滋賀でシステム開発・業務アプリ開発のことならインフォ ...,https://www.info-feel.com/,http://www.info-feel.com/contact/
草津,事業内容 - 滋賀県 草津市のホームページ制作会社|アイベック ...,https://aivec.co.jp/service/,https://aivec.co.jp/contact
草津,System Cloud|システムクラウド|助成金や補助金を利用したit ...,https://system-cloud.co.jp/,https://system-cloud.co.jp/#contact
草津,Pivot - Web・アプリ・システムのui・Uxデザイン企画・開発,https://pivot.jp/,https://pivot.jp/contact
長浜,アプリケーション開発 (長浜) | 株式会社ミナテック - Fa自動制御 ...,https://www.mina-tech.com/application/%E3%82%A2%E3%83%97%E3%83%AA%E3%82%B1%E3%83%BC%E3%82%B7%E3%83%A7%E3%83%B3%E9%96%8B%E7%99%BA-%E9%95%B7%E6%B5%9C/,https://www.mina-tech.com/contact/
長浜,ABOUT US | IT-WAVE Corp.|システム開発|ハード販売|WEB ...,http://www.it-wave.jp/index.php?cs=tp&ac=sy,
長浜,ソフトウェア開発・ホームページ制作の01フィラメント株式会社 ...,https://01filament.co.jp/,https://01filament.co.jp/contact/
長浜,エンジニアリングセンターTec Lab(テックラボ)長浜景観広告賞 ...,https://www.nikkeipanel.co.jp/news/2022/2022-01-27_tec-lab.html,https://www.nikkeipanel.co.jp/solution/step/index.html
彦根,TOP|株式会社ウェーブ - Making your Solution.,https://www.waveco.co.jp/,https://www.waveco.co.jp/contact.html
彦根,Jr高輪ゲートウェイ駅直結の複合再開発「Takanawa ...,https://www.fujitec.co.jp/announcement/17715,https://www.fujitec.co.jp/help
京都,京都|システム開発・Webサイト構築|株式会社 プライマル,http://www.primal.co.jp/,
京都,株式会社AIVICK|アイヴィック|京都|システム開発|Web ...,https://www.aivick.co.jp/,https://www.aivick.co.jp/contact/index.html
京都,京都のシステム開発・ホームページ制作 - エスアンドエス・プラス,https://www.ssplus.co.jp/,https://www.ssplus.co.jp/contact/index.php
京都,株式会社ピクチャレスク - 京都のウェブ制作&システム開発 ...,https://www.picturesque.co.jp/,
京都,府・市町村共同システムの整備/京都府ホームページ,https://www.pref.kyoto.jp/gyomusuishin/shichoson-kyodo.html,https://www.pref.kyoto.jp/soudan/index.html
京都,株式会社 システム創見 | 最短納期・最適予算でWebシステムを実現,https://www.system-souken.co.jp/,https://www.system-souken.co.jp/contact
京都,京都のWebサービス/業務システム開発ならサーバーリンク(京都 ...,https://serverlink.co.jp/,https://www.serverlink.co.jp/contact/index.php
京都,ウェブシステム開発 | 京都情報大学院大学 - Kcg,https://www.kcg.edu/curriculum/concentration/web-systems-development,https://www.kcg.edu/forms/inquiries
宇治,ミライズ (Miraizu) - Webの未来を、一緒に設計する,https://miraizu.jp/,https://miraizu.jp/contact/
宇治,株式会社Free Style(フリースタイル)|システム開発/WEB開発,https://www.freestyle8.com/,
宇治,都市計画課 - 宇治市公式ホームページ - Uji,https://www.city.uji.kyoto.jp/soshiki/73/,https://www.city.uji.kyoto.jp/form/detail.php?sec_sec1=73
亀岡,亀岡 文彦 | メンバー | 株式会社先駆|ウェブサイト制作 ...,https://senku.jp/about-us/member/fumihiko-kameoka/,https://senku.jp/contact/
亀岡,人事課 - 亀岡市公式ホームページ,https://www.city.kameoka.kyoto.jp/soshiki/5/,https://www.city.kameoka.kyoto.jp/form/detail.php?sec_sec1=5
城陽,会社概要 | 会社情報 | 星和テクノロジー株式会社|システム ...,https://www.seiwatec.co.jp/company/companyinfo/,https://www.seiwatec.co.jp/index.php/contact/
向日,都市計画課 - 向日市公式ホームページ,https://www.city.muko.kyoto.jp/soshiki/25/,https://www.city.muko.kyoto.jp/life/1/4/
大阪,株式会社ウイズ | 大阪/システム開発/Web企画構築/営業販促 ...,https://www.wiznet.co.jp/,https://www.wiznet.co.jp/contact/
大阪,Webシステム開発 大阪 | テラウェーブ・システム株式会社,https://terawave.co.jp/,https://terawave.co.jp/contact.php
大阪,Webシステム開発・アプリ開発 大阪 マイスター・ギルド,https://www.m-gild.com/,https://www.m-gild.com/contact/
大阪,スキルシステムズ | システム構築、Ec構築、It顧問,https://www.skill-systems.co.jp/,https://www.skill-systems.co.jp/contact/?post_id=17
大阪,大阪のシステム開発なら 株式会社ウィズテクノロジー,https://www.whizz-tech.co.jp/,https://www.whizz-tech.co.jp/contact
大阪,オーダメイドのWEBシステム開発|ジョイディア,https://joydea.jp/,https://joydea.jp/contact
大阪,システック株式会社 - ソフトウェアシステムの企画設計から ...,https://cstec-corp.co.jp/,https://cstec-corp.co.jp/contact/
大阪,"""株式会社ヲタクリエイト:大阪のwebシステム開発","教育事業 ...""",
大阪,株式会社エポック-大阪|システム・アプリ開発,https://e-poch.jp/,https://e-poch.jp/contact/
堺,大阪 堺市 ホームページ作成・AI(人工知能)開発・システム開発ソフトウェアー開発・ <br>大手モールコンサルティング・広告デザイン・チラシ ...,https://www.zaprizing.com/index.html,https://www.zaprizing.com/index.html#cont5
堺,Code-base | 大阪府堺市 | Web制作・システム開発・It顧問,https://code-base.jp/,https://code-base.jp/contact/
堺,ようこそ、テクノアイへ【情報のインフラ企業として、最先端の技術で広く社会に貢献します】-システム設計・ソフト開発・Webシステム開発 :: テクノアイ,https://technoeye.com/,
堺,株式会社ファイン | Webシステム・スマホアプリ・ゲームの開発会社,https://www.fine-net.com/,https://www.fine-net.com/contact/
堺,ソフトウェア開発 - 制御盤コム 大阪・堺,https://www.seigyoban.com/products-service/elemental-component-technology/software-development,https://www.seigyoban.com/otoiwase
堺,大阪府堺市の次世代ホームページ制作システム開発なら堺IT推進つくろう未来法人,https://mirai-houjin.jp/,
堺,webシステム開発:::ホームページ制作 大阪府堺市 デジタルファクトリー,https://www.digital-factory.jp/html/system.cgi,https://www.digital-factory.jp/inquiry/index.cgi
東大阪,株式会社Rivine (リヴァイン) | ソフトウェア/システム開発/Web ...,https://www.rivine.jp/,https://www.rivine.jp/contact
東大阪,東大阪再開発株式会社(公式ホームページ),https://www.higashiosaka-saikaihatu.jp/,https://www.higashiosaka-saikaihatu.jp/pages/5/
東大阪,会社概要 | システム開発 大阪 株式会社ハナテックコンピュータ ...,https://www.hanatech.co.jp/gaiyo.asp,
東大阪,東大阪市 自動化設備の開発・設計・制作メーカー 株式会社河合 ...,https://www.kawai-mechanical.com/,https://www.kawai-mechanical.com/contact
豊中,株式会社POST,https://postweb.co.jp/,https://postweb.co.jp/contact
吹田,会社概要 | 株式会社 T2 System,https://app-t2homepage.azurewebsites.net/company/,
吹田,アステック株式会社 | システム開発・ソフトウェア開発に最新 ...,https://www.astec-corp.co.jp/,https://www.astec-corp.co.jp/inquire
吹田,株式会社TAP,https://tapweb.jp/,
吹田,株式会社 セキュリティソフトウェア,https://securisoft.co.jp/company.html,https://securisoft.co.jp/form.html
高槻,会社概要 - Web制作会社ネコシステム,https://www.neko-system.com/aboutus/index.html,https://www.neko-system.com/otoiawase/index.html
茨木,システム開発|制御系ソフトウェア開発|Oa系スタッフサービス ...,https://cybtech.co.jp/,https://cybtech.co.jp/contact.html
八尾,ウェブ、システム、デザインも中小企業のitパートナー|自社 ...,https://rindo-inc.com/,https://rindo-inc.com/contact
岸和田,システムエンジニア募集|Webデザイナー募集|グラフィック ...,https://www.c-plus-1.co.jp/job,https://www.c-plus-1.co.jp/company/contact/
枚方,会社案内|株式会社テイク・システムズ(公式ホームページ),https://take-systems.co.jp/pages/19/,https://take-systems.co.jp/pages/4/
枚方,システム開発・クラウド型ソフトウェア開発ならエスケプラン ...,http://skplanner.co.jp/,https://skplanner.co.jp/?page_id=40
枚方,システム開発・クラウド型ソフトウェア開発ならカイタック ...,https://www.khaithac-jp.com/,https://www.khaithac-jp.com/inquiry/
枚方,総合事業Web操作説明書(枚方市サービス提供事業者様向け ...,https://brainservice.co.jp/infomation/page-2015/,https://brainservice.co.jp/contact/
池田,株式会社RELITEC,https://relitec.co.jp/,https://relitec.co.jp/#contact
池田,Fukula株式会社は、横浜市馬車道でWebシステムの提案・開発 ...,https://fukula.jp/corporation,https://fukula.jp/callinfo
池田,システム開発評価・危機管理センター(sdecc) | 池田市,https://www.info7.biz/%E3%82%B7%E3%82%B9%E3%83%86%E3%83%A0%E9%96%8B%E7%99%BA%E8%A9%95%E4%BE%A1%E3%83%BB%E5%8D%B1%E6%A9%9F%E7%AE%A1%E7%90%86%E3%82%BB%E3%83%B3%E3%82%BF%E3%83%BC%EF%BC%88sdecc%EF%BC%89,https://www.info7.biz/contact
池田,Itシステム開発「契約」の教科書/池田聡/著 本・コミック ...,https://www.e-hon.ne.jp/bec/SA/Detail?refISBN=9784798177380,https://www.e-hon.ne.jp/inquiry/
守口,Studio Habit - 大阪府守口市のシステム開発・アプリ開発・ホーム ...,https://studio-habit.com/,https://studio-habit.com/#contact
守口,株式会社シロハチ | web制作・ECサイト構築・システム開発,https://www.shiro8.net/,https://www.shiro8.net/form/ask.html
守口,iPhoneアプリ開発 大阪|ホームページ制作|株式会社ドラプロ,https://www.dorapro.co.jp/,https://www.dorapro.co.jp/mail.php
箕面,エイト日本技術開発|価値ある環境を未来に,https://www.ejec.ej-hds.co.jp/,https://www.ejec.ej-hds.co.jp/contact
神戸,神戸ソフト株式会社 | 神戸のシステム・アプリ開発会社,https://kobesoft.co.jp/,https://kobesoft.co.jp/contact/
神戸,チームit神戸 - 兵庫・神戸のシステム開発、ホームページ制作 ...,https://www.it-kobe.org/,https://www.it-kobe.org/otoiawase
神戸,神戸のシステム開発・ウェブサイト制作 | 株式会社 ...,https://atsys.co.jp/,https://atsys.co.jp/contact/
神戸,WEBシステム開発 | 株式会社Honeycome | 神戸・東京,https://www.honeycome.biz/,https://honeycome.biz/contact/
神戸,株式会社 フュージョンテックシステム - 神戸のシステム開発会社,https://fusion-tec-system.co.jp/,https://fusion-tec-system.co.jp/contact/
神戸,株式会社ジェニオ | 神戸・東京・大阪・四国のwebシステム開発 ...,http://genio.co.jp/,https://www.genio.co.jp/contact/
神戸,有限会社シーエスエフ | 神戸のシステム開発・アプリ開発,https://www.creative-solution.jp/index.html,https://www.creative-solution.jp/#contact
神戸,神戸でのシステム開発・WEBデザインは株式会社アキュラへ,http://aqurex.jp/,
神戸,"""株式会社イーイット|Webシステム開発","Webアプリケーション開発 ...""",
神戸,神戸 Webシステム開発 スマホアプリ開発 Web制作リブライク ...,https://www.livlike.jp/,https://www.livlike.jp/#Contact
姫路,姫路市のホームページ制作・システム開発会社 創報堂,https://www.souhoudou.jp/,https://www.souhoudou.jp/inquiry/
姫路,株式会社三光システム | 業務システム開発、Web ...,https://333022.jp/,https://333022.jp/customer/index.html
姫路,アプリ開発・WEB制作・AI活用 | Zept合同会社 | 姫路市、関西,https://www.zept7.com/,https://zept7.com/Information/2025/04/24/post-162/
姫路,ソフラ株式会社|クラウドコンピューティング・Siサービス ...,https://www.sofla.co.jp/,https://www.sofla.co.jp/category/inquiry/index.html
姫路,エミリオ - It・Webデザイン、アプリ、システム開発,https://www.emillio.jp/,https://www.emillio.jp/#contact
姫路,HAX株式会社 | Web × システム × 生成AI,https://www.ha-x.co/,https://www.ha-x.co/contact
西宮,会社案内|株式会社システム・デザイン・イクイップメント,https://www.sdec.co.jp/aboutus.html,
西宮,システム開発 アプリ開発 ホームページ作成 株式会社ソフト ...,https://smjapan.co.jp/,https://smjapan.co.jp/contact/
西宮,システム開発 | ホームページ制作 大阪 神戸 西宮|LAF Design,https://lafdesign.co.jp/service/system-development/,https://lafdesign.co.jp/contact
西宮,会社概要 - Idec Auto-id Solutionsは自動認識でdxや ...,https://ias.co.jp/about/profile,https://ias.co.jp/inquiry
西宮,会社概要 - J-7SYSTEM WORKS Web,https://www.j7system.jp/about/,https://www.j7system.jp/contact-us/
尼崎,株式会社エフエスティ|お客様の立場に立ったシステムを構築 ...,https://www.fujisofttech.co.jp/,https://www.fujisofttech.co.jp/form.php?pid=1
尼崎,ホーム - 株式会社プロシアテクノロジー,https://prosiatec.com/,https://prosiatec.com/#gywm
明石,兵庫県明石市のWebシステム開発会社 | ALLMORE DESIGN,https://allmore.jp/system/,https://allmore.jp/contact/
明石,システムアイ株式会社(公式ホームページ),http://www.system-i-bm.co.jp/,
明石,格安ホームページ制作・ウェブシステム開発|兵庫 神戸 明石 ...,https://www.ah-key.com/,https://www.ah-key.com/contact/
加古川,Webシステム開発・業務システム開発|兵庫県加古川市のアシス,https://www.assis.co.jp/service/system-development/,https://www.assis.co.jp/contactform/
加古川,株式会社 ファインシステムでソフト開発・ホームページ作成 ...,https://fine-system.co.jp/,https://fine-system.co.jp/contact/
加古川,会社概要 | webデータベースによるIT業務支援システム開発 兵庫 ...,https://r-evo.jp/corp/,https://r-evo.jp/inquiry/
加古川,プログラマーコース | 職業訓練のエンプロス|姫路・加古川 ...,https://emplos.jp/course/webapp/,https://emplos.jp/contact/
宝塚,Web制作・システム開発・アプリ制作|株式会社エンマ ...,https://enmaproject.co.jp/web.html,https://enmaproject.co.jp/contact.html
伊丹,大阪国際(伊丹)空港高さ制限回答システム,https://secure.kix-ap.ne.jp/itm/,
伊丹,本社へのアクセス | Wave Technology (WTI) | 半導体周辺回路 ...,https://www.wti.jp/contents/access.htm,https://www.wti.jp/contents/contact.htm
伊丹,PDF 半導体関連企業マップ - 兵庫県ホームページ,https://web.pref.hyogo.lg.jp/sr11/documents/map_handoutai1.pdf,
伊丹,株式会社Mewtech | 全ての人にテクノロジーの力を。優しいIT ...,https://mew-tech.jp/,https://mew-tech.jp/#contact
伊丹,PDF Research & Development,https://sei.co.jp/technology/pdf/rd.pdf,
川西,Akatsuki System Service | 店内ストリートビューの撮影 ...,https://ass-web.com/,https://ass-web.com/toiawase/
川西,川西 - お問合せ:Webシステム制作開発 ホームページ制作 ...,https://e-na123.com/area_kawanishi.html,https://e-na123.com/contact.html
三田,会社概要|システム開発・Web制作・システム運用・技術者派遣 ...,https://www.3s-sys.co.jp/company/,https://cta-na2.hubspot.com/web-interactives/public/v1/track/click?encryptedPayload=AVxigLJM4SbS1vg6p0F%2F1RqyetIeAfBFIA5XhpkdA%2BYkbWgTiOmF%2Fr2kIsWcyd8punK%2Bw158bDyPUW%2FbGTMZHRXpt5JKT%2FSUa8UV4E%2F165Nt5DBlCWs1vL5RLUCHP9R5CEAIH2xiiC%2BqYhZXbPnZjYn3OSpJjV8UX85x8jukGM75ebuizazU&portalId=22534194&webInteractiveContentId=247474692837&webInteractiveId=567535107821&containerType=EMBEDDED&pageUrl=https%3A%2F%2Fwww.3s-sys.co.jp%2Fcompany&pageTitle=%E4%BC%9A%E7%A4%BE%E6%A6%82%E8%A6%81%EF%BD%9C%E6%A0%AA%E5%BC%8F%E4%BC%9A%E7%A4%BE%E3%82%B9%E3%83%AA%E3%83%BC%E3%82%A8%E3%82%B9%E3%82%B7%E3%82%B9%E3%83%86%E3%83%A0%E3%82%A2%E3%83%B3%E3%83%89%E3%82%B5%E3%83%BC%E3%83%93%E3%82%B9&referrer=&userAgent=Mozilla%2F5.0+%28Macintosh%3B+Intel+Mac+OS+X+10_15_7%29+AppleWebKit%2F537.36+%28KHTML%2C+like+Gecko%29+Chrome%2F142.0.0.0+Safari%2F537.36&hutk=7f958ec615944cadeb9a4c9c0bc72ee5&hssc=82271177.1.1765331664807&hstc=82271177.7f958ec615944cadeb9a4c9c0bc72ee5.1765331664807.1765331664807.1765331664807.1&pageId=251526735551&analyticsPageId=251526735551&hsfp=2232238641&canonicalUrl=https%3A%2F%2Fwww.3s-sys.co.jp%2Fcompany&contentType=standard-page
三田,組織概要 | 日本規格協会 JSA Group Webdesk,https://webdesk.jsa.or.jp/common/W10K0700/?post_type=jsahp&page_id=jsa_gaiyou,https://webdesk.jsa.or.jp/inquiry/W38M0010
奈良,AI×システム開発・アプリ開発|奈良・生駒|ITエンパワーメント,https://it-empowerment.com/,https://it-empowerment.com/#contact
奈良,システム開発 - 奈良県のシステム・アプリ・Web制作会社,https://tunagle.co.jp/system/,https://tunagle.co.jp/contact/
奈良,日本ソフトウェア開発株式会社 | well-jsd公式webサイト,https://welljsd.com/,https://welljsd.com/index.html#form5-g
奈良,大阪 奈良 システム開発・業務改善コンサルティング・Webサイト ...,http://www.head-logic.com/,
生駒,生駒市公式ホームページ,https://www.city.ikoma.lg.jp/,https://www.city.ikoma.lg.jp/module/shareform.php?so_cd=19-0-0-0-0
生駒,生駒データサービスシステム、Webサービス「Idss-creis ...,https://www.re-port.net/article/news/0000005201/,https://www.fudosanryutsu.co.jp/contact/
和歌山,和歌山で簡単なホームページ制作・システム開発はパンダシステム,https://wakayama-panda.com/,https://wakayama-panda.com/inquiry/
和歌山,株式会社エムシーシー,https://www.mccweb.co.jp/,https://www.mccweb.co.jp/saport1.htm
和歌山,和歌山でのホームページ制作・システム開発はクオリアにお ...,https://qualia.ne.jp/,https://qualia.ne.jp/#contact
和歌山,業務システム開発・ホームページ制作のことならプライム ...,http://pr-works.co.jp/,
和歌山,株式会社サンクス|システム開発・受託計算・ホームページ ...,https://www.thanks-jsd.com/,https://www.thanks-jsd.com/mail/contactus.html
和歌山,和歌山でホームページ作成・制作、Webシステム開発ならバンビ ...,https://bambisystem.com/,
和歌山,和歌山で実力のあるWeb制作会社5選 - ポップインサイト,https://popinsight.jp/blog/?p=3958,https://popinsight.jp/inquiry/
田辺,SeCure Protect|ネットワーク構築・サーバー構築の和歌山県IT ...,https://www.secure-protect.jp/,https://www.secure-protect.jp/contact
田辺,固形製剤連続生産 - 三菱ケミカルエンジニアリング株式会社,https://www.mec-value.com/tech/process-equipment/continuous-production/,https://www.mec-value.com/contact/
田辺,検索詳細 |日本大学 研究者情報システム - Nihon University,https://researcher-web.nihon-u.ac.jp/search/detail?systemId=77380e8db2ee64c21c9dcfcc50abd036&lang=ja&st=researcher,https://www.nihon-u.ac.jp/inquiry/?cid=1
鳥取,エム・ジェイ・ソフテック株式会社,https://mjsoftec.co.jp/system/,
鳥取,米子・鳥取・松江|ホームページ、システム|東京印刷株式会社,https://tokyop-eb.com/,https://tokyop-eb.com/toiawase/
鳥取,SLEPP|鳥取県鳥取市のホームページ制作・システム開発会社,https://slepp.jp/,
鳥取,鳥取県湯梨浜町のホームページ制作・システム開発会社|合同 ...,https://jp-roady.net/,https://jp-roady.net/diary.html
鳥取,株式会社MagicPlus | 鳥取のホームページ・システム・デザイン ...,https://magic-plus.net/,https://magic-plus.net/contact
米子,Home | 米子ソフトウェアエンジニアリング株式会社,http://www.ysec.co.jp/,
米子,eBase Solutions Laboratory|システム開発・ホームページ制作会社,https://lab.ebase-sl.jp/,https://lab.ebase-sl.jp/contact
米子,米子アリーナ | Web制作&システム開発 - 有限会社Willさんいん,https://www.will3in.co.jp/production/works/web-4007/,https://www.will3in.co.jp/production/contact/
米子,米子市全域でフレイル予防アプリを展開 | Scala Group / 株式会社 ...,https://scalagrp.jp/news/2024/09-frailty/,https://scalagrp.jp/information/
米子,ホームページ制作・Web制作・Web集客のことならITS|鳥取県 ...,https://its-office.jp/,https://its-office.jp/#get-in-touch
米子,アーバンエックス、米子市および山陰酸素工業が実施するaiを ...,https://urbanx-tech.com/news/4846,https://urbanx-tech.com/contact
松江,会社情報 - 島根県松江市のシステム開発・ウェブ制作会社 ...,https://cherryllc.net/website/company/,https://cherryllc.net/website/contact/
松江,株式会社システムデザイン・アクティ ~ ホームページ制作 ...,https://www.acty.ne.jp/,https://www.acty.ne.jp/feedback.html
松江,株式会社スプリングボード - 秋葉原/松江市のwebシステム ...,https://www.springboard.co.jp/,https://www.springboard.co.jp/otoiawase/
出雲,株式会社 出雲王国公式,http://izumo-web.com/jigyou_naiyou.html,
出雲,システムエンジニアリングサービス|株式会社ボーダーレス ...,https://borderless-technology.com/,https://borderless-technology.com/#contact
出雲,まごころと友情のホームページ制作会社 いずもWeb (島根県|松江 ...,http://izumoweb.com/,
浜田,株式会社コンピュータ・コンサルタント - 会社情報,https://com-con-web.com/About/Top,https://com-con-web.com/Contact/Top
浜田,太陽光パネルの独自リサイクル技術を開発した浜田の取り組み,https://circulareconomy.tokyo/column/1868,https://circulareconomy.tokyo/contact
浜田,技術開発賞 | 日本音響学会,https://acoustics.jp/awards/tech-dev/,https://acoustics.jp/overview/access/
岡山,岡山のシステム・アプリ開発会社 | 株式会社せとうちシステム,https://www.setouchisystem.co.jp/,https://www.setouchisystem.co.jp/inquiry/entry/
岡山,株式会社システムエンタープライズ | 岡山のシステム開発ならsec,https://www.s-enter.com/,https://www.s-enter.com/contact
岡山,NETCITYS株式会社 - Webシステム開発、SIer - 岡山,https://www.netcitys.co.jp/,https://www.netcitys.co.jp/common/otoiawase_approval.html
岡山,岡山のホームページ制作会社 株式会社クリエ・ココ|Web ...,https://www.crea-coco.com/,https://www.crea-coco.com/contact/
岡山,岡山県岡山市のシステム開発会社、有限会社システック敬の ...,http://www.systec-k.net/company/,
岡山,日本ITシステム株式会社-システム開発・Web制作,https://japan-it.org/,https://japan-it.org/contact.php
岡山,岡田システム | システム開発・ホームページ制作,https://okada-system.com/,
倉敷,倉敷システムデザイン大型車両用洗車ツールを開発本荘興産や ...,https://keizai.info/special-feature/137472,
倉敷,倉敷システムデザインWEBサイト,http://kurashiki-system.co.jp/,
倉敷,岡山県倉敷市のホームページ制作・Webシステム開発 カピバラ ...,https://kapi-q.jp/,mailto:contact@kapi-q.jp
倉敷,倉敷市統合型gis | 利用許諾,http://www.gis.pref.okayama.jp/kurashiki/PositionSelect?mid=2063,
倉敷,岡山県倉敷市のホームページ制作・Webシステム開発 カピバラ ...,https://www.mukaiya.jp/,
倉敷,Awsを活用したガバメントクラウドの移行と開発エピソードを ...,https://www.ines-solutions.com/case_study/development-episode,https://www.ines-solutions.com/contact_form_01.html
倉敷,会社概要 - マイクロシステム株式会社,https://microweb.jp/about.html,https://microweb.jp/contact.html
津山,津山市のシステム開発・webサイト制作なら|株式会社クレイド,http://craid.co.jp/,
津山,株式会社アサンテ | 岡山県津山市 - IT・インターネット・Webの ...,https://asantesana.jp/,
津山,部門紹介|株式会社全労済システムズ,https://www.zs-net.co.jp/company/section/,
津山,企業情報 | システックitソリューション株式会社,https://systech-its.co.jp/company.html,https://systech-its.co.jp/contact.php
玉野,都市計画課 - 玉野市公式ウェブサイト - Tamano,https://www.city.tamano.lg.jp/soshiki/20/,https://www.city.tamano.lg.jp/soshiki/20/2036.html
広島,Magicシステム開発:株式会社エコー・システム(広島・東京 ...,https://www.echosystem.co.jp/,https://www.echosystem.co.jp/contact/
広島,システム開発・Web広告・ホームページ制作・Cg制作なら広島の ...,https://www.tss-sw.co.jp/,https://www.tss-sw.co.jp/contact/index.php?type=C01
広島,Webシステム・アプリ開発 広島 | 株式会社リンクスペース,https://linksp.co.jp/,https://linksp.co.jp/#contact
広島,株式会社アイエム | アプリ、システム開発、アウトソーシング,https://imcorp.jp/,https://imcorp.jp/#contact
広島,システム開発・ソフトウェア開発(大阪・東京・広島・高松 ...,https://jpn-tec.co.jp/,https://jpn-tec.co.jp/script/mailform/inquiry/
福山,AI・IoT・システム開発関連 - 株式会社メディアテック一心 | 通信 ...,https://mediatec-isshin.co.jp/services/service8/,https://mediatec-isshin.co.jp/contact/
福山,東京都・広島県福山市のweb制作・システム開発会社 Bst,https://bstinc.co.jp/,https://bstinc.co.jp/contact
福山,広島県福山市のecサイト・オークション・アプリ制作会社 ...,https://www.dreamnets.co.jp/,https://www.dreamnets.co.jp/contact/
福山,システム開発・web開発-福山市のモックアップシステム株式会社,http://mockupsys.com/,
福山,株式会社エンテック - システム開発・データ入力,http://www.entec-inc.co.jp/,
呉,株式会社ジテック | 広島(東広島市・呉市)のシステム開発・ホームページ制作・ロゴデザインの会社,https://gtec-inc.co.jp/,https://gtec-inc.co.jp/contact/
呉,株式会社ラキール呉オフィスの開設及び子会社(株式会社ラキール呉)の設立について - 呉市ホームページ,https://www.city.kure.lg.jp/soshiki/40/lakeel.html,https://www.city.kure.lg.jp/form/detail.php?sec_sec1=38&inq=02&lif_id=161709
呉,株式会社サンクテクノス - プラント配管の設計・製作、鉄構用cadシステム開発・販売、Isoコンサルティング,https://www.sanwa-technos.co.jp/,https://www.sanwa-technos.co.jp/contact/index.html
東広島,入札・契約・事業者募集/東広島市ホームページ - Higashihiroshima,https://www.city.higashihiroshima.lg.jp/sangyo/nyusatsu/index.html,https://www.city.higashihiroshima.lg.jp/toiawase.html
東広島,51.東広島市|広島県DX推進コミュニティ(公式ホームページ),https://hiroshima-dx.jp/pages/255/,
尾道,尾道市で業務にフィットするWEBシステム開発|HRACN,https://www.hracn.com/service/system-development/,https://www.hracn.com/service/corporate-wellness/
尾道,株式会社みつぎ - 広島県尾道市のweb制作会社・ホームページ ...,https://hd.mitsugi-inc.com/,https://hd.mitsugi-inc.com/contact/
尾道,"""海外仕様のWEB制作 | 株式会社プラザス( Plazas","Inc. )""",
尾道,各種申請・届出・電子申請 - 尾道市ホームページ - Onomichi,https://www.city.onomichi.hiroshima.jp/life/sub/4/,https://www.city.onomichi.hiroshima.jp/form/detail.php?sec_sec1=11
尾道,12月or1月/シフト制/尾道市/生産管理システムの保守開発 ...,https://www.techpass.jp/jobdetail/MH37679,https://www.ats-jp.com/contact/
山口,事業者の紹介・山口システム開発株式会社 - 山口県ホームページ,https://www.pref.yamaguchi.lg.jp/soshiki/37/16342.html,https://www.pref.yamaguchi.lg.jp/soshiki/37/16342.html#sp_headline_5
山口,山口システム開発の概要 - Weblio 辞書,https://www.weblio.jp/wkpja/content/%E5%B1%B1%E5%8F%A3%E3%82%B7%E3%82%B9%E3%83%86%E3%83%A0%E9%96%8B%E7%99%BA_%E5%B1%B1%E5%8F%A3%E3%82%B7%E3%82%B9%E3%83%86%E3%83%A0%E9%96%8B%E7%99%BA%E3%81%AE%E6%A6%82%E8%A6%81,https://help.weblio.jp/feedback
山口,株式会社スペック | 山口県宇部市でシステムやソフトウェアの ...,https://spec-net.co.jp/,https://spec-net.co.jp/contact/
山口,株式会社MYT,https://my-technology.co.jp/,https://my-technology.co.jp/contactUsPage
下関,山口県下関市 ホームページ制作・システム開発 スタジオミライ,https://studiomirai.jp/,
下関,会社概要 - シーモール(Seamall)のホームページ-下関商業 ...,https://www.seamall.jp/gaiyou/,https://www.seamall.jp/gaiyou/?page_id=363
下関,ホームページ制作・システム開発 | 【下関・北九州・福岡 ...,https://archivect.com/service/web/,https://archivect.com/contact/
宇部,システム開発・ホームページ制作・Itコンサルティング | 有限 ...,https://tt-inc.co.jp/,https://tt-inc.co.jp/contact/
周南,山口県周南市のホームページ作成・Web制作なら|bloomin',https://bloo-min.com/,https://bloo-min.com/#contact
周南,企業情報 - 株式会社アイテックス,https://www.itecsnet.co.jp/profile/,https://www.itecsnet.co.jp/contact
岩国,株式会社ウイズ・ワン (WISS1) - Webアプリケーションを中心とし ...,https://wiss1.co.jp/,https://wiss1.co.jp/contact-us/
岩国,AR・Web制作会社 - プラージュ,https://www.prage.jp/,https://www.prage.jp/contact
防府,会社紹介 | 株式会社deresi-山口県でアプリ・システム開発や ...,https://www.deresi.jp/company/,https://www.deresi.jp/contact
防府,都市計画課 - 防府市公式ホームページ - Hofu,https://www.city.hofu.yamaguchi.jp/soshiki/30/,https://www.city.hofu.yamaguchi.jp/site/akiya/muryousoudan.html
徳島,四国システム開発株式会社ホームページ閉鎖のお知らせ|四国 ...,https://www.ssdc.co.jp/,
徳島,徳島のソフトウェア開発・システム構築有限会社ユー・テック,https://www.u-tech.co.jp/,https://www.u-tech.co.jp/contact/
徳島,香川県のシステム・アプリ開発はシステムデザインへ|香川県の ...,https://sdesign.co.jp/,https://sdesign.co.jp/inquiry
徳島,株式会社コバヤシ|徳島のホームページ制作・WEBシステム開発,https://kmc-soft.net/,https://kmc-soft.net/contact/
徳島,徳島 ホームページ制作(Webサイト制作)・PHPシステム開発 ...,https://www.shape-design.jp/,http://shape-design.jp/inquiry/
阿南,事業所の詳細 | 認知症対応型共同生活介護事業所 阿南向日葵 ...,https://www.kaigokensaku.mhlw.go.jp/36/index.php?action_kouhyou_detail_022_kihon=true&JigyosyoCd=3670400229-00&ServiceCd=320,https://www.kaigokensaku.mhlw.go.jp/36/index.php?action_kouhyou_pref_contact_index=true&TargetCd=36
高松,システム開発・ホームページ制作・セキュリティ対策|香川県,https://bitcommunications.info/,https://bitcommunications.info/info/
高松,Webアプリケーション・スマホアプリなら香川・高松の【K ...,https://www.ksyssol.co.jp/,https://www.ksyssol.co.jp/contact/
高松,ヤマトシステム開発株式会社 | ワクサポかがわ,https://www.wskagawa.jp/index.php?prog=pub_kigyo&exec=detail&kigyo_key=19-0055,https://www.wskagawa.jp/index.php?prog=pub_choicereserve&exec=top
高松,三好製作所|Webクラウドシステム開発ならおまかせ|香川県 ...,https://www.miyoshifactory.co.jp/,https://www.miyoshifactory.co.jp/contact/
丸亀,インスリット Linux Web開発 香川県丸亀市,http://www.inslit.co.jp/,https://www.inslit.co.jp/inquiry/index.html
三豊,Research and Development | 三豊機工株式会社ホームページ ...,https://www.mitsutoyo.co.jp/?page=RAD,https://www.mitsutoyo.co.jp/?page=contact
三豊,MAiZM支援で高専生が起業 - ビジネス香川,https://www.bk-web.jp/post.php?id=2179,https://www.bk-web.jp/inquiry.php
三豊,香川県 - 日本メディカルシステム株式会社,https://www.jmsys.co.jp/prefecture/37_kagawa/,https://www.jmsys.co.jp/contact-us/
松山,Soa 愛媛県 松山市 システム開発 ホームページ制作 Ai開発 ...,https://soa55.com/,https://soa55.com/?page_id=89
松山,システム開発・Web/ホームページ制作・デザイン・BPO - ウイン ...,http://www.pro-win.co.jp/,https://www.pro-win.co.jp/inquiry/
松山,株式会社フェローシステム | 愛媛・松山 | ホームページ制作 ...,https://www.fellow.co.jp/,https://www.fellow.co.jp/inquiry/
松山,Csc コンピューターシステム株式会社,https://www.websrvc.co.jp/,
松山,有限会社オートニクス: システム開発・アプリ開発・電子機器開発,http://www.autonics-ltd.com/,
松山,松山市|システム開発|(株)リーフウェブ|顧客表データ管理 ...,https://leaf-web.net/other.html,https://leaf-web.net/contact.html
松山,松山市のホームページ制作 | 株式会社itc,https://japanitc.com/,https://japanitc.com/contact
松山,WebRTCのシステム開発なら! セーバー株式会社,https://www.saver.jp/,https://www.saver.jp/contact/
今治,株式会社ネッツ|NeTS WEBSITE,http://www.nets-web.co.jp/index.html,https://www.nets-web.co.jp/toiawase/
今治,有限会社アイシンシステム | ホームページ作成からシステム ...,https://www.aishinsys.co.jp/,https://www.aishinsys.co.jp/
今治,株式会社瀬戸内,https://setouchi.securesite.jp/company/,https://setouchi.securesite.jp/contact/
今治,デジタルファーム / DigitalFarm 【愛媛県 松山市 今治市 Web ...,http://www.dfm.jp/,
今治,今治市とbemac、Aiを活用した治水監視システムを共同開発 ...,https://plus-web3.com/media/_893-250226chisui/,https://protagonist-inc.jp/
新居浜,愛媛県 新居浜市のホームページ制作/システム開発 | 株式会社 ...,https://www.jspsys.net/,
新居浜,ファンタイム FUNTIME Ltd. - WEBシステム開発&PC販売,https://funtime.co.jp/,
新居浜,新居浜高専PICマイコン学習キットVer.3 完全ガイド - Gihyo Direct,https://direct.gihyo.jp/view/item/000000003021?category_page_id=programming,https://direct.gihyo.jp/view/item/000000003021?category_page_id=programming#makeshop-common-contact-url
新居浜,都市計画課 - 愛媛県新居浜市ホームページ|四国屈指の臨海 ...,https://www.city.niihama.lg.jp/soshiki/tokei/,https://www.city.niihama.lg.jp/soshiki/
新居浜,It・システム開発 | タウン情報のカテゴリー | 新居浜商工会議所,https://www.niicci.or.jp/towninformation/technology/,https://www.niicci.or.jp/consultation/
新居浜,Sunabacoの受講生が開発した災害対応アプリが、新居浜市 ...,https://sunabaco.com/news/0603/,https://sunabaco.com/contact/
高知,株式会社テックス|高知を拠点とするシステム開発会社 - 誠実 ...,https://www.tecsnet.co.jp/,https://www.tecsnet.co.jp/contact/
高知,高知システム開発・テキスト版,https://aok.securesite.jp/,
南国,南国市公式ホームページ,https://www.city.nankoku.lg.jp/,https://www.city.nankoku.lg.jp/life/life_dtl.php?hdnKey=2520
四万十,四万十町 自治体クラウド計画,https://www.town.shimanto.lg.jp/download/?t=LD&id=4769&fid=30644,
四万十,第2次四万十市環境基本計画について - 四万十市公式ホームページ,https://www.city.shimanto.lg.jp/site/plans/3423.html,https://www.city.shimanto.lg.jp/site/plans/3423.html#sp_headline_0
福岡,福岡システム開発・アプリ開発│グローバルワークス,https://gwx.co.jp/,https://gwx.co.jp/form/
福岡,福岡のシステム開発は株式会社ブラテック,https://www.bratech.co.jp/,https://www.bratech.co.jp/contact/
福岡,株式会社サンテクノス | 福岡市 システム開発,https://santechnos.com/,https://santechnos.com/contact/
福岡,福岡で、システム開発・Web制作・Itインフラ整備なら【マージ ...,https://www.merges.co.jp/,https://www.merges.co.jp/contact
福岡,【公式】アーモン株式会社|福岡|システム開発|WEBサイト制作,https://armon.co.jp/,https://armon.co.jp/category/contact/
福岡,株式会社エヌ・エス・エックス|システム開発・構築企画・Web ...,https://www.nsx-net.co.jp/,https://www.nsx-net.co.jp/contact/index.html
福岡,システム開発のことなら福岡のマイクロコート株式会社へ,https://www.mccweb.com/,https://www.mccweb.com/contact/
福岡,株式会社ma Tec.|福岡の基幹システム開発・大規模開発なら,https://ma-tec.co.jp/,https://ma-tec.co.jp/contact/
福岡,株式会社kasol(カーソル) | 福岡のシステム開発・アプリ開発,http://kasol.jp/,https://kasol.jp/contact/
福岡,福岡のWebシステム開発・ホームページ制作|株式会社アウトワード,https://www.outward.jp/,https://www.outward.jp/contact
福岡,株式会社スミリオン | Webシステム・ソフトウェア開発ができる ...,https://smillione.co.jp/,https://smillione.co.jp/contact/
福岡,福岡システム開発会社|株式会社ノードキャスト|トップページ,https://nodecast.jp/,https://nodecast.jp/contact/formmain
北九州,株式会社ぐるり 【北九州市でアプリ制作・Webシステム開発】,https://www.gururi.co.jp/,https://www.gururi.co.jp/#contact
北九州,北九州のシステム開発・ソフトウェア開発|ゼンリンマップテック,https://www.z-mtech.co.jp/,https://www.z-mtech.co.jp/contact
北九州,北九州 株式会社pclec 【システム開発】,https://pclecture.com/posmake.html,https://pclecture.com/mail.html
北九州,株式会社ガーマンドシステム|システム開発やウェブサイト制作,https://garmand.co.jp/,https://garmand.co.jp/contact/
北九州,エス・エス・ディー株式会社 - エス・エス・ディー株式会社は ...,https://ssd-web.co.jp/,https://ssd-web.co.jp/contact/
北九州,東京・神奈川・北九州市のシステム開発 / ホームページ制作 ...,https://kizuna-nagomi.jp/,https://kizuna-nagomi.jp/contact/
久留米,株式会社テクノ・カルチャー・システム,https://www.techno-net.co.jp/,https://www.techno-net.co.jp/inquiry/
久留米,共栄環境開発株式会社(公式ホームページ),https://www.kyoei-ed.com/,https://www.kyoei-ed.com/pages/5/
久留米,株式会社TASホームページ,https://tas-solutions.co.jp/,https://tas-solutions.co.jp/contact-us/
飯塚,役員プロフィール - 歯科統合電子カルテシステムの開発・販売 ...,https://www.towa-hi-sys.co.jp/company/company-ir/executive,https://www.towa-hi-sys.co.jp/inquiry
大牟田,西鉄天神大牟田線において、AI警備システム「AI Security ...,https://jp.asilla.com/post/nishitesu-20250219,https://jp.asilla.com/contacts
春日,芝生/芝の販売/通販/レンタル/庭のガーデニング テクノターフ ...,http://technoturf.co.jp/annai.html,
春日,業務系・Web系・工場系システム開発の株式会社ギガ・システム,https://www.giga-system.co.jp/,https://www.giga-system.co.jp/contact
春日,Css株式会社|大分を中心に事業展開。事務の合理化・自動化 ...,http://web-css.com/gaiyo/index.html,
筑紫野,福岡県筑紫野市のSE・システムエンジニア(Web・オープン系 ...,https://www.hatarakuzo.com/engineer-web/chikushino-shi,https://www.hatarakuzo.com/inquiries/question
佐賀,佐賀・福岡でのWebサイト・ホームページ制作、システム開発 ...,https://spec2011.com/,
佐賀,システム開発 | 株式会社サインズ | 佐賀のホームページ制作会社,https://sainsweb.jp/service/system.html,https://sainsweb.jp/contact/index.html
佐賀,有限会社アイティワン 佐賀県武雄市を拠点にホームページ製作 ...,https://itwan.gr.jp/,https://itwan.gr.jp/?page_id=96
佐賀,アイシス株式会社 | 佐賀市 - システム開発 ホームページ作成 ...,https://www.isys-s.jp.net/,https://www.isys-s.jp.net/form
佐賀,Webシステム開発|株式会社プライム[佐賀県佐賀市],https://www.prime18.co.jp/main/35.html,https://www.prime18.co.jp/main/22.html
佐賀,株式会社ネットコムbb -Web制作/システム開発/ホスティング ...,https://www.netcombb.co.jp/,https://www.netcombb.co.jp/contact/
佐賀,佐賀・福岡でweb・システム開発なら、最安級ご提供をしている ...,https://autonomous-saga.jp/,https://autonomous-saga.jp/contact/
佐賀,福岡 佐賀【サンビット株式会社】クラウドと産業ロボット ...,https://www.sunbit.co.jp/,https://www.sunbit.co.jp/inquiry/
唐津,唐津市開発行為指導要綱 - 唐津市ホームページ(都市計画課),https://www.city.karatsu.lg.jp/page/4469.html,https://www.city.karatsu.lg.jp/page/4469.html#toc9
鳥栖,鳥栖市ホームページ - 株式会社システムソフトと進出協定を ...,https://www.city.tosu.lg.jp/soshiki/18/85113.html,https://www.city.tosu.lg.jp/form/detail.php?sec_sec1=7
鳥栖,Eight Prism | システム開発やweb制作をワンストップ,https://eightprism.main.jp/,https://eightprism.main.jp/contact.html
鳥栖,開発事例紹介|中部トスバックシステム株式会社,https://chubu-tosbac.co.jp/web/development.html,https://chubu-tosbac.co.jp/web/contact.html
鳥栖,株式会社テクトス LabVIEWでの計測ソフト開発なら,http://www.tectos.co.jp/,
鳥栖,<開発経験者募集!>社内開発がメイン!オーダーメイド ...,https://levtech-direct.jp/job/17664,https://levtech-direct.jp/contact
佐世保,「させぼ街ナビ」佐世保都市計画情報マップ(Web版),https://www.city.sasebo.lg.jp/tosiseibi/tosise/johomap.html,https://www.city.sasebo.lg.jp/kurashi/sodan/index.html
大村,西九州環境開発有限会社|廃棄物リサイクル業者 - リサイクルハブ,https://recyclehub.jp/company/81012128,https://user.recyclehub.jp/
大村,株式会社mairu tech / 株式会社 mairu mobility,https://www.mairutech.com/,https://www.mairutech.com/#contact
熊本,熊本のアプリ開発・システム開発・ホームページ制作 ...,https://www.nt-studio.com/,https://www.nt-studio.com/contact-us/
熊本,リードテックシステム株式会社 | Webシステム開発は熊本の ...,https://www.leadtecs.co.jp/,https://www.leadtecs.co.jp/contact/
熊本,ホームぺージ制作・Web制作なら株式会社アクセント / 熊本,https://www.accent-inc.jp/,https://www.accent-inc.jp/fudosan/
八代,アグリシステム総合研究所 - 熊本県ホームページ,https://www.pref.kumamoto.jp/soshiki/75/50230.html,https://www.pref.kumamoto.jp/life/sub/8/
玉名,株式会社mob | 鹿児島県姶良市のweb制作会社,https://mobinc.jp/,https://mobinc.jp/contacts
