名古屋,名古屋のシステム・アプリ開発 | creato(クリート),https://creato-c.jp/,https://creato-c.jp/contact
名古屋,クラウド株式会社|名古屋のシステム・ソフトウェア開発,https://www.cloudsoft.co.jp/,https://www.cloudsoft.co.jp/contact/
名古屋,名古屋のWEBアプリ・システム開発は株式会社デジカル,https://digical.jp/,https://digical.jp/contact
名古屋,名古屋のシステム受託開発【株式会社リオ】- Web・アプリ開発 ...,https://www.rio.ne.jp/lp/system/,https://www.rio.ne.jp/contact/
名古屋,名古屋のシステム開発・Web開発(ウェブ開発)会社|株式会社 ...,https://webnation.co.jp/,https://webnation.co.jp/contact/
名古屋,アイティサービス【Web基幹業務システム開発】愛知県名古屋市,https://www.itsvc.net/,https://www.itsvc.net/contact.html
名古屋,事業紹介 | システム開発 | 名古屋でシステム、アプリ開発なら ...,https://www.e-create.jp/system/business/,https://www.e-create.jp/contact/
名古屋,名古屋のスマホアプリ・Webシステム開発専門会社 レブクリエイト,https://www.revcreate.jp/,https://www.revcreate.jp/contact.php
名古屋,株式会社システムクリエイト名古屋 | 名古屋市北区 クラウド ...,https://sc-nagoya.jp/,https://sc-nagoya.jp/contact/
名古屋,株式会社インビリティー | 名古屋のアプリ開発・システム開発 ...,https://inbility.co.jp/service.html,https://inbility.co.jp/contact.html
名古屋,【名古屋】Webシステム開発に強い「リンクル」 | Webシステム ...,https://linkle-inc.co.jp/,https://linkle-inc.co.jp/contact
名古屋,システム・アプリ開発、Itソリューションは名古屋のアドバンス ...,https://www.advancesoft.co.jp/,https://www.advancesoft.co.jp/contact/index.html
名古屋,株式会社デジタライズ - 名古屋 システム開発 スマホアプリ開発 ...,https://www.digitalize.co.jp/,https://www.digitalize.co.jp/contactgeneral/
豊田,システム開発 | 豊田市のWeb制作・ホームページ制作会社 ...,https://itechinc.jp/system/,https://itechinc.jp/index.php/contact
豊田,ホームページ制作・広告・デザイン制作・システム開発 ...,https://smile-design.co.jp/,https://smile-design.co.jp/#contact
岡崎,株式会社 Bandai - システム開発 / Pc販売・社内保守 / Web関連 ...,https://www.k-bandai.com/,https://www.k-bandai.com/contact
岡崎,システム開発・アプリ開発・ホームページ制作・Lp制作等のitの ...,https://www.pieceinnovation.jp/,https://www.pieceinnovation.jp/contact
岡崎,愛知県岡崎市のweb制作会社 株式会社イーダ [公式],https://iii-da.co.jp/,https://iii-da.co.jp/contact.php
岡崎,会社概要 - web制作会社 株式会社エクラ eclat,https://eclatweb.jp/description/,https://eclatweb.jp/contact/
一宮,愛知県一宮市のWEB制作・システム開発 | tiny-p,https://tiny-p.com/,https://tiny-p.com/#contact
一宮,ユーザー・現場目線で作る愛知県一宮市のWebシステム開発会社,https://webloco.webolha.com/support-system/,https://webloco.webolha.com/contact/
一宮,株式会社エミリーズ | Webシステムの開発・ホームページ作成 ...,https://ems-it.jp/,https://ems-it.jp/#contact
一宮,Webシステム・ホームページ制作なら株式会社アントロワ,https://untrois.co.jp/,https://untrois.co.jp/#consultation
一宮,株式会社アイシーシー | 愛媛県 新居浜市 システム開発/Web制作 ...,https://www.ichimiya.co.jp/icc/,https://www.ichimiya.co.jp/icc/contact/
一宮,会社概要 | 愛知県一宮市、岐阜、名古屋でホームページ制作 ...,https://sakaiitproject.com/about/,http://sakaiitproject.com/contact/
豊橋,【愛知・豊橋】ホームページ制作、システム開発|顧客管理 ...,https://www.databrain.co.jp/,https://www.databrain.co.jp/contact.php?toiawase_type=contact
豊橋,ホームページ制作・システム開発 愛知県 豊橋市|Aiming-エイ ...,https://aiming.jp/,https://aiming.jp/contact/
豊橋,株式会社tky ・愛知県豊橋市のit企業 株式会社tkyのweb ...,https://tky-kk.jp/,https://tky-kk.jp/contact/
豊橋,愛知県豊橋市で格安ホームページ制作やシステム開発なら ...,https://mixq.net/,https://mixq.net/contact.php
豊橋,会社概要 | 【Osc】業務効率化、Dx支援からホームページ制作 ...,https://www.osc-kk.co.jp/company/,https://www.osc-kk.co.jp/company/#
豊橋,ホームページ制作・WEBシステム開発|メディアラボ・ジャングル,https://www.jungle-jp.com/,
春日井,春日井のシステム開発・ホームページ制作はらいおん丸,https://raionmaru.jp/,https://raionmaru.jp/#
春日井,アリッツ株式会社 - 愛知県春日井市のウェブコンサルティング ...,https://www.alitz.co.jp/,https://www.alitz.co.jp/inquiry/
春日井,Webシステム開発 | 春日井流通マシン,https://k-rm.jp/case/category/web-system/,https://k-rm.jp/contact/
豊川,キントーンcm放映中 | ノーコードで 業務アプリを つくろう ...,https://kintone.cybozu.co.jp/jp/lets-no-code/,
豊川,株式会社one Web | 愛知・名古屋・豊川のwebサイト制作会社,https://1web.co.jp/,https://1web.co.jp//#page05
西尾,事例|西尾レントオール 株式会社 ~C/S型、Web型、iOS ...,https://www.imagazine.co.jp/%E8%A5%BF%E5%B0%BE%E3%83%AC%E3%83%B3%E3%83%88%E3%82%AA%E3%83%BC%E3%83%AB-%EF%BD%9C-c-s%E5%9E%8B%E3%80%81web%E5%9E%8B%E3%80%81ios%E3%83%8D%E3%82%A4%E3%83%86%E3%82%A3%E3%83%96%E5%9E%8B%E6%B7%B7%E5%9C%A8/,https://www.imagazine.co.jp/contact/
