千葉を拠点として、As400をプラットフォームにしたrpg・Web ...	https://amu-net.co.jp/amulet/contact/
有限会社バベッジ〜 システム開発・ソフトウェア開発 ...	https://babbage.co.jp/contact/
株式会社 シャルマンシステムデザイン - 横浜のシステム開発 ...	https://www.csdcorp.co.jp/?page_id=9
System SOL	https://www.sys-sol.co.jp/contact/
会社概要 - informatix.co.jp	https://www.informatix.co.jp/contact-us/
企業情報 | システム・アプリ開発の構築から運用までトータル ...	https://a-c-t.co.jp/form/form.php?situation=contact
Fusic、AVILENとAIインテグレーション分野で戦略的業務提携 ...	https://fusic.co.jp/contact
核融合だけではない、日本発の次世代エネルギー技術「QHe」とは	https://linkties-holdings.com/contact/
会社情報 | pure_system	https://pure-system.co.jp/mail
店舗開発システム有限会社	https://tenpokaihatsusystem.com/wp-admin/post.php?post=62&action=edit
組み込み開発にあらゆるソリューションを - FSI Embedded	https://www.fsi-embedded.jp/contact/?contact_type=normal
静岡県焼津市 | Smart at | kintoneの機能拡張、システム開発 ...	https://m-sol.co.jp/smapro_pub/_link.do?i=TRNTOIAWASE_input&p=001
【愛知・豊橋】ホームページ制作、システム開発|顧客管理 ...	https://www.databrain.co.jp/contact.php?toiawase_type=contact
住理工情報システム株式会社	https://www.sumitomoriko.co.jp/contact/index.php?ctg=15&page=input
四日市市で行われている再開発工事とは?目的や内容を徹底 ...	https://mietime.net/contact
"""家でも外でも使える""""機能するお皿""""が誕生陶器のような美し ..."""	https://supportcenter.excite.co.jp/portal/ja/newticket?departmentId=2965000000186029&layoutId=2965000000191314
株式会社サイエン | はんだ修理・電子応用開発・Pcサポート ...	https://scien.co.jp/contact/
スキルシステムズ | システム構築、Ec構築、It顧問	https://www.skill-systems.co.jp/contact/?post_id=17
Home :: bitset	https://bitset.jp/contact
エイト日本技術開発|価値ある環境を未来に	https://www.ejec.ej-hds.co.jp/contact
産業システム事業 - 株式会社 姫路abc商会 (姫路 ...	https://hjabc.co.jp/?page_id=387
株式会社エフエスティ|お客様の立場に立ったシステムを構築 ...	https://www.fujisofttech.co.jp/form.php?pid=1
日本システム開発株式会社(Jsd) | 役員改選のお知らせ	https://www.jsdnet.co.jp/contactus/
トップページ - Alpha Systems	https://www.alpha-systems.co.jp/contact/
ホーム | TOA Software	https://www.toasoft.co.jp/contact
岡山 Dx・It活用 | ちぃと気が利く玄人集団 エムアンドシー ...	https://www.mandc.co.jp/contact.html
広島県福山市のecサイト・オークション・アプリ制作会社 ...	https://www.dreamnets.co.jp/contact/
自社開発製品について 山口県 周南市で計測器の販売・レンタル ...	https://www.systemkeisoku.co.jp/contact/
AR・Web制作会社 - プラージュ	https://www.prage.jp/contact
インスリット Linux Web開発 香川県丸亀市	https://www.inslit.co.jp/inquiry/index.html
株式会社ユイ・システム工房 - 愛媛県松山市|システム開発 ...	https://www.yui-system.jp/?anchor=contact
WebRTCのシステム開発なら! セーバー株式会社	https://www.saver.jp/contact/
会社概要|(株)パシフィックシステム|福祉系パッケージソフト ...	https://pacific-system.com/pages/215/
佐賀県でシステム開発をお考えなら! | ハーモフィル株式会社	https://mizouchi-system.com/contact/
鶴岡市のプリント基板設計~組立、システム開発の企業	https://link-pcb.co.jp/contact.html
小山コンピュータサービス - システム開発のことなら栃木県 ...	https://www.sabg.co.jp/ocs/?page_id=44
川口市給水装置工事管理システム開発業務委託に係る公募型 ...	https://www.water-kawaguchi.jp/cgi-bin/contacts/G020010
company	https://anysystem.co.jp/company/contact.html
株式会社エイチ・エス・システム	https://www.hss-04.com/employ/guide.php?id=contact
日東テクノブレーン	https://www.nitto-tech.co.jp/solution/laborrobot/
会社案内 | 株式会社システムリンク	https://systemlink-1990.com/?page_id=1647
GPS製品の開発、試作品の制作ならリンクス。	https://lyncs.jp/gps-consultation.html
福祉の相談員負担軽減システムの開発 熊谷千葉県知事が厚労 ...	https://news.jp/i/-/tags/%E7%9B%B8%E8%AB%87%E5%93%A1?unit=479104143036220513&all=true
Fpga・組込み開発設計製造(回路設計 Fpga設計 パターン ...	https://www.mksystem.jp/html/inquiry.html
あげおガイド アピマップ | トップ	https://www2.wagmap.jp/ageocity/Inquery
テスト・評価 国税電子申告・納税システム開発@朝霞 仕事No.IT ...	https://www.staffservice.co.jp/staff/qanda/
【埼玉県市町村電子申請・届出サービス】トップ:トップ	https://apply.e-tumo.jp/city-niiza-saitama-u/inquiry/inquiry_initDisplay
ワイヤレスガイド・無線通信機器の設計・開発・製造|技適 ...	https://rfworks.co.jp/contact.html
音声基盤のクラウド化を推進して、コールセンター業務の進化 ...	https://www.rs-information.com/toyotasystems-career/interview/9/#a01
Beside Creative | 千葉県柏市のWeb制作会社・SEO対策会社	https://beside-creative.com/contact
スズキ、2025/1/1付の人事異動 | Next Mobility | ネクスト ...	https://www.nextmobility.jp/contact-us20171204/
Vol.1 市原 英樹さん | 先輩こんにちは! | 日大三をもっと知る ...	https://www.nichidai3.ed.jp/contact/
Mattock - AI時代のベトナムオフショア開発パートナー | 開発 ...	https://mattock.jp/contact
株式会社インデペンデンスシステムズ横浜 | システム開発 ...	https://independence-sys.net/main/?page_id=10
会社概要 | 横浜 システム開発 株式会社ヒューマンネット ...	https://www.hmnt.jp/73671/?page_id=11
川崎市 : 行政情報システム開発監理等支援業務公募型 ...	https://www.city.kawasaki.jp/kurashi/category/256-0-0-0-0-0-0-0-0-0.html
"""Aiで激変!タクシー新時代 ~""""地域の足""""を守れるか ..."""	https://txbiz.tv-tokyo.co.jp/fplive
会社概要	https://www.computer-system.jp/contact/
福井県it関連企業リスト - ふくいdx事例集サイト	https://dxfukui.jp/case/contact/
福井 サテライト研修|福井県内で受講できるライブ配信it研修 ...	https://www.fisc.jp/pckouza/attnd.html#contact
Itシステム開発争訟 | 渥美坂井法律事務所・外国法共同事業	https://www.aplawjapan.com/contacts
印鑑彫刻機 | レーザー彫刻機 | 名刺プリンタ | ファイバー ...	https://www.motegi-system.com/contact/
国際勧業株式会社 システム開発、Pc関連製品の販売、宅地建物 ...	https://www.kokusai.co.jp/estate/index.php
AID|企業情報	https://www.a-i-d.co.jp/contact
exluce	https://www.exluce.co.jp/mobile/inquiry.html
富士エンジニアリング株式会社 確かな技術で騒音・振動・音響 ...	https://fujiengineering.co.jp/soudan/inquiry.html
省エネに特化した冷熱設備を企画・開発|八洋 ...	https://www.hachiyo.jp/74207/contact-information/
研究組織|OKIの技術|OKI	https://www.oki.com/jp/contact/
Jr岡崎駅東口での複合施設開発について | お知らせ | 名古屋 ...	https://www.nsk-eki.com/faq/
IT導入サポートデスク/連携ベンダーのご紹介|豊橋商工会議所	https://www.toyohashi-cci.or.jp/info/contact.php
会社概要 | 【Osc】業務効率化、Dx支援からホームページ制作 ...	https://www.osc-kk.co.jp/company/#
ソリトンと名古屋大学、自動運転を遠隔から簡易な操作で走行 ...	https://www.soliton.co.jp/contact/
BULiT | 会社概要	https://www.bulit.co.jp/contact.html
西尾レントオール、Aiによるスケートボーダー検知システムを ...	https://s.evesul.jp/contact
連結子会社の吸収合併のお知らせ | 情報技術開発株式会社 - tdi	https://www.tdi.co.jp/inquiry/
フィルム検査・シート検査・素材検査・ウェブ検査・欠陥検査 ...	https://www.frontier-s.co.jp/contact/index.cgi
環境開発推進事業部|滋賀県大津市の生ゴミ堆肥化処理 ...	https://nichieishiga.co.jp/security2/#form_link
京都グレインシステム株式会社|農産物を飲料・食品 ...	https://www.kyoto-grain.co.jp/prototype.html
長浜から始まるit革新!地域課題を解決するプリムス ...	https://nagahama-koukaiki.com/shitateyatoshokunin/
Company | 会社案内 | 充放電試験装置・電池試作設備・安 ...	https://toyo-system.co.jp/products-toscat/#contact
水管理の見える化によりサステナビリティ開発を加速 ~彦根 ...	https://contact.screen.co.jp/form/pub/screen/spe
Esシステム株式会社 - システム開発・Itコンサルタント	https://es-sys.com/?page_id=1117
パートナー募集 - Dear System	https://www.dsic.jp/contact
大規模jaシステム自社開発 - 住友電工情報システム株式会社	https://www.sei-info.co.jp/RakHPcm/rkcmServlet/rkhp0020?no=9150
若手社員が本音で話してみた!〜システム開発を経験して ...	https://www.mki.co.jp/contact/
RiverSystem	https://www.riversystem.co.jp/contact.html
「自腹であってもやりたいか」SaaSビジネス立ち上げのプロが ...	https://www.cacidentity.co.jp/contact
本社へのアクセス | Wave Technology (WTI) | 半導体周辺回路 ...	https://www.wti.jp/contents/contact.htm
会社情報	http://www.mezsystem.com/contact.html
Sai Inc. | System & Housing	http://sai-sk.co.jp/contact/
証明・Gs1事業者コード | 海南商工会議所	https://www.kainan-cci.or.jp/?page_id=7
ホームページ制作・Web制作・Web集客のことならITS|鳥取県 ...	https://its-office.jp/#get-in-touch
Awsを活用したガバメントクラウドの移行と開発エピソードを ...	https://www.ines-solutions.com/contact_form_01.html
Nippon Computer System HOME PAGE -- 山口県下関市 ...	https://ncs-eng.co.jp/publics/index/5/
会社概要 - シーモール(Seamall)のホームページ-下関商業 ...	https://www.seamall.jp/gaiyou/?page_id=363
山口県周南市のホームページ作成・Web制作なら|bloomin'	https://bloo-min.com/#contact
株式会社トクヤマ先進技術事業化センターにおける赤い羽根 ...	https://yanai-syakyo.or.jp/details/advice/
米軍の新型ミサイルシステム「タイフォン」に中国反発 相手 ...	https://www.tv-asahi.co.jp/contact/
ごみ焼却炉92日間完全自動運転を実現 ~自動運転システムの ...	https://www.jfe-eng.co.jp/form/toiawase.html
徳島ソフトウェア開発|ビザンコマース株式会社	https://www.bizan.com/asp/newsitem.asp?nw_id=277
ヤマトシステム開発株式会社 | ワクサポかがわ	https://www.wskagawa.jp/index.php?prog=pub_choicereserve&exec=top
トリドールのdx ~これまでとこれから~ | 株主・投資家情報 ...	https://www.toridoll.com/contact/
Gis とデータ活用による丸亀製麺の海外店舗開発モデルの構築 ...	https://business-map.esrij.com/page_contact/
MAiZM支援で高専生が起業 - ビジネス香川	https://www.bk-web.jp/inquiry.php
Aiで地域課題の解決をめざす、高専が地域と連携して学生起業を ...	https://www.amazon.co.jp/dp/4065410770/ref=nosim?tag=impresswatch-42-22
新居浜高専PICマイコン学習キットVer.3 完全ガイド - Gihyo Direct	https://direct.gihyo.jp/view/item/000000003021?category_page_id=programming#makeshop-common-contact-url
It・システム開発 | タウン情報のカテゴリー | 新居浜商工会議所	https://www.niicci.or.jp/consultation/
国産バーク材原料「ブラックバークペレット」開発に成功 ...	https://www.kiyomoto.co.jp/inquiry/
共栄環境開発株式会社(公式ホームページ)	https://www.kyoei-ed.com/pages/5/
西鉄天神大牟田線において、AI警備システム「AI Security ...	https://jp.asilla.com/contacts
凸版印刷 福岡県大牟田市に新たなシステム開発拠点「Ict ...	https://p-prom.com/company/?p=79403
有限会社アイティワン 佐賀県武雄市を拠点にホームページ製作 ...	https://itwan.gr.jp/?page_id=96
佐賀県少年自然の家利用申請システム開発業務の委託に係る ...	https://www.pref.saga.lg.jp/list04496.html
Itsの保養所「トスラブ箱根 和奏林」に泊まってみた ...	https://sail-to.co.jp/contact
仕掛け人は高校生! 地元住民がキャラクターのゲームを開発 ...	https://www.nagasaki-np.co.jp/company/contact/
企業・事業所の皆さまへ|サセボ環境開発|佐世保のゴミの ...	https://sasebo530.com/contact/
西九州環境開発有限会社|廃棄物リサイクル業者 - リサイクルハブ	https://user.recyclehub.jp/
大村学園 グローバルビジネス科 - システム開発実績 ...	https://c-limber.co.jp/contact/
