市名,会社名,URL,お問合せURL,失敗理由
旭川,旭川市のシステム開発会社を紹介!自社に合った企業が ...,https://swooo.net/dev/asahikawa-system-development/,https://swooo.net/dev/asahikawa-system-development/#1-2,フォーム項目が見つからない
函館,ミュートネット(函館・七飯) - ホームページ制作・システム ...,https://www.mutenet.co.jp/,https://docs.google.com/forms/d/e/1FAIpQLSf5CwW69cs_v5KSEEBmE_kgph7jkT3vYJs_o86F43FxUfNhsw/viewform,フォーム項目が見つからない
函館,株式会社アプリシステムズ - 北海道函館市のit企業,https://www.aplsys.co.jp/index.html,https://www.aplsys.co.jp/query.html,フォーム項目が見つからない
釧路,システム開発 | 東洋株式会社 - 札幌、帯広、釧路、旭川,https://www.toyo-grp.co.jp/service/digital-marketing/system/,https://www.toyo-grp.co.jp/contact/,フォーム項目が見つからない
帯広,システム開発・ホームページ制作 | アートシステム株式会社 ...,http://www.art21.co.jp/,https://www.art21.co.jp/contact/index.html,フォーム項目が見つからない
北見,システム開発 | 北見情報技術株式会社 Kit はあなたの会社のit ...,https://k-it.jp/sys_system/,https://k-it.jp/contact/,フォーム項目が見つからない
江別,株式会社ネオシステム,https://www.neosystem.co.jp/,https://www.neosystem.co.jp/contact/,フォーム項目が見つからない
苫小牧,概要・沿革 | I・Tecソリューションズ,https://www.itecsol.jp/company/profile/,https://www.itecsol.jp/contact/,フォーム項目が見つからない
一関,一関市のソフトウェア開発会社:ソフトスタジオ,https://soft-studio.jp/,https://soft-studio.jp/contact.html,フォーム項目が見つからない
大館,ソフトウエア・システム開発 - 株式会社シンタ 大館作業 ...,https://hw-jobs.careermine.jp/view/05030-03759551,https://hw-jobs.careermine.jp/view/05030-03759551,フォーム項目が見つからない
鶴岡,株式会社フェイバーエンジニアリング,http://favoreng.com/,https://favoreng.com/contact/,フォーム項目が見つからない
鶴岡,鶴岡市のプリント基板設計~組立、システム開発の企業,https://link-pcb.co.jp/,https://link-pcb.co.jp/contact.html,フォーム項目が見つからない
酒田,会社概要 - 株式会社日情システムソリューションズ,https://www.nichijosys.com/company/profile/,https://www.nichijosys.com/privacy-policy/,フォーム項目が見つからない
米沢,企業概要 | データシステム米沢 - Dsy,https://dsy.jp/about,https://dsy.jp/contact,フォーム項目が見つからない
福島,Fcs|福島コンピューターシステム|福島県郡山市|創る未来は ...,https://www.fcs.co.jp/,https://www.fcs.co.jp/inquiry/,フォーム項目が見つからない
郡山,福島・郡山のシステム開発・デジタル化支援|エーアイティ研究所,https://www.ait-labo.com/,https://www.ait-labo.com/contact/,フォーム項目が見つからない
いわき,バックス情報システム株式会社|福島県いわき市,https://www.bacs-j.co.jp/,https://www.bacs-j.co.jp/contact_privacycheck/,フォーム項目が見つからない
水戸,株式会社ユードム | 茨城県水戸市と東京を拠点とするシステム ...,https://www.udom.co.jp/,https://www.udom.co.jp/contact/index.html,フォーム項目が見つからない
つくば,株式会社つくばシステムデザイン Tsd,https://tsysd.jp/,https://tsysd.jp/tsd_info.html,フォーム項目が見つからない
つくば,株式会社シンプルウェイ | システム開発・ウェブサイト制作,https://www.simple-way.co.jp/,https://www.simple-way.co.jp/contact/,フォーム項目が見つからない
古河,システム開発のコガソフトウェア,https://www.kogasoftware.com/,https://www.kogasoftware.com/contact/,フォーム項目が見つからない
土浦,代表あいさつ|常磐システムエンジニアリング株式会社|茨城 ...,https://www.tokiwa-sys.co.jp/company/message/,https://www.tokiwa-sys.co.jp/contact/,フォーム項目が見つからない
小山,小山コンピュータサービス - システム開発のことなら栃木県 ...,https://www.sabg.co.jp/ocs/,https://www.sabg.co.jp/ocs/?page_id=44,フォーム項目が見つからない
前橋,株式会社モザイク|システム開発,https://www.mosaic-web.net/,https://www.mosaic-web.net/contact.html,フォーム項目が見つからない
前橋,株式会社城西システム|前橋市 アプリケーション開発会社,http://www.josai.co.jp/,https://www.josai.co.jp/contact.html,フォーム項目が見つからない
高崎,群馬県ソフト開発のエムアイシステム,https://mi-system.com/,https://mi-system.com/contact.html,フォーム項目が見つからない
伊勢崎,株式会社 Itquest,https://syskai.jp/,https://syskai.jp/contact.html,フォーム項目が見つからない
伊勢崎,株式会社opener | 群馬県伊勢崎市のシステム開発会社,https://www.opener.co.jp/,https://www.opener.co.jp/#,フォーム項目が見つからない
太田,会社概要|システム開発ならost 株式会社オー・エス・ティ,https://www.ost.jp/pub/gaiyo.html,https://www.ost.jp/pub/gaiyo.html#,フォーム項目が見つからない
太田,会社概要 | 日東システムテクノロジーズ,https://www.nittosys.co.jp/p0402companyprofile.php,https://www.nittosys.co.jp/p0701contact.php,フォーム項目が見つからない
川口,株式会社デザイン・ワークス - 埼玉川口のweb制作&システム ...,https://dswks.jp/,https://dswks.jp/#contact,フォーム項目が見つからない
川口,川口市給水装置工事管理システム開発業務委託に係る公募型 ...,https://www.water-kawaguchi.jp/jigyousha/1001561/1002275.html,https://www.water-kawaguchi.jp/cgi-bin/contacts/G020010,フォーム項目が見つからない
川口,会社案内|バス業界向けシステム開発|工房,https://www.khobho.co.jp/company/,https://www.khobho.co.jp/support/,フォーム項目が見つからない
川口,企業情報|株式会社三和ソリューション,https://www.swsk.co.jp/about.html,https://www.swsk.co.jp/contact.html,フォーム項目が見つからない
川口,company,https://anysystem.co.jp/company/company.html,https://anysystem.co.jp/company/contact.html,フォーム項目が見つからない
川口,有限会社川口システム開発 (埼玉県さいたま市南区)の企業詳細 ...,https://houjin.jp/c/3030002003466,https://form.run/@houjin,フォーム項目が見つからない
川口,株式会社エイチ・エス・システム,https://www.hss-04.com/company.php,https://www.hss-04.com/employ/guide.php?id=contact,フォーム項目が見つからない
川口,株式会社リースシステム企画,https://lease-system.co.jp/,https://lease-system.co.jp/contact/form.html,フォーム項目が見つからない
川口,Access システム開発 名古屋 システムステージ 会社概要,http://www.systemstage.co.jp/company.html,https://www.systemstage.co.jp/contact.php,フォーム項目が見つからない
川口,株式会社新日本システム開発川口工場 - あなたの街の情報屋さん。,https://www.24u.jp/0482298573/,https://www.24u.jp/job/?id=11010-16351851,フォーム項目が見つからない
川口,【Aiによる最先端のスマート窓口の開発に乗り出します】 | 戸田 ...,https://sugawarafumihito.com/%E3%80%90%EF%BD%81i%E3%81%AB%E3%82%88%E3%82%8B%E6%9C%80%E5%85%88%E7%AB%AF%E3%81%AE%E3%82%B9%E3%83%9E%E3%83%BC%E3%83%88%E7%AA%93%E5%8F%A3%E3%81%AE%E9%96%8B%E7%99%BA%E3%81%AB%E4%B9%97%E3%82%8A%E5%87%BA/,https://www.city.toda.saitama.jp/form/detail.php?sec_sec1=111&check,フォーム項目が見つからない
所沢,株式会社dss | 埼玉県所沢市でシステム開発を行っている会社です,https://www.kkdss.co.jp/,https://www.kkdss.co.jp/form,フォーム項目が見つからない
所沢,設計・開発で宇宙産業を支える|アクシス株式会社,https://www.axis-corp.co.jp/,https://www.axis-corp.co.jp/contact/,フォーム項目が見つからない
所沢,会社概要/システムリンク株式会社,https://www.sys-link.co.jp/company.html,https://www.sys-link.co.jp/privacy.html,フォーム項目が見つからない
所沢,日東テクノブレーン,https://www.nitto-tech.co.jp/company-2/,https://www.nitto-tech.co.jp/solution/laborrobot/,フォーム項目が見つからない
所沢,会社案内 | 株式会社システムリンク,http://systemlink-1990.com/?page_id=1645,https://systemlink-1990.com/?page_id=1647,フォーム項目が見つからない
所沢,【所沢駅近・週2在宅】製品システムの開発・保守業務 ...,https://www.adecco.com/ja-jp/job/PO_JobDetailA?jobno=A01281841,https://www.adecco.com/ja-jp/career-and-employee-benefit/employee-benefit/dial,フォーム項目が見つからない
越谷,株式会社コスモシステム,https://cosmosystem-web.com/,https://cosmosystem-web.com/company/contact/,フォーム項目が見つからない
越谷,株式会社ティ・アイ・シー - システム開発・サーバー構築の ...,https://ticnet.co.jp/,https://ticnet.co.jp/tic/contactus/,フォーム項目が見つからない
越谷,ポコソフト|埼玉県春日部市・越谷市スマホアプリ開発,https://www.pocosoft.jp/,https://docs.google.com/forms/d/e/1FAIpQLSes34fwJy28yyStVuRQCEqVR5ErI-nJwoWnhgzEofW2-dBPPA/viewform?usp=sf_link,フォーム項目が見つからない
越谷,エスアイシステム株式会社 ~東京・首都圏のシステム開発 ...,https://sinfo-sys.co.jp/index.html,https://sinfo-sys.co.jp/contact/index.html,フォーム項目が見つからない
草加,会社情報 | ヤマトシステム開発,https://www.nekonet.co.jp/company,https://www.nekonet.co.jp/inquiry,フォーム項目が見つからない
草加,株式会社川島製作所/【草加本社/包装機のシステム開発】シェア ...,https://scouting.mynavi.jp/job-detail/41082821/,https://scouting.mynavi.jp/help/,フォーム項目が見つからない
草加,【草加本社/包装機のシステム開発】シェア国内トップクラス ...,https://mid-tenshoku.com/job/j-37558931/,https://support.mid-tenshoku.com/hc/,フォーム項目が見つからない
春日部,GPS製品の開発、試作品の制作ならリンクス。,https://lyncs.jp/,https://lyncs.jp/gps-consultation.html,フォーム項目が見つからない
春日部,パートナー企業募集 - 株式会社日本ビューシステム,https://view-s.co.jp/partnership/,https://view-s.co.jp/contact/,フォーム項目が見つからない
春日部,春日部市のse・プログラマ(ビジネスアプリケーション系 ...,https://haken.en-japan.com/w_102644266/,https://enhaken.zendesk.com/hc/ja,フォーム項目が見つからない
春日部,製造管理システム・Ai活用の教育アプリ開発 |春日部市 ソフ ...,https://softech-iot.jp/,https://softech-iot.jp/index.html#contact,フォーム項目が見つからない
春日部,研究・開発、製造(研究紹介)|企業情報|ニプロ株式会社,https://www.nipro.co.jp/corporate/rd-production/,https://www.nipro.co.jp/contact/,フォーム項目が見つからない
春日部,ホーム|株式会社ウイングシステム,https://www.wingsystem.co.jp/,https://www.wingsystem.co.jp/contact.html,フォーム項目が見つからない
春日部,株式会社skクリーンシステム の企業情報 | バフェット・コード,https://www.buffett-code.com/company/b0ovujryfh/,https://www.buffett-code.com/contacts,フォーム項目が見つからない
熊谷,ジーイーエム株式会社|システム開発・DX推進,https://www.gemnavi.jp/,https://www.gemnavi.jp/partner-bonus/,フォーム項目が見つからない
熊谷,熊谷組/トラックの自動走行制御・管理システム開発へ/Ai仮想 ...,https://www.decn.co.jp/?p=176686,https://www.decn.co.jp/inquiry,フォーム項目が見つからない
熊谷,株式会社アチピレーションテクノロジー — Claris Partner,https://www.claris.com/partners/profile/company.20000006499/,https://support.claris.com/s/article/Contacting-Customer-Support?language=en_US,フォーム項目が見つからない
熊谷,拠点紹介 | 株式会社ニコンシステム - Nikon,https://www.nsi.nikon.com/about/area.html,https://www.nsi.nikon.com/contact/,フォーム項目が見つからない
熊谷,沿革 | 会社情報 | パシフィックシステム株式会社,https://www.pacific-systems.co.jp/company/history/,https://www.pacific-systems.co.jp/contact/,フォーム項目が見つからない
熊谷,福祉の相談員負担軽減システムの開発 熊谷千葉県知事が厚労 ...,https://news.jp/i/1312945483374232252?c=428427385053398113,https://news.jp/i/-/tags/%E7%9B%B8%E8%AB%87%E5%93%A1?unit=479104143036220513&all=true,フォーム項目が見つからない
熊谷,Fpga・組込み開発設計製造(回路設計 Fpga設計 パターン ...,http://www.mksystem.jp/,https://www.mksystem.jp/html/inquiry.html,フォーム項目が見つからない
熊谷,システムエンジニア(半導体製造装置の稼働管理Webシステム ...,https://nextengineer-benext.jp/jobs/247201/,https://nextengineer-benext.jp/jobs/255015/,フォーム項目が見つからない
上尾,会社概要|Webアプリ(業務システム・社内システム)開発 ...,https://logic-gate.io/about,https://docs.google.com/forms/d/e/1FAIpQLSdHV531XMZAZqkN9tf9AUKpgfjGwY2aFRHPDbdWEeZ4sapPdg/viewform,フォーム項目が見つからない
上尾,合同会社シマーシステム,https://www.b-mall.ne.jp/CompanyDetail-LZbqCQjrKRhw.html,https://www.b-mall.ne.jp/inquiry/edit/?key=LZbqCQjrKRhw,フォーム項目が見つからない
上尾,株式会社osk山下システム開発の企業情報-埼玉県上尾市 ...,https://akala.ai/companies/9030001165616,https://corporatedb.jp/companies/9030001165616/contact,フォーム項目が見つからない
上尾,あげおガイド アピマップ | トップ,https://www2.wagmap.jp/ageocity/Portal,https://www2.wagmap.jp/ageocity/Inquery,フォーム項目が見つからない
朝霞,【朝霞】11/24 (月・祝)1dayweb選考会 電動・電装システム ...,https://career.nikkei.com/agent/274/jobdetail3680682/,https://career.nikkei.com/help/,フォーム項目が見つからない
朝霞,防災管理システム開発(C#)|株式会社 エーティーティー ...,https://hataraku-search.com/jobs/25091d1b-e342-4bf5-abd2-5e7483be4f5c,https://docs.google.com/forms/d/e/1FAIpQLScRbmHCzhBY4EJaBk-xER-xcq1vfYZdzjkdfXg3RH3KCXKO6w/viewform,フォーム項目が見つからない
朝霞,株式会社シルクロード | Webシステム開発・業務システム開発,https://www.silk-road.co.jp/,https://www.silk-road.co.jp/contact/,Navigation timeout of 30000 ms exceeded
朝霞,テスト・評価 国税電子申告・納税システム開発@朝霞 仕事No.IT ...,https://www.staffservice.co.jp/job/detail/IT_705914,https://www.staffservice.co.jp/staff/qanda/,フォーム項目が見つからない
朝霞,【週3在宅】官公庁向け・システム開発支援作業@埼玉県朝霞市 ...,https://freelance-start.com/jobs/detail/1435090,https://freelance-start.com/jobs/detail/1435793,フォーム項目が見つからない
新座,都市計画課 - 新座市ホームページ,https://www.city.niiza.lg.jp/soshiki/32/,https://www.city.niiza.lg.jp/life/17/110/,フォーム項目が見つからない
新座,【埼玉県市町村電子申請・届出サービス】トップ:トップ,https://apply.e-tumo.jp/city-niiza-saitama-u/offer/offerList_initDisplay,https://apply.e-tumo.jp/city-niiza-saitama-u/inquiry/inquiry_initDisplay,フォーム項目が見つからない
新座,株式会社アサヒ企画は、「ハードとソフト」の開発経験豊富な ...,https://www.asahi-kikaku.jp/,https://www.asahi-kikaku.jp/inquiry/,フォーム項目が見つからない
新座,株式会社朝日エンジニアリング Plc制御システムに関する設計や ...,https://haken.rikunabi.com/viewjob/d1e45f55e2470a0e/,https://help.haken.rikunabi.com/s/,フォーム項目が見つからない
新座,ワイヤレスガイド・無線通信機器の設計・開発・製造|技適 ...,http://rfworks.co.jp/,https://rfworks.co.jp/contact.html,フォーム項目が見つからない
新座,【共同開発】十文字×新座クラフト オリジナルクラフトビール ...,https://www.jumonji-u.ac.jp/topic/20241010/,https://www.jumonji-u.ac.jp/outline/contact/,フォーム項目が見つからない
新座,企業情報|サンシステム株式会社,https://www.sunsys.co.jp/company/,https://www.sunsys.co.jp/contact/,フォーム項目が見つからない
新座,委託倉庫管理システム(Si-net) - 株式会社 新装社,https://sinsousha.jp/pages/10/,https://sinsousha.jp/pages/3/,フォーム項目が見つからない
千葉,千葉県千葉市のシステム開発会社|株式会社プラムシックス,https://www.plumsix.co.jp/,https://www.plumsix.co.jp/contact/,フォーム項目が見つからない
千葉,首都圏システム開発株式会社 | 首都圏システム開発株式会社は ...,http://www.msd-21.co.jp/,https://www.msd-21.co.jp/contact.html,フォーム項目が見つからない
千葉,株式会社タクト | システム開発 千葉県 松戸市 タクト 最適 統合 ...,https://www.takuto.co.jp/,https://www.takuto.co.jp/inquiry/,フォーム項目が見つからない
千葉,エイジスシステム開発株式会社,https://www.ajis.jp/corporate/group/ajis-system/,https://www.ajis.jp/contact/,フォーム項目が見つからない
千葉,千葉情報ITクリエイター専門学校,https://www.o-hara.ac.jp/senmon/school/chiba_it/,https://www.o-hara.ac.jp/senmon/school/chiba_it/contact/,フォーム項目が見つからない
船橋,会社案内 - 株式会社システムデザイン - System Design,https://www.system-design.co.jp/company.html,https://www.system-design.co.jp/contact.html,フォーム項目が見つからない
船橋,首都圏システム開発株式会社の企業情報 | インターンシップ ...,https://job.career-tasu.jp/corp/00204520/,https://job.career-tasu.jp/help_index/,フォーム項目が見つからない
船橋,企業情報|システム開発・受託開発の株式会社バーネット,https://barnet.co.jp/company.html,https://barnet.co.jp/contact.html,フォーム項目が見つからない
船橋,株式会社ウィンキャット 小規模システム開発 Java・Php 千葉県 ...,https://www.wincat.co.jp/,https://www.wincat.co.jp/contact/index.html,フォーム項目が見つからない
船橋,船橋のitを支える!経験を活かせるpm募集|システム開発 ...,https://crowdworks.jp/public/jobs/12589152,https://crowdworks.jp/consultation,フォーム項目が見つからない
松戸,千葉県松戸市のシステム開発会社6選! | Yard,https://yard.tips/yard_tips_contents/articles/cmcmx2y2p00037p1bg1f0nhvu,https://yard.tips/toitech/articles/cma9makjj0008cv67h0iojybm,フォーム項目が見つからない
松戸,アクセス | プレシジョン・システム・サイエンス株式会社 ...,https://www.pss.co.jp/company/access.html,https://www.pss.co.jp/inquiry/,フォーム項目が見つからない
松戸,医用システム・画像処理・映像解析・解析aiで業務革新 ...,https://www.lamtec.co.jp/,https://www.form-answer.com/applications/HTDR8,フォーム項目が見つからない
市川,Ejプランニング‐市川市本八幡のシステム開発・ホームページ ...,https://www.ejpl.co.jp/,https://www.ejpl.co.jp/inquiry/index.html,フォーム項目が見つからない
市川,新型プリウスphvのシステム開発 | Ndlサーチ | 国立国会図書館,https://ndlsearch.ndl.go.jp/books/R000000004-I028222241,https://ndlsearch.ndl.go.jp/help/contact,フォーム項目が見つからない
市川,音声基盤のクラウド化を推進して、コールセンター業務の進化 ...,https://www.rs-information.com/toyotasystems-career/interview/9/,https://www.rs-information.com/toyotasystems-career/interview/9/#a01,フォーム項目が見つからない
市川,【山本達也:千葉県/市川市】市川の空気とシステム開発 ...,https://ameblo.jp/yamamototat2ya/entry-12916371231.html,https://helps.ameba.jp/inquiry.html,フォーム項目が見つからない
市川,新型プリウスPHVのシステム開発 - CiNii Research,https://cir.nii.ac.jp/crid/1523106605859102592,https://support.nii.ac.jp/en/cinii/contact,フォーム項目が見つからない
柏,千葉県柏市のホームページ制作・Meo対策で集客up - システムプランニングデリバリー,https://system-planning-delivery.com/,https://req.qubo.jp/Kashiwashouren/form/spd,フォーム項目が見つからない
柏,Beside Creative | 千葉県柏市のWeb制作会社・SEO対策会社,https://beside-creative.com/,https://beside-creative.com/contact,フォーム項目が見つからない
柏,Jaea - システム計算科学センター,https://ccse.jaea.go.jp/,https://ccse.jaea.go.jp/access/,フォーム項目が見つからない
柏,東京情報itクリエイター専門学校 柏校 | 高度システム開発 〔3年制〕 | 就職先・特徴 | ベスト進学ネット,https://www.best-shingaku.net/senmon/school1479/gkb32593gkk84375.html,https://www.best-shingaku.net/kobetu/school1479.html?log=topic_event,フォーム項目が見つからない
市原,会社概要|アドバンスドシステムテクノロジー (Ast),https://www.ast-net.co.jp/company/profile/,https://www.ast-net.co.jp/contact/,フォーム項目が見つからない
市原,スズキ、2025/1/1付の人事異動 | Next Mobility | ネクスト ...,https://www.nextmobility.jp/company/personnel/suzuki-personnel-changes-effective-january-1-202520241210/,https://www.nextmobility.jp/contact-us20171204/,フォーム項目が見つからない
市原,SUNITED株式会社|企業情報-company,https://sunited.co.jp/company/,https://sunited.co.jp/contact/,フォーム項目が見つからない
市原,事業所案内 | 中外テクノス株式会社,https://www.chugai-tec.co.jp/company/network/,https://www.chugai-tec.co.jp/contact/,フォーム項目が見つからない
市原,市原市の都市計画の概要 | 市原市ウェブサイト,https://www.city.ichihara.chiba.jp/article?articleId=6023710fece4651c88c17ef0,https://www.city.ichihara.chiba.jp/categoryCuration?themeId=1007,フォーム項目が見つからない
市原,Vol.1 市原 英樹さん | 先輩こんにちは! | 日大三をもっと知る ...,https://www.nichidai3.ed.jp/motto/graduate/vol01/,https://www.nichidai3.ed.jp/contact/,フォーム項目が見つからない
東京,パートナー企業様募集|ソフトウェア開発、システム ... - Gsc,https://g-s-c.co.jp/partner/index.html,https://g-s-c.co.jp/contact/index.html,フォーム項目が見つからない
東京,東京システムハウス株式会社 | お客様のためのitサービス ...,https://www.tsh-world.co.jp/,https://www.tsh-world.co.jp/inquiry/,フォーム項目が見つからない
東京,東京システムアシスト株式会社,https://www.tsa-ltd.co.jp/,https://www.tsa-ltd.co.jp/contact/contact.html,フォーム項目が見つからない
東京,Mattock - AI時代のベトナムオフショア開発パートナー | 開発 ...,https://mattock.jp/blog/system-development/recommended-system-development-36-companies-in-tokyo/,https://mattock.jp/contact,フォーム項目が見つからない
東京,ネクストゲート株式会社(NextGate)|SES、システム開発、IT ...,https://www.nextgate-g.com/,https://www.nextgate-g.com/#section-11,フォーム項目が見つからない
東京,東京ソフトウェア株式会社 - 東京ソフトウェア株式会社はit ...,https://www.tsk-net.com/,https://www.tsk-net.com/contact/,フォーム項目が見つからない
東京,Oaシステム開発科 | 東京都立中央・城北職業能力開発センター,https://www.hataraku.metro.tokyo.lg.jp/vsdc/chuo/x_oa.html,https://www.hataraku.metro.tokyo.lg.jp/vsdc/chuo/info.html,フォーム項目が見つからない
東京,事業所案内|日本システム開発株式会社【NSK】,https://www.nsk.co.jp/about/office/,https://www.nsk.co.jp/contact-list,フォーム項目が見つからない
東京,パートナー募集 |総合システム情報株式会社,https://www.ssinet.co.jp/partner,https://www.ssinet.co.jp/contact_before/,フォーム項目が見つからない
東京,サンシステム | 一期一会と鋭敏な触覚を持つクリエイティブ集団,https://www.sunsystem.com/,https://www.sunsystem.com/contact/,フォーム項目が見つからない
東京,株式会社CYZENNT|東京のシステム受託開発・SES,https://cyzennt.co.jp/,https://cyzennt.co.jp/contact/form/,フォーム項目が見つからない
東京,会社概要 - 日本システム開発株式会社(Nsk),https://www.nskint.co.jp/company/data/,https://www.nskint.co.jp/contact/,フォーム項目が見つからない
横浜,横浜の業務システム開発会社 Access開発のJSE 横浜市 ...,https://www.jse-inc.jp/,https://www.jse-inc.jp/category/1183898.html,フォーム項目が見つからない
横浜,ソフトウェア開発、システム開発 | 株式会社itsコア - 横浜市港北区,https://www.its-core.co.jp/index.php,https://www.its-core.co.jp/mail/index.php,フォーム項目が見つからない
横浜,横浜情報システム株式会社,https://yjsys.co.jp/,https://yjsys.co.jp/%e3%81%8a%e5%95%8f%e3%81%84%e5%90%88%e3%82%8f%e3%81%9b/,フォーム項目が見つからない
横浜,システムインテグレータのヨコハマシステムズ,https://ysco.net/,https://ysco.net/inquiry/,フォーム項目が見つからない
横浜,会社概要 | 株式会社ソフテム | システム設計・開発,https://softem-net.co.jp/company/profile/,https://softem-net.co.jp/inquiry/index.html,フォーム項目が見つからない
横浜,株式会社システムミラ,https://www.mira.co.jp/company/overview.html,https://www.mira.co.jp/contact.html,フォーム項目が見つからない
横浜,神奈川県横浜市のシステム開発会社ベイソル,https://www.baysol.jp/,https://www.baysol.jp/contact.html,フォーム項目が見つからない
横浜,株式会社インデペンデンスシステムズ横浜 | システム開発 ...,https://independence-sys.net/main/,https://independence-sys.net/main/?page_id=10,フォーム項目が見つからない
横浜,株式会社エスビーエス,https://www.sbs-web.com/,https://www.sbs-web.com/#contact,フォーム項目が見つからない
横浜,株式会社システム創造開発,https://www.scd.co.jp/,https://www.scd.co.jp/contact/,フォーム項目が見つからない
横浜,企業情報(Tsシステムソリューションズ株式会社) | ティアンド ...,https://www.tecsvc.co.jp/company_tss/,https://www.tecsvc.co.jp/ir-info/ir-inquiry/,フォーム項目が見つからない
横浜,会社概要 | 横浜 システム開発 株式会社ヒューマンネット ...,https://www.hmnt.jp/73671/company/,https://www.hmnt.jp/73671/?page_id=11,フォーム項目が見つからない
横浜,Ybシステムズ合同会社 | 横浜市青葉区 たまプラーザのシステム ...,https://yb-systems.jp/,https://yb-systems.jp/contact-us.html,フォーム項目が見つからない
横浜,株式会社横浜マリンシステム|アプリ/ネットショップ開発,https://yms.yokohama/,https://yms.yokohama/contact,フォーム項目が見つからない
横浜,株式会社アローズ・システムズ,https://www.arrows-systems.co.jp/,https://www.arrows-systems.co.jp/contact.html,フォーム項目が見つからない
横浜,横浜サテライトオフィス | システム開発・インフラ構築のディ ...,https://www.di-system.co.jp/corporate/accessyokohama/,https://www.di-system.co.jp/inquiry/,フォーム項目が見つからない
横浜,システム開発のタクト情報システムズ株式会社 横浜市,https://tact-info.com/,https://tact-info.com/contact.html,フォーム項目が見つからない
横浜,横浜でシステム開発・Vpn、派遣事業のご相談なら|システム ...,https://www.sic-kk.co.jp/,https://www.sic-kk.co.jp/contact/,フォーム項目が見つからない
横浜,会社概要 - Yslソリューション,https://www.ysl.co.jp/company/,https://www.ysl.co.jp/contact-privacy/,フォーム項目が見つからない
川崎,株式会社ソフテム | 神奈川県川崎市のシステム開発会社,https://www.softem.co.jp/,https://www.softem.co.jp/jiso_network/,フォーム項目が見つからない
川崎,朝日ソフトウェア開発株式会社|ASD,https://www.asdweb.co.jp/,https://www.asdweb.co.jp/#contact,フォーム項目が見つからない
川崎,技術開発本部 | 事業拠点・関係会社 | 川崎重工業株式会社,https://www.khi.co.jp/corporate/network/gikaihon.html,https://www.khi.co.jp/corporate/contacts/,フォーム項目が見つからない
川崎,川崎市 : 行政情報システム開発監理等支援業務公募型 ...,https://www.city.kawasaki.jp/170/page/0000174939.html,https://www.city.kawasaki.jp/kurashi/category/256-0-0-0-0-0-0-0-0-0.html,フォーム項目が見つからない
川崎,株式会社サンアイエンジニアリング システム開発サービス,https://www.sang.co.jp/system.html,https://forms.office.com/r/5CpmS2fRYG,フォーム項目が見つからない
川崎,協立システム開発株式会社 | ビジネスサポートネット | 芝信用金庫,https://www.shibashin.jp/business_support/detail/kyouritu-system/,https://www.shibashin.jp/service/ma/,フォーム項目が見つからない
川崎,株式会社デバイス&システム・プラットフォーム開発センター ...,https://kjcbiz.net/company/20181024ns-dsp-c-co-jp/,https://kjcbiz.net/company/20181024ns-dsp-c-co-jp/#contact-form,フォーム項目が見つからない
川崎,57号インタビュー 鉄道車両ビジネスの未来を切り開く技術開発 ...,https://www.kawaju.co.jp/techno-wm/guest/57.html,https://www.kawaju.co.jp/contact/index/cfcd/com/,フォーム項目が見つからない
川崎,東京コンピュータサービス(株)川崎システム開発センター ...,https://navikana.com/044-751-5515/,https://naviannounce.com/contact/,フォーム項目が見つからない
川崎,株式会社川崎ウチダシステム,https://www.kawasaki-uchida.co.jp/,https://www.kawasaki-uchida.co.jp/#anc-03,フォーム項目が見つからない
川崎,第一コンピュータサービス | Dcs 最適システムの提供で情報化 ...,https://www.dcs21.co.jp/,https://www.dcs21.co.jp/contact/,フォーム項目が見つからない
相模原,入札・契約|相模原市,https://www.city.sagamihara.kanagawa.jp/sangyo/keiyaku/index.html,https://www.city.sagamihara.kanagawa.jp/kurashi/sodan/index.html,フォーム項目が見つからない
相模原,放送システムのことなら、MEDIX,https://medixnet.co.jp/,https://medixnet.co.jp/contact/,フォーム項目が見つからない
相模原,沿革 | 職業能力開発総合大学校 - Jeed,https://www.uitec.jeed.go.jp/schoolguide/history/,https://www.uitec.jeed.go.jp/inquiry/index.html,フォーム項目が見つからない
相模原,開発・回路設計 | 高津通信株式会社,https://taka-2.co.jp/business/circuit-design/,https://taka-2.co.jp/business/business-meeting/,フォーム項目が見つからない
横須賀,横須賀ソフトウェア株式会社 │,https://www.yokosukasoft.co.jp/,https://www.yokosukasoft.co.jp/contact/,フォーム項目が見つからない
横須賀,開発隊群ホームページ - 防衛省・自衛隊,https://www.mod.go.jp/msdf/frdc/,https://www.mod.go.jp/msdf/frdc/faq.html,フォーム項目が見つからない
横須賀,艦艇開発隊がffm搭載システム試験施設を開設 | 世界の艦船,https://www.ships-net.co.jp/%E2%96%A0%E8%89%A6%E8%89%87%E9%96%8B%E7%99%BA%E9%9A%8A%E3%81%8Cffm%E6%90%AD%E8%BC%89%E3%82%B7%E3%82%B9%E3%83%86%E3%83%A0%E8%A9%A6%E9%A8%93%E6%96%BD%E8%A8%AD%E3%82%92%E9%96%8B%E8%A8%AD/,https://www.ships-net.co.jp/contact/,フォーム項目が見つからない
横須賀,研究開発について | 住友重機械工業株式会社,https://www.shi.co.jp/tech/system/index.html,https://www.shi.co.jp/contact/index.html,フォーム項目が見つからない
横須賀,横須賀研究所|研究開発|技術情報|古河電工パワー ...,https://www.feps.co.jp/tech/point/yokosuka/,https://www.feps.co.jp/inquiry/,フォーム項目が見つからない
藤沢,システム開発・基幹業務システム構築|株式会社カスガ堂 ...,https://www.kasugado.co.jp/,https://www.kasugado.co.jp/contact/,フォーム項目が見つからない
藤沢,まちづくり・都市計画|藤沢市,https://www.city.fujisawa.kanagawa.jp/kurashi/machidukuri/index.html,https://www.city.fujisawa.kanagawa.jp/soudanc2-1/kocho/cccenter.html,フォーム項目が見つからない
藤沢,システム開発・運営サポート|エクスタイル合同会社,https://exstyle.net/,https://exstyle.net/#contact,フォーム項目が見つからない
藤沢,株式会社アトムシステム - 株式会社アトムシステム|信頼のit ...,https://www.atomsystem.co.jp/,https://www.atomsystem.co.jp/contact.html,フォーム項目が見つからない
藤沢,株式会社アトムシステム | サイボウズのパートナーネットワーク,https://partner.cybozu.co.jp/search/atomsystem.html,https://cybozupartner.form.kintoneapp.com/public/d0e751e7a5ca201274039ef541dd65cfe72c8ad4df494dfdcbac36c82e714ad0,フォーム項目が見つからない
藤沢,藤沢工場内に電動開発実験棟を新設~2030年のcn対応車フル ...,https://www.isuzu.co.jp/newsroom/details/20231129_1.html,https://www.isuzu.co.jp/inquiry/,フォーム項目が見つからない
平塚,「(仮称)次期平塚市環境基本計画(素案)」へのご意見を ...,https://www.city.hiratsuka.kanagawa.jp/kankyo/page67_00138.html,https://www.city.hiratsuka.kanagawa.jp/kocho/index.html,フォーム項目が見つからない
平塚,ローカル5gを用いたアプリケーション開発環境を拡充 | 古河電気 ...,https://digitalpr.jp/r/78704,https://digitalpr.jp/pr-automation/g_contact.php,フォーム項目が見つからない
平塚,home - 攻撃型生産管理システムTPiCS,https://www.tpics.co.jp/,https://www.tpics.co.jp/%E5%95%8F%E5%90%88%E3%81%9B/,フォーム項目が見つからない
平塚,香川大学の高尾英邦教授が開発した「ナノ触覚センサ」の研究 ...,https://www.u-presscenter.jp/article/post-57673.html,https://www.u-presscenter.jp/contact.html,フォーム項目が見つからない
平塚,"""Aiで激変!タクシー新時代 ~""""地域の足""""を守れるか ...""",https://txbiz.tv-tokyo.co.jp/gaia/vod/post_328347,https://txbiz.tv-tokyo.co.jp/fplive,フォーム項目が見つからない
平塚,ロシア大統領、兵器開発者に勲章 原子力推進の巡航ミサイルと ...,https://www.toonippo.co.jp/articles/-/2144426,https://www.toonippo.co.jp/list/company/toiawase,フォーム項目が見つからない
平塚,東海大学 TOP | 東海大学 - Tokai University,https://www.u-tokai.ac.jp/,https://www.u-tokai.ac.jp/information,フォーム項目が見つからない
平塚,コマツ 平塚地区の研究・開発機能を集約し効率化を実現 湘南 ...,https://kenkey.jp/news/article/2167,https://kenkey.jp/help/service/2#genre-3,フォーム項目が見つからない
平塚,古河電工がローカル5gアプリ開発環境を拡充、平塚事業所ラボに ...,https://businessnetwork.jp/article/17371/,https://businessnetwork.jp/contact/,フォーム項目が見つからない
茅ヶ崎,開発審査|茅ヶ崎市,https://www.city.chigasaki.kanagawa.jp/machidukuri/shinsa/index.html,https://www.city.chigasaki.kanagawa.jp/1052150/index.html,フォーム項目が見つからない
茅ヶ崎,2024_a01: 地方自治体向け災害対策システム開発プロジェクト ...,https://open.shonan.bunkyo.ac.jp/proen/2024_prode/2024_a01-%E5%9C%B0%E6%96%B9%E8%87%AA%E6%B2%BB%E4%BD%93%E5%90%91%E3%81%91%E7%81%BD%E5%AE%B3%E5%AF%BE%E7%AD%96%E3%82%B7%E3%82%B9%E3%83%86%E3%83%A0%E9%96%8B%E7%99%BA%E3%83%97%E3%83%AD%E3%82%B8%E3%82%A7,https://open.shonan.bunkyo.ac.jp/proen/2025_prode/2025_a02-ai%e3%82%92%e7%94%a8%e3%81%84%e3%81%9f%e6%9c%aa%e7%97%85%e7%9b%b8%e8%ab%87web%e3%82%a2%e3%83%97%e3%83%aa%e3%82%b1%e3%83%bc%e3%82%b7%e3%83%a7%e3%83%b3%e9%96%8b%e7%99%ba%e3%83%97%e3%83%ad,フォーム項目が見つからない
茅ヶ崎,ネットワンシステムズ、茅ヶ崎市庁内ネットワークから ...,https://www.netone.co.jp/news/release/20231215_01.html,https://www.netone.co.jp/contact/,フォーム項目が見つからない
茅ヶ崎,J-power 電源開発株式会社,https://www.jpower.co.jp/,https://www.jpower.co.jp/contact/,フォーム項目が見つからない
厚木,株式会社スフィーダ:神奈川県 厚木市のソフトウェア開発 ...,http://www.sfida-spa.com/,https://www.sfida-spa.com/contact/,フォーム項目が見つからない
厚木,会社案内|株式会社アイ・ピー・エル|Ipl|システム開発 ...,https://www.ipl-soft.co.jp/company/,https://www.ipl-soft.co.jp/contact/,フォーム項目が見つからない
厚木,システム開発は湘南ソフトウェアエンジニアリング,http://www.s2e.co.jp/,https://www.s2e.co.jp/company.html#contact,フォーム項目が見つからない
大和,ホームページ - 大和システム株式会社,https://daiwasys.co.jp/,https://daiwasys.co.jp/contact,フォーム項目が見つからない
大和,ヤマトシステム開発株式会社の情報 | 官報決算データベース,https://catr.jp/companies/af09f/70255,https://catr.jp/companies/5fa01/70250,フォーム項目が見つからない
小田原,小田原機器、システム開発のソタシステムを子会社化 - M&A Hack,https://sfs-inc.jp/ma/17234/,https://sfs-inc.jp/ma/contact/,フォーム項目が見つからない
小田原,ソリューション・製品-バス用機器 | 株式会社小田原機器,https://www.odawarakiki.com/service/bus/,https://www.odawarakiki.com/request/,フォーム項目が見つからない
小田原,企業概要・沿革 - 株式会社小田原エンジニアリング,https://odawara-eng.co.jp/corporate/history/,https://odawara-eng.co.jp/contact/,フォーム項目が見つからない
新潟,新潟|システム開発|株式会社ビット・エイ,https://www.bit.or.jp/system/,https://www.bit.or.jp/profile/access/contact.html,フォーム項目が見つからない
新潟,三和システム・エンジニアリング株式会社 新潟のシステム開発 ...,https://www.sanwasys.co.jp/,https://www.sanwasys.co.jp/contact.html,フォーム項目が見つからない
新潟,システム開発 | 新潟県長岡市 | 株式会社bellsoft,https://bellsoft.jp/system,https://bellsoft.jp/contact,フォーム項目が見つからない
新潟,株式会社第四北越ITソリューションズ,https://www.dh-its.co.jp/,https://www.dh-its.co.jp/inquiry/,フォーム項目が見つからない
新潟,会社案内 | オフィスシステム株式会社,https://www.officesystem.co.jp/company/,https://www.officesystem.co.jp/contact/,フォーム項目が見つからない
新潟,にいがた技術者就職ナビ | 新潟のcad/Cam、各種設計・開発 ...,https://ccube-career.jp/,https://ccube-career.jp/contact/,フォーム項目が見つからない
長岡,エリシアシステム - お客様のビジネスを支えるシステム開発 ...,https://www.elysia.co.jp/,https://www.elysia.co.jp/#contact,フォーム項目が見つからない
長岡,長岡介護イノベーション・ハブで開発したシステムが製品化し ...,https://www.city.nagaoka.niigata.jp/sangyou/cate14/kaigo-rakures.html,https://www.city.nagaoka.niigata.jp/other/toiawase.html,フォーム項目が見つからない
長岡,長岡工業高等専門学校との 共同開発システムがメディアで紹介 ...,https://www.jcp.joemate.co.jp/r-20250311/,https://www.jcp.joemate.co.jp/contact/,フォーム項目が見つからない
長岡,受託開発 | 長岡パワーエレクトロニクス株式会社,https://www.npe.co.jp/development/,https://www.npe.co.jp/development/#,フォーム項目が見つからない
長岡,【長岡市】Se/Pg(システム・アプリ開発) | 新潟県に特化した ...,https://career.niigata-job.ne.jp/job/detail?jid=16588,https://docs.google.com/forms/d/e/1FAIpQLSe90LxoZUrGatsDOn0wX_MhbFqXJfktIhaVGXCz5K-MnrtVOg/viewform,フォーム項目が見つからない
長岡,Dxアジャイルものづくり研究開発センター | 長岡技術科学大学,https://www.nagaokaut.ac.jp/academics/rdcdxa/index.html,https://www.nagaokaut.ac.jp/contact/,フォーム項目が見つからない
長岡,「わくわくを求めて、システム開発からドラム缶風呂まで ...,https://niigatakurashi.com/people/44382/,https://niigatakurashi.com/job/#c1,フォーム項目が見つからない
長岡,株式会社サンケイ情報ファシリティ システム、ソフトウェア ...,https://www.sjf.co.jp/,https://www.sjf.co.jp/sjfhome/Contact.html,フォーム項目が見つからない
長岡,SPRIX Engineering Lab|日本の教育を支えるエンジニア集団,https://www.sprix-englab.jp/,https://www.sprix-englab.jp/recruit/#contact,フォーム項目が見つからない
上越,システム受託開発,https://kawai-seiko.co.jp/it/system.html,https://kawai-seiko.co.jp/contact/inquiry.html,フォーム項目が見つからない
上越,システム開発のアルス・ウェアー(東京)が新潟県上越市に ...,https://www.niigata-nippo.co.jp/articles/-/570503,https://www.niigata-nippo.co.jp/list/inquiry,フォーム項目が見つからない
上越,情報システム科 - Jjc上越公務員・情報ビジネス専門学校|就職 ...,https://jjc-net.ac.jp/department/course_information-system/,https://jjc-net.ac.jp/pickupnews/news/15623/,フォーム項目が見つからない
三条,システム開発部門 | 三条印刷株式会社,https://ssjjoo.com/system_dev/,https://ssjjoo.com/system_dev/process_management/#inquiry,フォーム項目が見つからない
三条,会社概要,https://www.computer-system.jp/company/,https://www.computer-system.jp/contact/,フォーム項目が見つからない
三条,コーヒー好きと燕三条の職人で共同開発 紙フィルター不要の ...,https://information.pal-system.co.jp/press/230911-coffeefilter/,https://support.pal-system.co.jp/?via=j-header,フォーム項目が見つからない
新発田,一般財団法人 下越総合健康開発センター,https://www.kenkokaihatu.or.jp/,https://www.kenkokaihatu.or.jp/37/309/,フォーム項目が見つからない
富山,富山 システム開発 株式会社アルゴ,https://www.argo-inc.co.jp/,https://www.argo-inc.co.jp/inquiry/index.html,フォーム項目が見つからない
富山,システム開発・アプリ開発|株式会社システムコボ,https://www.system-cobo.co.jp/,https://www.system-cobo.co.jp/#contact,フォーム項目が見つからない
富山,業務ソフトウェア・システム開発の株式会社ハイテックス,https://www.hitechs.co.jp/,https://www.hitechs.co.jp/inquiry/,フォーム項目が見つからない
高岡,「ポスト5g情報通信システム基盤強化研究開発事業/先端 ...,https://www.nedo.go.jp/koubo/IT2_100362.html,https://www.nedo.go.jp/qinf/contact.html,フォーム項目が見つからない
高岡,府省共通研究開発管理システム(e-Rad)ポータルサイト,https://www.e-rad.go.jp/,https://www.e-rad.go.jp/contact.html,フォーム項目が見つからない
高岡,クボタ傘下企業、函館のシステム開発会社を買収 水道インフラ ...,https://www.hokkaido-np.co.jp/article/1234156/,https://www.hokkaido-np.co.jp/inquiry/,フォーム項目が見つからない
高岡,【新規事業創出支援プロジェクト】<ライブ配信>それって ...,https://www.sansokan.jp/events/eve_detail.san?H_A_NO=46610,https://www.sansokan.jp/info/,フォーム項目が見つからない
高岡,【Obsidian活用術】文書作成「超役立つ」3ステップを解説 ...,https://www.sbbit.jp/article/cont1/173482,https://www.sbbit.jp/eventinfo/detail/86770,フォーム項目が見つからない
高岡,高岡 赤祖父 一戸建てshpシリーズ53番5|高岡市の中古住宅 ...,https://chukodate.chintaistyle.jp/result/detail_316000013936.html,https://house.chintaistyle.jp/,フォーム項目が見つからない
高岡,補助金・助成金:「ポスト5g情報通信システム基盤強化研究 ...,https://j-net21.smrj.go.jp/snavi/articles/168817,https://j-net21.smrj.go.jp/startup/consult/index.html,フォーム項目が見つからない
高岡,株式会社北陸ソフタス システム開発(富山県/高岡市/年間休日 ...,https://www.jjc-tenshoku.net/toyama/kyujin/14813,https://www.jjc-tenshoku.net/meeting/,フォーム項目が見つからない
高岡,IT_Link | 株式会社 アイティリンク ソフトウェア受託開発,https://www.itlink.jp/,https://www.itlink.jp/inquiry_agree/,フォーム項目が見つからない
金沢,株式会社システムサポート | SYSTEM SUPPORT Inc.,https://www.sts-inc.co.jp/,https://www.sts-inc.co.jp/contact/index.html,フォーム項目が見つからない
金沢,ウィザードソフト株式会社|金沢のゲーム開発・システム開発 ...,https://wizardsoft.co.jp/,https://wizardsoft.co.jp/contact/index.html,フォーム項目が見つからない
金沢,車台番号読み取り Aiで正確 リサイクル大手 会宝産業(金沢 ...,https://www.chunichi.co.jp/article/309422,https://www.chunichi.co.jp/reference/,フォーム項目が見つからない
金沢,株式会社タスク | システム・ソリューション開発の ...,https://www.task.co.jp/,https://www.task.co.jp/contact/,フォーム項目が見つからない
小松,小松ウオール、基幹システムをオープン系に刷新--基盤を ...,https://japan.zdnet.com/article/35011037/,https://aiasahi.jp/contact/inquiry.htm,フォーム項目が見つからない
小松,会社概要 | Dx戦略 | コマツ産機,https://sanki.komatsu/profile/dxstrategy.html,https://sanki.komatsu/service/location.html,フォーム項目が見つからない
小松,マルチコンピューティング株式会社|ITからその先の未来へ,https://www.mcomp.co.jp/,https://www.mcomp.co.jp/ba-otoiawse/,フォーム項目が見つからない
白山,地震防災ソリューション|ソリューション|白山工業株式会社,https://www.hakusan.co.jp/solution/bosai/,https://www.hakusan.co.jp/web_connect/,フォーム項目が見つからない
白山,まちづくり・産業|白山市公式ホームページ,https://www.city.hakusan.lg.jp/machi/index.html,https://www.city.hakusan.lg.jp/cgi-bins/enquetes/d87156b9ee8140ffabf26f9ea03a8d50,フォーム項目が見つからない
白山,VissQ-Pro/IS ~被災度判定支援システム~│防災DXサービスマップ,https://bosai-dx.jp/gathering/3123/,https://forms.office.com/e/wPV5A20K81,フォーム項目が見つからない
白山,白山工業株式会社(企業を探す) | 大学院生 (修士/博士 ...,https://acaric.jp/company-search/detail/148583,https://shushoku-agent.acaric.jp/,フォーム項目が見つからない
福井,福井県it関連企業リスト - ふくいdx事例集サイト,https://dxfukui.jp/case/dx-company/,https://dxfukui.jp/case/contact/,フォーム項目が見つからない
福井,福井県越前市でシステム開発 | Webアプリケーション開発なら ...,https://www.spromotion.co.jp/,https://www.spromotion.co.jp/contacts,フォーム項目が見つからない
福井,情報システム等に係る調達案件(後期)を公表します | 福井県 ...,https://www.pref.fukui.lg.jp/doc/dx-suishin/saitekikatop.html,https://www.pref.fukui.lg.jp/syozoku.html,フォーム項目が見つからない
福井,会社案内|株式会社エイトシステム,https://www.eitosystem.co.jp/company.php,https://www.eitosystem.co.jp/contact.php,フォーム項目が見つからない
福井,福井 サテライト研修|福井県内で受講できるライブ配信it研修 ...,https://www.fisc.jp/pckouza/satellite.html,https://www.fisc.jp/pckouza/attnd.html#contact,フォーム項目が見つからない
福井,生成aiで空き家のリノベーションを見える化 永平寺町と ...,https://www.fukui-tv.co.jp/?fukui_news=%E7%94%9F%E6%88%90ai%E3%81%A7%E7%A9%BA%E3%81%8D%E5%AE%B6%E3%81%AE%E3%83%AA%E3%83%8E%E3%83%99%E3%83%BC%E3%82%B7%E3%83%A7%E3%83%B3%E3%82%92%E8%A6%8B%E3%81%88%E3%82%8B%E5%8C%96%E3%80%80%E6%B0%B8%E5%B9%B3,https://www.fukui-tv.co.jp/opinion.html,フォーム項目が見つからない
坂井,ナカテック デジタル ソリューション | 会社情報,https://nakatec-ds.com/company.html,https://nakatec-ds.com/company.html#contact,フォーム項目が見つからない
坂井,Itシステム開発争訟 | 渥美坂井法律事務所・外国法共同事業,https://www.aplawjapan.com/services/it-system-development-disputes,https://www.aplawjapan.com/contacts,フォーム項目が見つからない
甲府,甲府市/甲府市中小企業者等IT関連研修受講補助金,https://www.city.kofu.yamanashi.jp/shoko/business/itkanrenkenshuuhojo.html,https://www.city.kofu.yamanashi.jp/faq/ichiran/index.html,フォーム項目が見つからない
甲府,山梨県/米倉山次世代エネルギーシステム研究開発ビレッジ ...,https://www.pref.yamanashi.jp/newene-sys/nesrad.html,https://www.pref.yamanashi.jp/kurashi/sodan/index.html,フォーム項目が見つからない
甲府,印鑑彫刻機 | レーザー彫刻機 | 名刺プリンタ | ファイバー ...,https://www.motegi-system.com/,https://www.motegi-system.com/contact/,フォーム項目が見つからない
甲府,国際勧業株式会社 システム開発、Pc関連製品の販売、宅地建物 ...,https://www.kokusai.co.jp/,https://www.kokusai.co.jp/estate/index.php,フォーム項目が見つからない
甲府,新たな研究開発拠点『ミラプロエナジーラボ』をNesrad内に開設 ...,https://www.mirapro.co.jp/news/3857/,https://www.mirapro.co.jp/inquiry,フォーム項目が見つからない
甲府,会社情報 - アドバンステクノロジー株式会社,https://www.advance-te.com/company/,https://www.advance-te.com/company/#overview,フォーム項目が見つからない
甲府,アルファシステムサービス株式会社,http://www.alpha-syss.jp/,https://www.alpha-syss.jp/contact.html,フォーム項目が見つからない
長野,知識工学株式会社 | 長野県にあるコンピューターシステム開発会社,https://www.chishiki-k.co.jp/,https://www.chishiki-k.co.jp/contact.html,フォーム項目が見つからない
長野,エヌ・エス・ケイ株式会社|長野県長野市のシステム開発会社,https://www.nsk-inc.co.jp/,https://www.nsk-inc.co.jp/contact/index.html,フォーム項目が見つからない
長野,長野システム開発株式会社 - 信州オープンビジネス ...,https://s-soba.or.jp/member/%E9%95%B7%E9%87%8E%E3%82%B7%E3%82%B9%E3%83%86%E3%83%A0%E9%96%8B%E7%99%BA%E6%A0%AA%E5%BC%8F%E4%BC%9A%E7%A4%BE/,https://s-soba.or.jp/contact/,フォーム項目が見つからない
長野,システム開発 | 株式会社ユリーカ,https://viva-eureka.com/service/system/,https://viva-eureka.com/contact-form,フォーム項目が見つからない
長野,長野システム開発株式会社のアルバイト・バイト情報/総務 ...,https://www.froma.com/viewjob/3aa2a2161e25e931/,https://www.help.froma.com/s/,フォーム項目が見つからない
松本,ソフトウェア開発・ホームページ制作 長野県松本市の電算 ...,https://www.doa-inc.jp/,https://www.doa-inc.jp/agreement/,フォーム項目が見つからない
松本,会社概要 | 東洋システム開発株式会社,https://www.tsknet.co.jp/company/company/,https://www.tsknet.co.jp/%e3%81%8a%e5%95%8f%e3%81%84%e5%90%88%e3%82%8f%e3%81%9b/,フォーム項目が見つからない
松本,株式会社システムアスカ 松本事業所 | まつもと暮らし |松本 ...,https://matsumoto.city/company_index/systemaska/,https://matsumoto.city/job-info/,フォーム項目が見つからない
松本,AID|企業情報,https://www.a-i-d.co.jp/company/,https://www.a-i-d.co.jp/contact,フォーム項目が見つからない
松本,松本システム開発株式会社 (長野県) | 会社・組織情報なら ...,https://korps.jp/corporations/2614142,https://ck.jp.ap.valuecommerce.com/servlet/referral?sid=3450902&pid=887733433&vcpub=0.000074&vcid=NLWn4pTNNl7E2hsbp0wFdtZPHDAYsIaGDDcgYc1G0ziq1GEFZ1-38A&isec=1765316395,フォーム項目が見つからない
上田,10/31 (金)オープン!複合型の温浴施設「UU ueda(ユーユー ...,https://www.web-komachi.com/?p=251076,https://www.web-komachi.com/?page_id=792,フォーム項目が見つからない
上田,上田 浩 (情報メディア教育研究センター)|法政大学 法政大学 ...,https://kenkyu-web.hosei.ac.jp/hosei/detail.html?systemId=2707e4ef4ec72191&lang=ja,https://doi.org/10.1016/j.jtbi.2007.11.024,フォーム項目が見つからない
上田,グローバルシステム株式会社,https://globalsystem.co.jp/,https://globalsystem.co.jp/#company,フォーム項目が見つからない
飯田,株式会社SOLA,https://sola-inc-web.com/,https://sola-inc-web.com/inquiry.html,フォーム項目が見つからない
飯田,株式会社キャスティネット システム開発 長野県:飯田市 ...,https://cxc.jp/development/,https://cxc.jp/development/clientcontact/,フォーム項目が見つからない
飯田,独自のトータルシステムで全ての工程を自社管理|株式会社 ...,https://www.iidasangyo.co.jp/concept/totalsystem/,https://www.iidasangyo.co.jp/contact/,フォーム項目が見つからない
飯田,exluce,https://www.exluce.co.jp/mobile/gaiyo.html,https://www.exluce.co.jp/mobile/inquiry.html,フォーム項目が見つからない
飯田,イイダ電子株式会社|組込みシステム|電子回路設計 ...,https://www.iidadenshi.co.jp/,https://www.iidadenshi.co.jp/contact/index.html,フォーム項目が見つからない
飯田,ソフトウェア設計学研究室| 情報科学領域 | Naist 国立大学法人 ...,https://isw3.naist.jp/Research/cs-sd-ja.html,https://isw3.naist.jp/Access/contact-ja.html,フォーム項目が見つからない
岐阜,株式会社第一システム - 株式会社第一システム,https://www.daiichisystem.co.jp/,https://www.daiichisystem.co.jp/contact/,フォーム項目が見つからない
岐阜,株式会社web-wing | Webシステム開発 岐阜県大垣市 | ソフ ...,https://www.web-wing.co.jp/,https://www.contact-web.jp/,フォーム項目が見つからない
岐阜,会社概要 | アイデックス株式会社,https://aidex.jp/%E4%BC%9A%E7%A4%BE%E6%A6%82%E8%A6%81,https://aidex.jp/business/contactlog,フォーム項目が見つからない
岐阜,システム開発のエクセル代行 | 岐阜県可児市,https://exceldaikou.jp/,https://exceldaikou.jp/#%E6%96%99%E9%87%91%E3%83%BB%E3%81%8A%E5%95%8F%E3%81%84%E5%90%88%E3%82%8F%E3%81%9B,フォーム項目が見つからない
岐阜,システム開発|ホームページ制作|パソコンのことなら岐阜の ...,https://www.k-kplus.jp/,https://www.k-kplus.jp/contact.html,フォーム項目が見つからない
大垣,防災備蓄管理システムの開発に向けた実証実験に関する連携 ...,https://www.city.ogaki.lg.jp/0000055771.html,https://www.city.ogaki.lg.jp/soshiki_list.html#lnk_21-1,フォーム項目が見つからない
大垣,株式会社電算システム,http://www.densan-s.co.jp/,https://www.densan-s.co.jp/inquiry.html,フォーム項目が見つからない
多治見,Invision - ウェブ・アプリ開発+デザイン - 株式会社インビジョン,https://invision.co.jp/,https://invision.co.jp/#contact,フォーム項目が見つからない
多治見,多治見市/各課の案内 - Tajimi,https://www.city.tajimi.lg.jp/gyose/kakuka/index.html,https://www.city.tajimi.lg.jp/kurashi/sodan/index.html,フォーム項目が見つからない
可児,各課業務内容/可児市,https://www.city.kani.lg.jp/1106.htm,https://www.city.kani.lg.jp/6143.htm,フォーム項目が見つからない
可児,企業情報 | 有限会社オオヒラ制禦システム,https://ohira-cs.com/company.html,https://ohira-cs.com/contact.html,フォーム項目が見つからない
静岡,組合企業紹介 - 静岡県ソフトウェア事業協同組合,https://ssanet.jp/member-list/,https://ssanet.jp/contact-us/,フォーム項目が見つからない
静岡,株式会社システムソフィア,https://systemsophia.co.jp/,https://systemsophia.co.jp/contact.html,フォーム項目が見つからない
静岡,沼津ニアショア開発センター | ソリューション | 株式会社メトロ,https://www.metro.co.jp/solution/software/nearshore.html,https://www.metro.co.jp/mobile/contact/,フォーム項目が見つからない
静岡,情報(データベース)の使い手、システム会社Liberty(リバティー)です,https://liberty-system.co.jp/,https://liberty-system.co.jp/contact/,フォーム項目が見つからない
静岡,ソフトウェア開発・販売管理・生産管理システム受託開発 ...,https://www.tk-s.co.jp/,https://www.tk-s.co.jp/contact.html,フォーム項目が見つからない
静岡,株式会社ゼクスターズ|ソフトウェア開発/システム構築/It ...,https://www.xecstars.co.jp/,https://www.xecstars.co.jp/contact/,フォーム項目が見つからない
浜松,浜松市でwebサイト開発なら | 田島if企画 | 静岡県浜松市を拠点 ...,https://tajima-ifp.jp/,https://tajima-ifp.jp/programmingconsultation/,フォーム項目が見つからない
沼津,専攻科 総合システム工学専攻 | 独立行政法人国立高等専門学校 ...,https://www.numazu-ct.ac.jp/department/a/,https://www.numazu-ct.ac.jp/inquiry/,フォーム項目が見つからない
富士,開発体制強化/効率化 |富士ソフト株式会社 - Fsi,https://www.fsi.co.jp/system_development/index.html,https://www.fsi.co.jp/contact/aboutus.html,フォーム項目が見つからない
富士,研究開発について | 富士電機,https://www.fujielectric.co.jp/about/technology/index.html,https://www.fujielectric.co.jp/contact/,フォーム項目が見つからない
富士,富士フイルムメディカルシステム開発センターの安田裕昭 ...,https://www.nishinippon.co.jp/image/832732/,https://c.nishinippon.co.jp/info/inquiry.php,フォーム項目が見つからない
富士,株式会社アイ・ネクスト|静岡県富士市のシステム開発会社,https://i-next.tech/,https://i-next.tech/contact-agree/,フォーム項目が見つからない
富士,富士エンジニアリング株式会社 確かな技術で騒音・振動・音響 ...,https://fujiengineering.co.jp/,https://fujiengineering.co.jp/soudan/inquiry.html,フォーム項目が見つからない
富士,株式会社システムインテグレータ、富士ソフトと共同で新会社 ...,https://corporate.sint.co.jp/notice/news/20250610,https://corporate.sint.co.jp/contact,フォーム項目が見つからない
磐田,株式会社システムフリージア | 株式会社システムフリージア,https://www.sys-freesia.co.jp/,https://www.sys-freesia.co.jp/contact/,フォーム項目が見つからない
磐田,停電時も照明の点灯維持へ 集合住宅向け防災システム開発 ...,https://news.at-s.com/article/1788944,https://shizushinsbs.co.jp/contact,フォーム項目が見つからない
磐田,【静岡/磐田市】物流・販売・コーポレート領域システムの ...,https://en-ambi.com/job/j-12926787/,https://support.en-ambi.com/hc/,フォーム項目が見つからない
磐田,森林の伐採、開発|磐田市公式ウェブサイト,https://www.city.iwata.shizuoka.jp/sangyou_business/kaihatsu/1002172.html,https://www.city.iwata.shizuoka.jp/kurashi_tetsuzuki/nayami_soudan/index.html,フォーム項目が見つからない
焼津,鈴与システムテクノロジー株式会社(Sst)|情報システム開発 ...,https://www.sst-web.com/,https://www.sst-web.com/contact/,フォーム項目が見つからない
焼津,省エネに特化した冷熱設備を企画・開発|八洋 ...,https://www.hachiyo.jp/,https://www.hachiyo.jp/74207/contact-information/,フォーム項目が見つからない
藤枝,雛形 システム共同開発契約書 - 藤枝知財法務事務所,https://keiyakusho-sakusei.jp/format/h_system.html,https://keiyakusho-sakusei.jp/ask.html,フォーム項目が見つからない
藤枝,東京・静岡のWeb制作・印刷広告は株式会社共立アイコム,https://www.kpnet.co.jp/,https://www.kpnet.co.jp/contact/,フォーム項目が見つからない
藤枝,研究組織|OKIの技術|OKI,https://www.oki.com/jp/technology/organization/,https://www.oki.com/jp/contact/,フォーム項目が見つからない
名古屋,名古屋のシステム開発|株式会社メイテツコム,https://www.meitetsucom.co.jp/,https://info.meitetsucom.co.jp/sp/inquiry/form/0001,フォーム項目が見つからない
名古屋,名古屋のシステム会社 | トランソニックソフトウェア,https://trans-it.net/,https://trans-it.net/services/it-consulting/,フォーム項目が見つからない
名古屋,ウインズソフト株式会社|名古屋|システム開発で課題解決支援,https://www.winsft.jp/,https://www.winsft.jp/#contact,フォーム項目が見つからない
名古屋,システム開発 名古屋:: 株式会社ジー・ソフト|名古屋で ...,https://gsoft.co.jp/,https://gsoft.co.jp/contact,フォーム項目が見つからない
名古屋,システム開発 名古屋|株式会社リンク,https://www.link-jc.com/,https://www.link-jc.com/#contact-top,フォーム項目が見つからない
名古屋,株式会社夏めく: 名古屋のシステム開発なら,https://natsumeku.co.jp/,https://forms.office.com/r/jSwH4fwKX6,フォーム項目が見つからない
名古屋,名古屋システム株式会社,https://www.nagoya-system.com/,https://www.nagoya-system.com/entry1.html,フォーム項目が見つからない
名古屋,株式会社ネオシステム | 愛知県名古屋市のソフトウェア開発会社,http://www.e-neo.co.jp/,https://www.e-neo.co.jp/contact.html,フォーム項目が見つからない
名古屋,株式会社インビリティー | 名古屋のアプリ開発・システム開発 ...,https://inbility.co.jp/service.html,https://inbility.co.jp/contact.html,フォーム項目が見つからない
名古屋,システム・アプリ開発、Itソリューションは名古屋のアドバンス ...,https://www.advancesoft.co.jp/,https://www.advancesoft.co.jp/contact/index.html,フォーム項目が見つからない
名古屋,名古屋のシステム開発会社を10選 | 特徴や得意領域についても ...,https://novelinc.jpn.org/magazine/nagoya-system-company/,https://n-v-l.co/service/techunit?utm_source=blog&utm_medium=banner&utm_campaign=article-inside-banner,フォーム項目が見つからない
豊田,培われてきた技術 | 豊田自動織機itソリューションズ(Tiis),https://www.tiis.global/history,https://www.tiis.global/contact,フォーム項目が見つからない
豊田,機械 - 研究開発 | 株式会社 豊田中央研究所,https://www.tytlabs.co.jp/technology/coretechnology/machine.html,https://www.tytlabs.co.jp/contact/toiawase.html,フォーム項目が見つからない
岡崎,株式会社TOAシステム,https://www.e-toasys.com/,https://www.e-toasys.com/contact/,フォーム項目が見つからない
岡崎,株式会社シャイン | 自分らしく輝き続けるカンパニー,https://syain-ss.com/,https://syain-ss.com/contact/,フォーム項目が見つからない
岡崎,Jr岡崎駅東口での複合施設開発について | お知らせ | 名古屋 ...,https://www.nsk-eki.com/info/detail/?cd=000050,https://www.nsk-eki.com/faq/,フォーム項目が見つからない
岡崎,株式会社KIT,https://www.kit-japan.co.jp/,https://www.kit-japan.co.jp/contact.html,フォーム項目が見つからない
岡崎,提供サービス|システム開発・IT支援|株式会社ダッド,https://www.dad.co.jp/service/system/,https://www.dad.co.jp/contact/,フォーム項目が見つからない
一宮,情報システムの開発、販売、企画、保守なら昭和 ...,https://www.showacs.co.jp/category_001.html,https://www.showacs.co.jp/category_005.html,フォーム項目が見つからない
一宮,株式会社タッグシステム - 愛知県一宮市にあるコンピュータ ...,http://www.tag-system.co.jp/,https://www.tag-system.co.jp/contact,フォーム項目が見つからない
一宮,愛知県一宮市のIT経営コンサルティング「株式会社サカイiT経営」,https://www.sakaiit.com/,https://www.sakaiit.com/2022/%e5%a4%a7%e5%9e%a3%e5%95%86%e5%b7%a5%e4%bc%9a%e8%ad%b0%e6%89%80%e3%81%ae%e3%83%af%e3%83%b3%e3%82%b9%e3%83%88%e3%83%83%e3%83%97%e7%b5%8c%e5%96%b6%e7%9b%b8%e8%ab%87%e4%bc%9a/,フォーム項目が見つからない
一宮,株式会社エム・アイ・ティ システム開発,https://mit-sys.co.jp/,https://mit-sys.co.jp/contact/index.html,フォーム項目が見つからない
一宮,株式会社ブイシステム,https://vsystem.co.jp/,https://vsystem.co.jp/contact.html,フォーム項目が見つからない
一宮,ブルーイノベーション、「Bepポート|防災システム」本格提供 ...,https://www.blue-i.co.jp/news/release/20250520.html,https://www.blue-i.co.jp/contact/,フォーム項目が見つからない
豊橋,株式会社ネットコム,https://www.aichi-biz.com/search/companies/23/,https://www.aichi-biz.com/search/companies/23/#CONTACT,フォーム項目が見つからない
豊橋,会社概要 | テクノシステム株式会社,https://www.technosystems.co.jp/company/profile/,https://www.technosystems.co.jp/contact/,フォーム項目が見つからない
豊橋,株式会社システムハウス,https://www.system-house.co.jp/,https://www.system-house.co.jp/contact.html,フォーム項目が見つからない
豊橋,IT導入サポートデスク/連携ベンダーのご紹介|豊橋商工会議所,https://www.toyohashi-cci.or.jp/itsupport/vd_17.php,https://www.toyohashi-cci.or.jp/info/contact.php,フォーム項目が見つからない
豊橋,会社概要 | 【Osc】業務効率化、Dx支援からホームページ制作 ...,https://www.osc-kk.co.jp/company/,https://www.osc-kk.co.jp/company/#,フォーム項目が見つからない
春日井,愛知県春日井市のシステムソリューションサービス - Gl ...,https://gl-s.co.jp/,https://gl-s.co.jp/case/,フォーム項目が見つからない
春日井,春日井のシステム開発・ホームページ制作はらいおん丸,https://raionmaru.jp/,https://raionmaru.jp/#,フォーム項目が見つからない
春日井,会社情報|学校支援システムの株式会社EDUCOM,https://www.educom.co.jp/company,https://www.educom.co.jp/contact,フォーム項目が見つからない
春日井,会社概要|六合システム電子工業,https://rdk.rokugo-g.co.jp/company/,https://rdk.rokugo-g.co.jp/contact,フォーム項目が見つからない
春日井,ソリトンと名古屋大学、自動運転を遠隔から簡易な操作で走行 ...,https://www.soliton.co.jp/news/2024/006246.html,https://www.soliton.co.jp/contact/,フォーム項目が見つからない
安城,BULiT | 会社概要,https://www.bulit.co.jp/company.html,https://www.bulit.co.jp/contact.html,フォーム項目が見つからない
安城,Worldsystem - 株式会社ワールドシステム,https://www.world-system.co.jp/,https://www.world-system.co.jp/consult/,フォーム項目が見つからない
西尾,"""日本でソフトウェア専門企業を""""当たり前""""に、そしてsiの形を ...""",https://innovationhub.cac.co.jp/n/ned3f0f2fb755,https://note.com/innovationhub/message,フォーム項目が見つからない
西尾,モビシステム|西尾レントオール,https://mobi-system.com/,https://mobi.nishiorent.com/user/regist_contact,フォーム項目が見つからない
西尾,東海空圧機器 株式会社,https://tokaikuuatsu.com/,https://tokaikuuatsu.com/contact/,フォーム項目が見つからない
西尾,西尾レントオール、Aiによるスケートボーダー検知システムを ...,https://evesul.jp/cspi2025-nishio-rentall/,https://s.evesul.jp/contact,フォーム項目が見つからない
西尾,西尾 禎治 - 研究者情報 | J-global 科学技術総合リンクセンター,https://jglobal.jst.go.jp/detail?JGLOBAL_ID=201901018741966974,https://jglobal.jst.go.jp/info/contact,フォーム項目が見つからない
西尾,課題に寄り添うシステム開発 サイボウズ広島オフィス 西尾陽平 ...,https://www.chugoku-np.co.jp/articles/-/414269,https://www.chugoku-np.co.jp/articles/-/146800,フォーム項目が見つからない
刈谷,刈谷スマートシティ,https://kariya-smartcity.jp/,https://kariya-smartcity.jp/inquiry,フォーム項目が見つからない
刈谷,【刈谷】システム開発(電動パワーステアリング)/自動車 ...,https://tennavi-job.com/systemengineer/jobdetail/02-971324/,https://scouting.mynavi.jp/help/,フォーム項目が見つからない
小牧,JR東海の成長を支える技術開発,https://company.jr-central.co.jp/company/technology/growth.html,https://jr-central.co.jp/info/,フォーム項目が見つからない
小牧,株式会社三峰システム開発 愛知県小牧市 | 全国82職種が登録 ...,https://web.suke-dachi.jp/cl/aichi-052887,https://suke-dachi.jp/contact?utm_source=viola&utm_medium=organic,フォーム項目が見つからない
津,株式会社エクサソリューションズ | Webサイト制作・システム開発,https://www.exa-sol.co.jp/,https://www.exa-sol.co.jp/#contact,フォーム項目が見つからない
津,会社案内 | 株式会社 百五デジタルソリューションズ,https://www.105ds.co.jp/aboutus/,https://www.105ds.co.jp/contact/,フォーム項目が見つからない
津,TECHNICAL MASTER はじめてのAzureモダンアプリ開発入門,https://www.books.or.jp/book-details/9784798074917,https://www.books.or.jp/contact,フォーム項目が見つからない
四日市,アマノシステム株式会社|ソフト開発・パッケージ,https://amano-system.co.jp/,https://amano-system.co.jp/contact.html,フォーム項目が見つからない
四日市,トップページ - 四日市市役所,https://www.city.yokkaichi.lg.jp/www/index.html,https://www.city.yokkaichi.lg.jp/www/contents/1756943889656/index.html,フォーム項目が見つからない
鈴鹿,板谷研究室ホームぺージ,https://www.suzuka-ct.ac.jp/info/lab/itaya/,https://www.suzuka-ct.ac.jp/info/lab/itaya/access.html,フォーム項目が見つからない
松阪,あいさシステム | 三重県南部(松阪、伊勢、鳥羽、志摩、明和 ...,https://aisa.jp/,https://aisa.jp/servicecontents/consult,フォーム項目が見つからない
松阪,独立系システム開発企業でのシステムエンジニア(要件定義 ...,https://www.kotora.jp/index.cfm?event=job.index&jid=1465283,https://mypage.kotora.jp/s/JobDetailsChatBot?jid=1465283,フォーム項目が見つからない
桑名,桑名市公式ホームページ,https://www.city.kuwana.lg.jp/index.html,https://www.city.kuwana.lg.jp/kurashi/madoguchi/index.html,フォーム項目が見つからない
桑名,会社概要|エボルテック株式会社|エンジニアリング/請負 ...,https://evoltech.co.jp/company/,https://evoltech.co.jp/contact/index.php,フォーム項目が見つからない
桑名,連結子会社の吸収合併のお知らせ | 情報技術開発株式会社 - tdi,https://www.tdi.co.jp/information/news/20240401,https://www.tdi.co.jp/inquiry/,フォーム項目が見つからない
大津,フィルム検査・シート検査・素材検査・ウェブ検査・欠陥検査 ...,https://www.frontier-s.co.jp/company/,https://www.frontier-s.co.jp/contact/index.cgi,フォーム項目が見つからない
大津,ホーム/大津市,https://www.city.otsu.lg.jp/,https://www.city.otsu.lg.jp/kurashi/s/index.html,フォーム項目が見つからない
大津,情報システム科|大津商業高等学校,http://www.daisho-h.shiga-ec.ed.jp/about-us/info-sys/,https://www.daisho-h.shiga-ec.ed.jp/contact,フォーム項目が見つからない
大津,環境開発推進事業部|滋賀県大津市の生ゴミ堆肥化処理 ...,https://nichieishiga.co.jp/security2/,https://nichieishiga.co.jp/security2/#form_link,フォーム項目が見つからない
草津,AIoT Inc. | 株式会社AIoT,https://www.ai-ot.com/,https://www.ai-ot.com/contact.html,フォーム項目が見つからない
草津,草津市が推進するスマートシティ化と将来像|Ict・環境・交通 ...,https://hikonefudousan.com/local-information/kusatsu-city/kusatsu-citys-smart-city-vision-and-future-plan/,https://hikonefudousan.com/contact/,フォーム項目が見つからない
長浜,» 酒造に特化したシステム開発でシェアNo.1にー 株式会社ハート ...,https://www.cgc-shiga.or.jp/use/%E9%85%92%E9%80%A0%E3%81%AB%E7%89%B9%E5%8C%96%E3%81%97%E3%81%9F%E3%82%B7%E3%82%B9%E3%83%86%E3%83%A0%E9%96%8B%E7%99%BA%E3%81%A7%E3%82%B7%E3%82%A7%E3%82%A2%EF%BD%8Eo-1%E3%81%AB%E3%83%BC%E3%80%80,https://www.cgc-shiga.or.jp/use/consultation,フォーム項目が見つからない
長浜,フォーサイトシステム株式会社,https://www.foresight.co.jp/,https://www.foresight.co.jp/contact/,フォーム項目が見つからない
長浜,株式会社滋賀設備システム | 地域のニーズに応え High Qualityを ...,https://shigasetu.co.jp/,https://shigasetu.co.jp/contact/,フォーム項目が見つからない
長浜,都市計画法に基づく開発許可制度 - 長浜市,https://www.city.nagahama.lg.jp/0000002316.html,https://www.city.nagahama.lg.jp/category/10-15-0-0-0-0-0-0-0-0.html,フォーム項目が見つからない
長浜,京都グレインシステム株式会社|農産物を飲料・食品 ...,https://www.kyoto-grain.co.jp/,https://www.kyoto-grain.co.jp/prototype.html,フォーム項目が見つからない
長浜,企業詳細|株式会社ナレッジ|Workしが 滋賀県企業情報サイト,https://www.workshiga.com/search/?act=detail&code=577,https://www.workshiga.com/shiga/?m=4,フォーム項目が見つからない
長浜,長浜から始まるit革新!地域課題を解決するプリムス ...,https://nagahama-koukaiki.com/premscreative/,https://nagahama-koukaiki.com/shitateyatoshokunin/,フォーム項目が見つからない
長浜,会社概要|株式会社スリーエイ・システム,https://aaa-system.co.jp/overview.php,https://aaa-system.co.jp/contact.php,フォーム項目が見つからない
長浜,エンジニアリングセンターTec Lab(テックラボ)長浜景観広告賞 ...,https://www.nikkeipanel.co.jp/news/2022/2022-01-27_tec-lab.html,https://www.nikkeipanel.co.jp/solution/step/index.html,フォーム項目が見つからない
彦根,ホーム/彦根市,https://www.city.hikone.lg.jp/,https://www.city.hikone.lg.jp/kurashi/sodan/index.html,フォーム項目が見つからない
彦根,Company | 会社案内 | 充放電試験装置・電池試作設備・安 ...,https://toyo-system.co.jp/company/,https://toyo-system.co.jp/products-toscat/#contact,フォーム項目が見つからない
彦根,会社概要 | アクアシステム株式会社,https://www.aqsys.co.jp/corporate/company,https://www.aqsys.co.jp/strengths/select-consul,フォーム項目が見つからない
彦根,TOP|株式会社ウェーブ - Making your Solution.,https://www.waveco.co.jp/,https://www.waveco.co.jp/contact.html,フォーム項目が見つからない
彦根,会社案内|株式会社SCREENシステムサービス,https://www.screen-sys.co.jp/company/,https://www.screen-sys.co.jp/contact.html,フォーム項目が見つからない
彦根,Jr高輪ゲートウェイ駅直結の複合再開発「Takanawa ...,https://www.fujitec.co.jp/announcement/17715,https://www.fujitec.co.jp/help,フォーム項目が見つからない
彦根,株式会社ソフト開発,https://softkaihatsu.co.jp/,https://softkaihatsu.co.jp/contact/,フォーム項目が見つからない
彦根,水管理の見える化によりサステナビリティ開発を加速 ~彦根 ...,https://www.screen.co.jp/spe/information/spe20231005,https://contact.screen.co.jp/form/pub/screen/spe,フォーム項目が見つからない
彦根,株式会社グローバル・システムズ,https://www.globalsystems.co.jp/,https://www.globalsystems.co.jp/contact.html,フォーム項目が見つからない
東近江,Top | 株式会社ラブリーシステムイン,https://lovelysysteminn.com/,https://lovelysysteminn.com/contact.html,フォーム項目が見つからない
東近江,Myシステム合同会社 | エムワイシステム合同会社は、業務用 ...,https://mysystem-soft.com/,https://mysystem-soft.com/contact,フォーム項目が見つからない
京都,株式会社AIVICK|アイヴィック|京都|システム開発|Web ...,https://www.aivick.co.jp/,https://www.aivick.co.jp/contact/index.html,フォーム項目が見つからない
京都,訴訟に関するお知らせ - 株式会社システムズ,https://www.systems-inc.co.jp/news/detail/data-1452/,https://www.systems-inc.co.jp/contact/,フォーム項目が見つからない
京都,府・市町村共同システムの整備/京都府ホームページ,https://www.pref.kyoto.jp/gyomusuishin/shichoson-kyodo.html,https://www.pref.kyoto.jp/soudan/index.html,フォーム項目が見つからない
宇治,「絶対落ちないシステムを作れ」という要件に、開発者たちは ...,https://www.publickey1.jp/blog/11/arrowhead.html,https://www.publickey1.jp/about-us.html,フォーム項目が見つからない
宇治,株式会社ティ・オー・エス-各種業務のシステム設計、開発 ...,http://www.tos-kk.co.jp/,https://www.tos-kk.co.jp/contact.html,フォーム項目が見つからない
宇治,システム工房ヤマックス,https://yamax.info/,https://yamax.info/#contact,フォーム項目が見つからない
亀岡,京都先端科学大学オープンイノベーションセンター亀岡 | J ...,https://j-innovation.meti.go.jp/universities/kuas,https://j-innovation.meti.go.jp/contact,フォーム項目が見つからない
城陽,会社概要 | 会社情報 | 星和テクノロジー株式会社|システム ...,https://www.seiwatec.co.jp/company/companyinfo/,https://www.seiwatec.co.jp/index.php/contact/,フォーム項目が見つからない
城陽,会社情報|株式会社エヌ・ケイ・システム,https://www.nksystem.net/company_info.html,https://www.nksystem.net/contact.html,フォーム項目が見つからない
向日,都市計画課 - 向日市公式ホームページ,https://www.city.muko.kyoto.jp/soshiki/25/,https://www.city.muko.kyoto.jp/life/1/4/,フォーム項目が見つからない
大阪,システム開発・ソフトウェア開発【株式会社アイ・エス・ディ】,https://isd-net.co.jp/,https://isd-net.co.jp/contact/,フォーム項目が見つからない
大阪,株式会社エス・シー・アイ |システム開発、ソフトウェア開発 ...,https://scij.co.jp/,https://scij.co.jp/#contact,フォーム項目が見つからない
大阪,株式会社トライク - システム開発 | 大阪,https://www.trik.co.jp/,https://www.trik.co.jp/contact,フォーム項目が見つからない
大阪,Esシステム株式会社 - システム開発・Itコンサルタント,https://es-sys.com/,https://es-sys.com/?page_id=1117,フォーム項目が見つからない
大阪,パートナー募集 - Dear System,https://www.dsic.jp/partner,https://www.dsic.jp/contact,フォーム項目が見つからない
大阪,株式会社エス・アイ・エス|システム開発 東京 大阪,https://www.sisj.com/,https://www.sisj.com/contact/,フォーム項目が見つからない
大阪,大京システム開発株式会社 - 基幹業務のシステム化、It技術 ...,https://u-dsk.co.jp/,https://u-dsk.co.jp/contact/,フォーム項目が見つからない
大阪,尼崎市、大阪 システム開発の株式会社シスマックス,http://www.sysmax.jp/,https://www.sysmax.jp/contact.html,フォーム項目が見つからない
大阪,会社概要 - アイシーシステム株式会社,https://www.icsystem.co.jp/company.html,https://www.icsystem.co.jp/contact.html,フォーム項目が見つからない
堺,大阪 堺市 ホームページ作成・AI(人工知能)開発・システム開発ソフトウェアー開発・ <br>大手モールコンサルティング・広告デザイン・チラシ ...,https://www.zaprizing.com/index.html,https://www.zaprizing.com/index.html#cont5,フォーム項目が見つからない
堺,企業概要 | サン・エム・システム株式会社,https://www.sun-m.co.jp/company/info.html,https://www.sun-m.co.jp/contact/,フォーム項目が見つからない
堺,グローバル技術研究所 | イノベーション | 株式会社クボタ,https://www.kubota.co.jp/innovation/location/git.html,https://www.kubota.co.jp/contact/index.html,フォーム項目が見つからない
東大阪,東大阪再開発株式会社(公式ホームページ),https://www.higashiosaka-saikaihatu.jp/,https://www.higashiosaka-saikaihatu.jp/pages/5/,フォーム項目が見つからない
東大阪,会社概要 - シグマシステム株式会社,https://www.sigma-system.co.jp/company-info/profile/,https://www.sigma-system.co.jp/contact/,フォーム項目が見つからない
東大阪,株式会社シグマシステム,https://sigsys.co.jp/,https://sigsys.co.jp/contact.html,フォーム項目が見つからない
吹田,エスシステム株式会社,https://s-system.biz/,https://s-system.biz/#sec6,フォーム項目が見つからない
吹田,株式会社アップロード | 大阪/東京を拠点にシステム開発 ...,https://upload-gp.co.jp/,https://upload-gp.co.jp/contact/,フォーム項目が見つからない
茨木,大規模jaシステム自社開発 - 住友電工情報システム株式会社,https://www.sei-info.co.jp/framework/cases/jaibaragi/,https://www.sei-info.co.jp/RakHPcm/rkcmServlet/rkhp0020?no=9150,フォーム項目が見つからない
茨木,システム開発|制御系ソフトウェア開発|Oa系スタッフサービス ...,https://cybtech.co.jp/,https://cybtech.co.jp/contact.html,フォーム項目が見つからない
茨木,公益財団法人茨城県開発公社,https://dc-ibaraki.or.jp/,https://dc-ibaraki.or.jp/contact/,フォーム項目が見つからない
茨木,【公式】株式会社エイゾス | 茨城県つくば市のaiシステム開発 ...,https://aizoth.com/,https://aizoth.com/contactus,フォーム項目が見つからない
八尾,研究開発体制|研究開発|東洋アルミニウム株式会社,https://www.toyal.co.jp/rd/system.html,https://www.toyal.co.jp/contact/,フォーム項目が見つからない
寝屋川,都市計画/寝屋川市,https://www.city.neyagawa.osaka.jp/kankyo/toshikeikaku/index.html,https://www.city.neyagawa.osaka.jp/cgi-bin/inquiry.php/88?page_no=9253,フォーム項目が見つからない
枚方,会社概要|杉岡システム株式会社|大阪府枚方市,https://www.sugiokasystem.co.jp/company/aboutus,https://www.sugiokasystem.co.jp/,フォーム項目が見つからない
枚方,会社案内|株式会社テイク・システムズ(公式ホームページ),https://take-systems.co.jp/pages/19/,https://take-systems.co.jp/pages/4/,フォーム項目が見つからない
枚方,塗装システム事業の技術開発拠点を集約・拡張 - 株式会社大気社,https://www.taikisha.co.jp/news/20190206_100.html,https://www.taikisha.co.jp/inquiry/,フォーム項目が見つからない
枚方,新たなまちづくりを支える立体駐車場「ステーションヒル枚方 ...,https://www.daiwalease.co.jp/casestudy/case_5523.html,https://www.daiwalease.co.jp/contact/F-1.html,フォーム項目が見つからない
枚方,土砂災害に対応するロボットシステム開発 11月27日、機材を ...,https://www.oit.ac.jp/news/news/pressrelease10715.html,https://www.oit.ac.jp/gakusei/counseling.html,フォーム項目が見つからない
枚方,えきから始まるまちづくり「枚方市駅周辺再開発」 | 京阪 ...,https://www.keihan.co.jp/corporate/business/hirakatashi/,https://www.keihan-holdings.co.jp/contact/,フォーム項目が見つからない
枚方,土砂災害に対応するロボットシステム開発 11月27日、機材を ...,https://japan.cnet.com/release/31126404/,https://aiasahi.jp/contact/inquiry.htm,フォーム項目が見つからない
池田,若手社員が本音で話してみた!〜システム開発を経験して ...,https://www.mki.co.jp/knowledge/culture/column162.html,https://www.mki.co.jp/contact/,フォーム項目が見つからない
池田,株式会社RELITEC,https://relitec.co.jp/,https://relitec.co.jp/#contact,フォーム項目が見つからない
池田,航空局交通管制部システム開発評価・危機管理センターの地図 ...,https://www.map-navi.com/government/agency/ga09619.html,https://docs.google.com/forms/d/e/1FAIpQLSfckoTF7PfLoynqD1tQG7VzocCWbkQHx5FIzOCce3YbsSWRUA/viewform,フォーム項目が見つからない
池田,会社概要 | 会社情報 | ABCシステム - Addo,https://www.abcs.addo.co.jp/company/overview,https://www.abcs.addo.co.jp/contact,フォーム項目が見つからない
池田,機器管理システム|株式会社池田理化,https://www.ikedarika.co.jp/pickup/original/simp-system.html,https://www.ikedarika.co.jp/catalog/list/,フォーム項目が見つからない
守口,Studio Habit - 大阪府守口市のシステム開発・アプリ開発・ホーム ...,https://studio-habit.com/,https://studio-habit.com/#contact,フォーム項目が見つからない
守口,沿革 | 東邦システム株式会社,https://www.tohosystem.com/company/history/,https://www.tohosystem.com/contact/,フォーム項目が見つからない
門真,AKKODiSコンサルティング (株)TT本部西日本事業部 営業1G,https://www.e-aidem.com/aps/02_AD1106766386_detail.htm,https://www.e-aidem.com/contents/info/contact.htm,フォーム項目が見つからない
門真,システム構築から計測機器開発など、ハードウェア開発から ...,https://scimolex.co.jp/,https://scimolex.co.jp/contactus.html,フォーム項目が見つからない
神戸,神戸ソフト株式会社 | 神戸のシステム・アプリ開発会社,https://kobesoft.co.jp/,https://kobesoft.co.jp/contact/,フォーム項目が見つからない
神戸,株式会社神戸デジタル・ラボ Kobe Digital Labo(KDL),https://www.kdl.co.jp/,https://www.kdl.co.jp/contact/,フォーム項目が見つからない
神戸,システムエンジニアリング|株式会社コベルコE&M,https://www.kobelco-em.jp/product/infosystem/engineering.html,https://www.kobelco-em.jp/contact/,フォーム項目が見つからない
神戸,神戸で中小規模のソフトウェア開発業者を探すなら株式会社 ...,https://parts-soft.com/,https://parts-soft.com/contact,フォーム項目が見つからない
神戸,株式会社ドーン | 地理情報システム (Gis),https://www.dawn-corp.co.jp/,https://www.dawn-corp.co.jp/contact/index-2/,フォーム項目が見つからない
神戸,エイエスビー/Asb、システム開発、ソフトウェア開発、施設予約 ...,http://www.asb.co.jp/,https://www.asb.co.jp/faq/faq.html,フォーム項目が見つからない
神戸,研究開発体制 | Kobelco 神戸製鋼,https://www.kobelco.co.jp/r-d/organization.html,https://www.kobelco.co.jp/inquiry/,フォーム項目が見つからない
神戸,会社情報|ITソリューション&サービスならコベルコシステム,https://www.kobelcosys.co.jp/company/,https://www.kobelcosys.co.jp/inquiry/,フォーム項目が見つからない
神戸,神戸システム技術株式会社 - マイグレーションなどitサービス ...,https://kst-sakuraeast.jp/,https://kst-sakuraeast.jp/inquiry.html,フォーム項目が見つからない
神戸,神戸 Webシステム開発 スマホアプリ開発 Web制作リブライク ...,https://www.livlike.jp/,https://www.livlike.jp/#Contact,フォーム項目が見つからない
姫路,会社概要 :: 株式会社キャットシステム - Cat System,https://www.catsystem.co.jp/about,https://www.catsystem.co.jp/contact,フォーム項目が見つからない
姫路,アプリ開発・WEB制作・AI活用 | Zept合同会社 | 姫路市、関西,https://www.zept7.com/,https://zept7.com/Information/2025/04/24/post-162/,フォーム項目が見つからない
姫路,会社概要 | 株式会社サブロク,https://saburoku-system.com/company/,https://saburoku-system.com/contact/,フォーム項目が見つからない
姫路,HAX株式会社 | Web × システム × 生成AI,https://www.ha-x.co/,https://www.ha-x.co/contact,フォーム項目が見つからない
西宮,システムスクエア株式会社,https://www.systemsquare.co.jp/,https://www.systemsquare.co.jp/contact-guest,フォーム項目が見つからない
西宮,有限会社プライムシステム - Ledビジョンメーカー、特殊照明 ...,https://prime-s.com/,https://prime-s.com/#contact,フォーム項目が見つからない
西宮,国立研究開発法人物質・材料研究機構 - Jst未来社会創造事業 ...,https://www.nims.go.jp/hmr/about/index.html,https://www.nims.go.jp/hmr/contact.html,フォーム項目が見つからない
尼崎,ToNEXT | 兵庫県尼崎のシステム開発会社,https://tonext.co.jp/,https://tonext.co.jp/#footer,フォーム項目が見つからない
尼崎,会社概要 - 環境システム株式会社 - In-situ.jp,https://www.in-situ.jp/company_02.html,https://www.in-situ.jp/contact_03.html,フォーム項目が見つからない
尼崎,ホーム - 株式会社プロシアテクノロジー,https://prosiatec.com/,https://prosiatec.com/#gywm,フォーム項目が見つからない
尼崎,事業・サービス|株式会社 菱友システムズ - Ryoyu,https://www.ryoyu.co.jp/service/,https://www.ryoyu.co.jp/contact/,フォーム項目が見つからない
明石,RiverSystem,http://www.riversystem.co.jp/,https://www.riversystem.co.jp/contact.html,フォーム項目が見つからない
明石,会社概要|会社案内|株式会社アビット,https://www.avit.jp/company/,https://www.avit.jp/inquiry/,フォーム項目が見つからない
明石,「自腹であってもやりたいか」SaaSビジネス立ち上げのプロが ...,https://www.cacidentity.co.jp/interview/build-board-akashi/,https://www.cacidentity.co.jp/contact,フォーム項目が見つからない
加古川,株式会社 ファインシステムでソフト開発・ホームページ作成 ...,https://fine-system.co.jp/,https://fine-system.co.jp/contact/,Navigation timeout of 30000 ms exceeded
加古川,アークのシステム開発 | 株式会社アーク,https://www.arc-cp.jp/system.html,https://www.arc-cp.jp/inquiry.html,フォーム項目が見つからない
加古川,株式会社神姫システム|Company,https://www.shinki-systems.co.jp/company.html,https://www.shinki-systems.co.jp/form.php,フォーム項目が見つからない
宝塚,株式会社d.o.sシステムサービス | 「人」の想いをつなぎ、より ...,https://www.dos-system.co.jp/,https://www.dos-system.co.jp/#CONTACT,フォーム項目が見つからない
宝塚,++ プラスプラスシステム ++ 宝塚で業務システム開発、ホーム ...,https://plus-sys.biz/,https://plus-sys.biz/aboutus/index.html,フォーム項目が見つからない
宝塚,私たちについて|システムギアビジョン,https://www.sgv.co.jp/company/about_us.html,https://www.sgv.co.jp/contact.html,フォーム項目が見つからない
宝塚,日本システム開発(株)宝塚テクニカルセンター - 情報システム部,https://navihyogo.com/0797-74-2204/,https://naviannounce.com/contact/,フォーム項目が見つからない
伊丹,Home :: 株式会社システムワークス,https://system-works.co.jp/,https://system-works.co.jp/contact,フォーム項目が見つからない
伊丹,都市計画・建築・開発 - いたみん「伊丹市」,https://itami-city.jp/public_info/?cid=91,https://itami-city.jp/shop/list?s=129,フォーム項目が見つからない
伊丹,本社へのアクセス | Wave Technology (WTI) | 半導体周辺回路 ...,https://www.wti.jp/contents/access.htm,https://www.wti.jp/contents/contact.htm,フォーム項目が見つからない
伊丹,Tgl -システムインテグレータ テイジイエル-,http://www.tgl.co.jp/,https://www.tgl.co.jp/emp/inquiry.php,フォーム項目が見つからない
川西,マルチモーダルAIを用いた - 国立情報学研究所 / National ...,https://ipsj.ixsq.nii.ac.jp/ej/index.php?action=pages_view_main&active_action=repository_action_common_download&item_id=238747&item_no=1&attribute_id=1&file_no=1&page_id=13&block_id=8,https://ipsj.ixsq.nii.ac.jp/maintenance,フォーム項目が見つからない
川西,山形市のソフトウエア開発会社が破産 負債は1億円以上に | Tbs ...,https://newsdig.tbs.co.jp/articles/-/1657336,https://www.tbs.co.jp/contact/,フォーム項目が見つからない
川西,都市計画・景観|川西市,https://www.city.kawanishi.hyogo.jp/business/toshikeikaku/index.html,https://www.city.kawanishi.hyogo.jp/kurashi/toiawase/index.html,フォーム項目が見つからない
三田,会社情報 - ネットロックシステム株式会社,https://www.nl-system.jp/company/,https://www.nl-system.jp/service/vmc/vmc-faq/,フォーム項目が見つからない
三田,会社概要|ユニバース情報システム株式会社,https://uisnet.co.jp/corporate/,https://uisnet.co.jp/contact,フォーム項目が見つからない
三田,組織概要 | 日本規格協会 JSA Group Webdesk,https://webdesk.jsa.or.jp/common/W10K0700/?post_type=jsahp&page_id=jsa_gaiyou,https://webdesk.jsa.or.jp/inquiry/W38M0010,フォーム項目が見つからない
三田,東都システム開発株式会社,https://www.tohtosystem.co.jp/access.html,https://www.tohtosystem.co.jp/inquiry.html,フォーム項目が見つからない
奈良,奈良県土木積算システム設計・開発・保守業務にかかる総合 ...,https://www.pref.nara.jp/69406.htm,https://www.pref.nara.jp/53164.htm,フォーム項目が見つからない
奈良,開発許可・宅造申請の窓口閲覧システムについて - 奈良市 ...,https://www.city.nara.lg.jp/soshiki/116/203669.html,https://www.city.nara.lg.jp/life/1/9/,フォーム項目が見つからない
奈良,奈良県土木積算システム設計・開発・保守業務|奈良県(奈良県 ...,https://www.bjamp.jp/bidding/detail/227539,https://tayori.com/form/7081c7ed9ccb1f472fcbb879ef9ce48ae5cb5f52,フォーム項目が見つからない
生駒,会社情報,https://mezsystem.com/aboutus.html,http://www.mezsystem.com/contact.html,フォーム項目が見つからない
生駒,生駒データサービスシステム、Webサービス「Idss-creis ...,https://www.re-port.net/article/news/0000005201/,https://www.fudosanryutsu.co.jp/contact/,フォーム項目が見つからない
和歌山,株式会社エムシーシー,https://www.mccweb.co.jp/,https://www.mccweb.co.jp/saport1.htm,フォーム項目が見つからない
和歌山,和歌山でのホームページ制作・システム開発はクオリアにお ...,https://qualia.ne.jp/,https://qualia.ne.jp/#contact,フォーム項目が見つからない
和歌山,システム開発・ネットワーク構築|株式会社ロジック,http://www.logic-japan.co.jp/,https://www.logic-japan.co.jp/mail_form.html,フォーム項目が見つからない
和歌山,Sai Inc. | System & Housing,https://sai-sk.co.jp/,http://sai-sk.co.jp/contact/,フォーム項目が見つからない
和歌山,会社概要 | 紀陽情報システム株式会社,https://www.k-js.co.jp/about/company/,https://www.k-js.co.jp/contact,フォーム項目が見つからない
和歌山,株式会社エス・ピー | System Partner,https://sp-co.jp/,https://sp-co.jp/contact.php,フォーム項目が見つからない
田辺,SeCure Protect|ネットワーク構築・サーバー構築の和歌山県IT ...,https://www.secure-protect.jp/,https://www.secure-protect.jp/contact,フォーム項目が見つからない
田辺,研究開発倫理 | マネジメント | 田辺三菱製薬株式会社,https://www.mt-pharma.co.jp/sustainability/management/ethics.html,https://www.tanabe-pharma.com/ja/contact.html,フォーム項目が見つからない
田辺,卵巣癌の早期発見を目的とした新たな診断システムの開発 ...,https://www.tokai.ac.jp/news/detail/post_312.html,https://www.tokai.ac.jp/contact/,フォーム項目が見つからない
田辺,固形製剤連続生産 - 三菱ケミカルエンジニアリング株式会社,https://www.mec-value.com/tech/process-equipment/continuous-production/,https://www.mec-value.com/contact/,フォーム項目が見つからない
田辺,検索詳細 |日本大学 研究者情報システム - Nihon University,https://researcher-web.nihon-u.ac.jp/search/detail?systemId=77380e8db2ee64c21c9dcfcc50abd036&lang=ja&st=researcher,https://www.nihon-u.ac.jp/inquiry/?cid=1,フォーム項目が見つからない
海南,証明・Gs1事業者コード | 海南商工会議所,https://www.kainan-cci.or.jp/?page_id=25,https://www.kainan-cci.or.jp/?page_id=7,フォーム項目が見つからない
海南,会社概要 | アイレス電子工業株式会社,https://www.ailes.co.jp/company/profile/,https://www.ailes.co.jp/inquiry/,フォーム項目が見つからない
鳥取,鳥取県湯梨浜町のホームページ制作・システム開発会社|合同 ...,https://jp-roady.net/,https://jp-roady.net/diary.html,フォーム項目が見つからない
鳥取,Contact | 合同会社ヴォール 鳥取のITシステム開発&ITサポート,https://wohl-yz.net/contact,https://wohl-yz.net/#contact,フォーム項目が見つからない
米子,株式会社エッグ(米子本社・システム開発部) - 株式会社カル ...,https://cultive.co.jp/archives/interview/interview16,https://cultive.co.jp/contact,フォーム項目が見つからない
米子,米子市末広町*大手it企業でのシステム開発 | 米子市末広町 ...,https://www.manpowerjobnet.com/search/detail_view/?dbjnworkno=1599551,https://www.manpowerjobnet.com/info/inquiry/,フォーム項目が見つからない
米子,米子市全域でフレイル予防アプリを展開 | Scala Group / 株式会社 ...,https://scalagrp.jp/news/2024/09-frailty/,https://scalagrp.jp/information/,フォーム項目が見つからない
米子,ホームページ制作・Web制作・Web集客のことならITS|鳥取県 ...,https://its-office.jp/,https://its-office.jp/#get-in-touch,フォーム項目が見つからない
米子,開発許可に関する事前協議はとっとり電子申請サービスが利用 ...,https://www.city.yonago.lg.jp/37053.htm,https://www.city.yonago.lg.jp/9972.htm,フォーム項目が見つからない
米子,エムケイ開発株式会社,https://mk10.net/,https://mk10.net/#contact,フォーム項目が見つからない
松江,株式会社八雲ソフトウェア,https://8clouds.co.jp/,https://8clouds.co.jp/contact/,フォーム項目が見つからない
松江,システム開発 | ティーエスケイ情報システム株式会社,https://www.tskis.jp/services/services_system-development/,https://www.tskis.jp/contact/,フォーム項目が見つからない
松江,株式会社システムデザイン・アクティ ~ ホームページ制作 ...,https://www.acty.ne.jp/,https://www.acty.ne.jp/feedback.html,フォーム項目が見つからない
松江,株式会社 西日本システムサービス 松江支店,https://www.kurashimanet.jp/job/detail/2001317,https://www.kurashimanet.jp/soudan,フォーム項目が見つからない
出雲,島根県出雲市でシステム開発・導入の相談なら三島笑会,https://www.m-shokai.jp/,https://www.m-shokai.jp/#contact,フォーム項目が見つからない
出雲,システムエンジニアが島根県出雲市で地域活性化に貢献する ...,https://mishima-shokai.jp/column/detail/20250222200946/,https://mishima-shokai.jp/contact/,フォーム項目が見つからない
出雲,Donatello システム開発会社 SESによるエンジニア(SE)就職支援,https://donatello.jp/,https://donatello.jp/inquiry/,フォーム項目が見つからない
浜田,ソフトウェア開発・保守 - 株式会社浜田コンピュータシステム,https://www.h-com.co.jp/contents/soft,https://www.h-com.co.jp/inquiry,フォーム項目が見つからない
浜田,Hsj 株式会社 濱田システム事務所 ~ 高い専門性と高度な ...,https://psycho-ouj.sakura.ne.jp/hsj_v2023/,https://psycho-ouj.sakura.ne.jp/hsj_v2023/tops/inquiry,フォーム項目が見つからない
浜田,システム開発部の定例会 « デジタルピア,https://www.digitalpia.co.jp/news/?p=309317,https://www.digitalpia.co.jp/inquiry/,フォーム項目が見つからない
浜田,CiNii 図書 - システム開発訴訟,https://ci.nii.ac.jp/ncid/BC15531257,https://support.nii.ac.jp/ja/cinii/contact,フォーム項目が見つからない
浜田,技術開発賞 | 日本音響学会,https://acoustics.jp/awards/tech-dev/,https://acoustics.jp/overview/access/,フォーム項目が見つからない
浜田,システム開発訴訟: 中古 | 森・浜田松本法律事務所 | 古本の通販 ...,https://www.netoff.co.jp/detail/0013531440,https://www.netoff.co.jp/guide/,フォーム項目が見つからない
岡山,NETCITYS株式会社 - Webシステム開発、SIer - 岡山,https://www.netcitys.co.jp/,https://www.netcitys.co.jp/common/otoiawase_approval.html,フォーム項目が見つからない
岡山,岡山のシステム開発会社 株式会社みうら - 少額予算でdx化のお ...,https://xn--p8j2f5az02xtxqupmq82a.jp/,https://xn--p8j2f5az02xtxqupmq82a.jp/contact/,フォーム項目が見つからない
岡山,株式会社システムズナカシマ | 岡山・東京・大阪のシステム開発,https://www.systems.nakashima.co.jp/,https://www.systems.nakashima.co.jp/inquiry/snc/inquiry.php,フォーム項目が見つからない
岡山,両備システムズ,https://www.ryobi.co.jp/,https://www.ryobi.co.jp/contact,フォーム項目が見つからない
岡山,ビジネスセンター岡山株式会社|デジタルで会社のやり方を ...,https://www.bco.co.jp/,https://www.bco.co.jp/service/service-aichat,フォーム項目が見つからない
倉敷,ピープルソフトウェア株式会社|People Software Corporation,https://pscsrv.co.jp/,https://pscsrv.co.jp/contact/,フォーム項目が見つからない
倉敷,Awsを活用したガバメントクラウドの移行と開発エピソードを ...,https://www.ines-solutions.com/case_study/development-episode,https://www.ines-solutions.com/contact_form_01.html,フォーム項目が見つからない
倉敷,株式会社tyシステム | It技術向上で世の中の問題を解決する,https://www.tysystem.net/,https://www.tysystem.net/contact,フォーム項目が見つからない
津山,情報政策課 | 津山市公式サイト,https://www.city.tsuyama.lg.jp/article?articleId=656f14d5b1a7c34c6e52c465,https://www.city.tsuyama.lg.jp/contactList,フォーム項目が見つからない
玉野,都市計画課 - 玉野市公式ウェブサイト - Tamano,https://www.city.tamano.lg.jp/soshiki/20/,https://www.city.tamano.lg.jp/soshiki/20/2036.html,フォーム項目が見つからない
玉野,国交省、岡山県でみちびきを活用したバスロケシステムの実証実験,https://qzss.go.jp/info/archive/mlit_171220.html,https://qzss.go.jp/overview/faq/pre_inquiry.html,フォーム項目が見つからない
広島,システムインテリジェンス株式会社,http://www.s-intelligence.co.jp/,https://www.s-intelligence.co.jp/contact.html,フォーム項目が見つからない
広島,システム開発専攻 | Joho広島情報専門学校,https://www.hi-joho.ac.jp/faculty/system-development/,https://www.hi-joho.ac.jp/experience-admission/consultation/,フォーム項目が見つからない
広島,第699回 スマート空調システム開発プロジェクト2023-2026 | 広島 ...,https://bsys.hiroshima-u.ac.jp/news/17729,https://bsys.hiroshima-u.ac.jp/news/infos,フォーム項目が見つからない
広島,株式会社ビジネスソフト社|広島県福山市のソフトウェア開発会社,https://www.bscnet.co.jp/,https://www.bscnet.co.jp/contact/,フォーム項目が見つからない
福山,株式会社アクトシステムズ,https://www.act-systems.co.jp/,https://www.act-systems.co.jp/contents/toiawase/,フォーム項目が見つからない
福山,公募型プロポーザルのお知らせ[福山市立福山中学校入学者選抜 ...,https://www.city.fukuyama.hiroshima.jp/site/kyoiku/369492.html,https://www.city.fukuyama.hiroshima.jp/site/kyoiku/39596.html,フォーム項目が見つからない
福山,株式会社コアシステムズ - 商品を生み出し、市場を創る。,https://www.coasystems.net/,https://www.coasystems.net/news/4426/,フォーム項目が見つからない
呉,会社概要 | Jmuシステムズ,https://jmusystems.co.jp/company/,https://jmusystems.co.jp/contact/,フォーム項目が見つからない
呉,Ocean Remote Sensing Center - Hiroshima University,https://ors-center.hiroshima-u.ac.jp/,https://ors-center.hiroshima-u.ac.jp/contact/,フォーム項目が見つからない
東広島,株式会社デスクワークラボ - 東広島のデジタル化をサポート,https://deskworklabo.jp/,https://deskworklabo.jp/itadvise/,フォーム項目が見つからない
東広島,入札・契約・事業者募集/東広島市ホームページ - Higashihiroshima,https://www.city.higashihiroshima.lg.jp/sangyo/nyusatsu/index.html,https://www.city.higashihiroshima.lg.jp/toiawase.html,フォーム項目が見つからない
東広島,株式会社コムコシステム,https://www.comcosystem.co.jp/,https://www.comcosystem.co.jp/contactmail/,フォーム項目が見つからない
東広島,会社案内 | 株式会社日本クライメイトシステムズ,https://www.jcsaircon.co.jp/company/,https://www.jcsaircon.co.jp/information/,フォーム項目が見つからない
東広島,広島大学 自然科学研究支援開発センター 機器共用・分析部門 ...,https://facility-mgmt.hiroshima-u.ac.jp/,https://facility-mgmt.hiroshima-u.ac.jp/contact.html,フォーム項目が見つからない
尾道,尾道市で業務にフィットするWEBシステム開発|HRACN,https://www.hracn.com/service/system-development/,https://www.hracn.com/service/corporate-wellness/,フォーム項目が見つからない
廿日市,次期廿日市市総合計画の計画名称、基本理念および将来像(案 ...,https://www.city.hatsukaichi.hiroshima.jp/soshiki/10/118267.html,https://www.city.hatsukaichi.hiroshima.jp/soshiki/12/18984.html,フォーム項目が見つからない
山口,事業者の紹介・山口システム開発株式会社 - 山口県ホームページ,https://www.pref.yamaguchi.lg.jp/soshiki/37/16342.html,https://www.pref.yamaguchi.lg.jp/soshiki/37/16342.html#sp_headline_5,フォーム項目が見つからない
山口,Nippon Computer System HOME PAGE -- 山口県下関市 ...,https://ncs-eng.co.jp/,https://ncs-eng.co.jp/publics/index/5/,フォーム項目が見つからない
下関,下関市の都市計画 - 下関市 - Shimonoseki,https://www.city.shimonoseki.lg.jp/soshiki/73/2613.html,https://www.city.shimonoseki.lg.jp/soshiki/73/2613.html#sp_headline_46,フォーム項目が見つからない
下関,会社概要 - シーモール(Seamall)のホームページ-下関商業 ...,https://www.seamall.jp/gaiyou/,https://www.seamall.jp/gaiyou/?page_id=363,フォーム項目が見つからない
下関,下関市のシステム開発のtranslate piyu in tagalog translation ...,https://mtke-job.jp/list/t[]=274&keyword=translate%20piyu%20in%20tagalog%20translation&c[]=2,https://mtke-job.jp/list/c[]=2&keyword=translate%20piyu%20in%20tagalog%20translation&t[]=241,フォーム項目が見つからない
宇部,株式会社 宇部情報システム-山口県周南市企業情報 ...,https://www.shunan-marketing.jp/CP/1/397/,https://www.shunan-marketing.jp/html/contact/,フォーム項目が見つからない
周南,周南システム産業株式会社,https://www.shunan.co.jp/,https://www.shunan.co.jp/module/mform.php,フォーム項目が見つからない
周南,周南システム産業のシステム建築について,https://www.warehouse-construction.net/system/company-s/shunansangyou.html,https://www.daiwalease.co.jp/contact/F-2.html,フォーム項目が見つからない
周南,山口県周南市のホームページ作成・Web制作なら|bloomin',https://bloo-min.com/,https://bloo-min.com/#contact,フォーム項目が見つからない
周南,TOP|徳山システム株式会社,https://www.tokusys.co.jp/,https://www.tokusys.co.jp/contact.html,フォーム項目が見つからない
周南,株式会社トクヤマ先進技術事業化センターにおける赤い羽根 ...,https://yanai-syakyo.or.jp/1549/,https://yanai-syakyo.or.jp/details/advice/,フォーム項目が見つからない
岩国,米軍の新型ミサイルシステム「タイフォン」に中国反発 相手 ...,https://news.tv-asahi.co.jp/news_international/articles/000453310.html,https://www.tv-asahi.co.jp/contact/,フォーム項目が見つからない
岩国,ごみ焼却炉92日間完全自動運転を実現 ~自動運転システムの ...,https://www.jfe-eng.co.jp/news/2023/20231120.html,https://www.jfe-eng.co.jp/form/toiawase.html,フォーム項目が見つからない
防府,山口県防府市のPOSシステムぎが,https://www.systemgiga.com/,https://www.systemgiga.com/p8_contact/index.html,フォーム項目が見つからない
防府,都市計画課 - 防府市公式ホームページ - Hofu,https://www.city.hofu.yamaguchi.jp/soshiki/30/,https://www.city.hofu.yamaguchi.jp/site/akiya/muryousoudan.html,フォーム項目が見つからない
防府,情報システム事業部|建築資材・エネルギー|株式会社 三友,https://san-yu.co.jp/divisions/info1.html,https://san-yu.co.jp/inquiry/index.html,フォーム項目が見つからない
徳島,会社案内 | グローバルシステムズ株式会社,https://www.gss-sys.co.jp/company/,https://www.gss-sys.co.jp/inquiry/,フォーム項目が見つからない
徳島,徳島のソフトウェア開発・システム構築有限会社ユー・テック,https://www.u-tech.co.jp/,https://www.u-tech.co.jp/contact/,フォーム項目が見つからない
徳島,システムエンジニア 日本システム開発株式会社 - 徳島県 ...,https://trial-syuurou.pref.tokushima.lg.jp/jobsearch05/,https://trial-syuurou.pref.tokushima.lg.jp/#contact,フォーム項目が見つからない
徳島,ソフトウェア設計および実験 | 徳島大学 理工学部 理工学科 ...,https://www.is.tokushima-u.ac.jp/wp/%E3%82%BD%E3%83%95%E3%83%88%E3%82%A6%E3%82%A7%E3%82%A2%E8%A8%AD%E8%A8%88%E3%81%8A%E3%82%88%E3%81%B3%E5%AE%9F%E9%A8%93/,https://www.is.tokushima-u.ac.jp/wp/%E3%82%BD%E3%83%95%E3%83%88%E3%82%A6%E3%82%A7%E3%82%A2%E8%A8%AD%E8%A8%88%E3%81%8A%E3%82%88%E3%81%B3%E5%AE%9F%E9%A8%93/#,フォーム項目が見つからない
徳島,徳島ソフトウェア開発|ビザンコマース株式会社,http://www.bizan.com/,https://www.bizan.com/asp/newsitem.asp?nw_id=277,フォーム項目が見つからない
阿南,阿南市,https://www.city.anan.tokushima.jp/,https://www.city.anan.tokushima.jp/docs/2010100400011/#otoiawase,フォーム項目が見つからない
阿南,事業所の詳細 | 認知症対応型共同生活介護事業所 阿南向日葵 ...,https://www.kaigokensaku.mhlw.go.jp/36/index.php?action_kouhyou_detail_022_kihon=true&JigyosyoCd=3670400229-00&ServiceCd=320,https://www.kaigokensaku.mhlw.go.jp/36/index.php?action_kouhyou_pref_contact_index=true&TargetCd=36,フォーム項目が見つからない
高松,香川県高松市のソフトウェア開発 株式会社 更紗ネオクリエイト,https://saranc.co.jp/,https://saranc.co.jp/#contact,フォーム項目が見つからない
高松,システム開発 - 株式会社サンコー,http://www.sancoh.co.jp/category/system,https://www.sancoh.co.jp/category/contact,フォーム項目が見つからない
高松,ヤマトシステム開発株式会社 | ワクサポかがわ,https://www.wskagawa.jp/index.php?prog=pub_kigyo&exec=detail&kigyo_key=19-0055,https://www.wskagawa.jp/index.php?prog=pub_choicereserve&exec=top,フォーム項目が見つからない
高松,ソフト開発事業部 | 事業内容 | 株式会社 穴吹カレッジサービス,https://anabuki-cs.jp/service/,https://anabuki-cs.jp/contact/,フォーム項目が見つからない
高松,ソフトウェア開発 | 製品・サービス - 株式会社コヤマシステム,https://www.kym-sys.co.jp/product/software.html,https://www.kym-sys.co.jp/contact/,Navigation timeout of 30000 ms exceeded
高松,会社概要 | 株式会社アポロシステム,https://www.apollosystem.co.jp/profile.html,https://www.apollosystem.co.jp/contact.html,フォーム項目が見つからない
丸亀,都市計画に関する手続きなどについて - ライフステージで探す ...,https://www.city.marugame.lg.jp/site/life-stage/3207.html,https://www.city.marugame.lg.jp/life/1/7/39/,フォーム項目が見つからない
丸亀,トリドールのdx ~これまでとこれから~ | 株主・投資家情報 ...,https://www.toridoll.com/ir/dx/about,https://www.toridoll.com/contact/,フォーム項目が見つからない
丸亀,Gis とデータ活用による丸亀製麺の海外店舗開発モデルの構築 ...,https://business-map.esrij.com/casestudy/5306/,https://business-map.esrij.com/page_contact/,フォーム項目が見つからない
丸亀,M&Pシステムサービス,https://mp-systemservice.tokyo/,https://mp-systemservice.tokyo/#sec06,フォーム項目が見つからない
三豊,MAiZM支援で高専生が起業 - ビジネス香川,https://www.bk-web.jp/post.php?id=2179,https://www.bk-web.jp/inquiry.php,フォーム項目が見つからない
三豊,Mitoyo - ホーム|三豊市,https://www.city.mitoyo.lg.jp/,https://www.city.mitoyo.lg.jp/kurashi/sodan/index.html,フォーム項目が見つからない
三豊,株式会社三豊ai開発|スピーダ スタートアップ情報リサーチ,https://initial.inc/companies/A-37241,https://initial.inc/contact,フォーム項目が見つからない
三豊,株式会社三豊AI開発 | InfoBase,https://www.infbs.net/corp/sanpou_ai_dev,https://forms.gle/ihxVoq7pLendNahp8,フォーム項目が見つからない
三豊,Aiで地域課題の解決をめざす、高専が地域と連携して学生起業を ...,https://edu.watch.impress.co.jp/docs/column/1567083.html,https://www.amazon.co.jp/dp/4065410770/ref=nosim?tag=impresswatch-42-22,フォーム項目が見つからない
松山,日本タタ・コンサルタンシー・サービシズ株式会社のシステム ...,https://www.city.matsuyama.ehime.jp/hodo/202508/TCS.html,https://www.city.matsuyama.ehime.jp/hodo/202508/furusatokaiki.html,フォーム項目が見つからない
松山,会社概要 | 株式会社パルソフトウェアサービス,https://www.palsoft.co.jp/about/index.html,https://www.palsoft.co.jp/contact/,フォーム項目が見つからない
今治,株式会社ネッツ|NeTS WEBSITE,http://www.nets-web.co.jp/index.html,https://www.nets-web.co.jp/toiawase/,フォーム項目が見つからない
今治,都市政策課 | 今治市,https://www.city.imabari.ehime.jp/tosisei/,https://www.city.imabari.ehime.jp/tosisei/kyoka/jizensoudan/,フォーム項目が見つからない
今治,有限会社アイシンシステム | ホームページ作成からシステム ...,https://www.aishinsys.co.jp/,https://www.aishinsys.co.jp/,フォーム項目が見つからない
新居浜,新居浜高専PICマイコン学習キットVer.3 完全ガイド - Gihyo Direct,https://direct.gihyo.jp/view/item/000000003021?category_page_id=programming,https://direct.gihyo.jp/view/item/000000003021?category_page_id=programming#makeshop-common-contact-url,フォーム項目が見つからない
新居浜,研究開発 | 事業紹介 | 住友金属鉱山株式会社,https://www.smm.co.jp/business/rd/,https://www.smm.co.jp/contact/,フォーム項目が見つからない
新居浜,都市計画課 - 愛媛県新居浜市ホームページ|四国屈指の臨海 ...,https://www.city.niihama.lg.jp/soshiki/tokei/,https://www.city.niihama.lg.jp/soshiki/,フォーム項目が見つからない
新居浜,システム会社でのシステム開発 愛媛県新居浜市/正社員/年間 ...,https://job.abi.co.jp/tenshoku/job/32336528,https://tenshoku.abi.co.jp/sodan/,フォーム項目が見つからない
新居浜,It・システム開発 | タウン情報のカテゴリー | 新居浜商工会議所,https://www.niicci.or.jp/towninformation/technology/,https://www.niicci.or.jp/consultation/,フォーム項目が見つからない
西条,西条市路線情報提供システム(市道の路線名等が確認できます ...,https://www.city.saijo.ehime.jp/soshiki/kensetsudoro/saijo-city-road-info.html,https://www.city.saijo.ehime.jp/life/1/5/,フォーム項目が見つからない
西条,国産バーク材原料「ブラックバークペレット」開発に成功 ...,https://www.kiyomoto.co.jp/news/press/post_24.html,https://www.kiyomoto.co.jp/inquiry/,フォーム項目が見つからない
高知,高知システム開発,https://www.aok-net.co.jp/,https://www.aok-net.co.jp/contact/,フォーム項目が見つからない
高知,高知システム開発・テキスト版,https://www.aok-net.com/,https://www.aok-net.com/madoguchi.htm,フォーム項目が見つからない
高知,高知システムズ|システム開発・ネットワーク・情報セキュリティ,https://www.ksco.co.jp/,https://www.ksco.co.jp/contact,フォーム項目が見つからない
高知,株式会社システム二十一 - 高知県 - システム開発,https://kochis21.co.jp/,https://kochis21.co.jp/#contact,フォーム項目が見つからない
高知,株式会社高知システム開発 | シカクの窓,https://www.naiiv.net/institution/institution-525/,https://www.naiiv.net/publicsupport/,フォーム項目が見つからない
南国,南国市公式ホームページ,https://www.city.nankoku.lg.jp/,https://www.city.nankoku.lg.jp/life/life_dtl.php?hdnKey=2520,フォーム項目が見つからない
四万十,パシフィックソフトウエア開発株式会社,https://pacificsoftware.co.jp/,https://pacificsoftware.co.jp/contacttop/,フォーム項目が見つからない
四万十,第2次四万十市環境基本計画について - 四万十市公式ホームページ,https://www.city.shimanto.lg.jp/site/plans/3423.html,https://www.city.shimanto.lg.jp/site/plans/3423.html#sp_headline_0,フォーム項目が見つからない
福岡,【公式】アーモン株式会社|福岡|システム開発|WEBサイト制作,https://armon.co.jp/,https://armon.co.jp/category/contact/,フォーム項目が見つからない
福岡,【福岡】It / システム開発・設計・コンサルティング 株式会社sat,https://www.sat.ne.jp/,https://www.sat.ne.jp/#contact,フォーム項目が見つからない
北九州,システムエース株式会社 | Itソリューション | 北九州市,https://www.system-ace.com/,https://www.system-ace.com/contact,フォーム項目が見つからない
北九州,Home | コンピュータシステム開発・ソフトウェア開発・ホーム ...,https://www.link-software.co.jp/,https://www.link-software.co.jp/contact/,フォーム項目が見つからない
北九州,株式会社ネクステージ | 福岡のソフトウェア開発会社,https://www.nexstage.co.jp/,https://www.nexstage.co.jp/contact/perl/input.cgi,フォーム項目が見つからない
北九州,ミシマ・オーエー・システム株式会社,https://www.mishimaoa.co.jp/,https://www.mishimaoa.co.jp/inquiry/,フォーム項目が見つからない
北九州,北九ソフト株式会社|制御ソフト開発、画像認識ソフト開発 ...,http://www.kitakyu-soft.co.jp/,https://www.kitakyu-soft.co.jp/index.html#sec2,フォーム項目が見つからない
北九州,企業情報 | 株式会社Youmeシステム,https://youmesys-co-jp.prm-ssl.jp/company.html,https://youmesys-co-jp.prm-ssl.jp/contact.html,フォーム項目が見つからない
久留米,株式会社テクノ・カルチャー・システム,https://www.techno-net.co.jp/,https://www.techno-net.co.jp/inquiry/,フォーム項目が見つからない
久留米,共栄環境開発株式会社(公式ホームページ),https://www.kyoei-ed.com/,https://www.kyoei-ed.com/pages/5/,フォーム項目が見つからない
久留米,久留米工業大学新着情報|学生が『Ai×工学』で地域貢献 ...,https://www.kurume-it.ac.jp/news/aipbl.html,https://www.kurume-it.ac.jp/nyushi/otoiawase.html,フォーム項目が見つからない
久留米,ミラ株式会社|自治体|契約管理システム|電子申請(入札 ...,https://mira-jp.com/,https://mira-jp.com/contact.html,フォーム項目が見つからない
飯塚,飯塚市/条件付き一般競争入札 - Iizuka,https://www.city.iizuka.lg.jp/j-somu/r5nyusatsukekka_ippankyousou.html,http://www.city.iizuka.lg.jp/kurashi/sodan/index.html,フォーム項目が見つからない
飯塚,株式会社永大開発コンサルタント,https://eidai-kaihatu.bsj.jp/,https://eidai-kaihatu.bsj.jp/#website-contact,フォーム項目が見つからない
飯塚,展示ブース - 公益財団法人飯塚研究開発機構ものづくり振興 ...,https://www.cird.or.jp/tenjibooth.html,https://www.cird.or.jp/sangaku.html,フォーム項目が見つからない
飯塚,一般財団法人ファジィシステム研究所,https://www.flsi.or.jp/access.html,https://www.flsi.or.jp/contact.html,フォーム項目が見つからない
飯塚,役員プロフィール - 歯科統合電子カルテシステムの開発・販売 ...,https://www.towa-hi-sys.co.jp/company/company-ir/executive,https://www.towa-hi-sys.co.jp/inquiry,フォーム項目が見つからない
飯塚,サブ課題e 防災デジタルツインの構築|スマート防災 ...,https://www.nied-sip3.bosai.go.jp/research/detail-e.html,https://www.nied-sip3.bosai.go.jp/contact/contact.html,フォーム項目が見つからない
大牟田,大牟田市電子入札システム ポータルサイト / 大牟田市,https://www.city.omuta.lg.jp/kiji00316419/index.html,https://www.city.omuta.lg.jp/list00052.html,フォーム項目が見つからない
大牟田,西鉄天神大牟田線において、AI警備システム「AI Security ...,https://jp.asilla.com/post/nishitesu-20250219,https://jp.asilla.com/contacts,フォーム項目が見つからない
大牟田,凸版印刷 福岡県大牟田市に新たなシステム開発拠点「Ict ...,https://p-prom.com/company/?p=58563,https://p-prom.com/company/?p=79403,フォーム項目が見つからない
春日,システム開発 千代田区|株式会社オルベック,https://orbeq.co.jp/,https://willap.jp/p/acc_3529/info/,フォーム項目が見つからない
春日,ソフトウエアビジョン株式会社トップページ|熊本のシステム ...,https://www.svckk.co.jp/,https://www.svckk.co.jp/contact/,フォーム項目が見つからない
佐賀,ホーム |Sdcソリューションズ株式会社,https://www.sdcns.co.jp/,https://www.sdcns.co.jp/contact.html,フォーム項目が見つからない
佐賀,有限会社アイティワン 佐賀県武雄市を拠点にホームページ製作 ...,https://itwan.gr.jp/,https://itwan.gr.jp/?page_id=96,フォーム項目が見つからない
佐賀,株式会社システムソフト | 佐賀県産業スマート化センター,https://www.saga-smart.jp/support/systemsoft/,https://www.saga-smart.jp/contact/,フォーム項目が見つからない
佐賀,Webシステム開発|株式会社プライム[佐賀県佐賀市],https://www.prime18.co.jp/main/35.html,https://www.prime18.co.jp/main/22.html,フォーム項目が見つからない
佐賀,【佐賀電算センター】中小物流企業向けシステム開発会社ガイド,https://www.logi-deve.com/list/sdcns.html,https://www.seasweb.com/,フォーム項目が見つからない
佐賀,システム開発拠点 - 佐賀新聞,https://www.saga-s.co.jp/subcategory/%E3%82%B7%E3%82%B9%E3%83%86%E3%83%A0%E9%96%8B%E7%99%BA%E6%8B%A0%E7%82%B9,https://www.saga-s.co.jp/list/info/post/toiawase,フォーム項目が見つからない
佐賀,株式会社ネットコムbb -Web制作/システム開発/ホスティング ...,https://www.netcombb.co.jp/,https://www.netcombb.co.jp/contact/,フォーム項目が見つからない
佐賀,福岡 佐賀【サンビット株式会社】クラウドと産業ロボット ...,https://www.sunbit.co.jp/,https://www.sunbit.co.jp/inquiry/,フォーム項目が見つからない
佐賀,佐賀県少年自然の家利用申請システム開発業務の委託に係る ...,https://www.pref.saga.lg.jp/kiji003112633/index.html,https://www.pref.saga.lg.jp/list04496.html,フォーム項目が見つからない
唐津,唐津市開発行為指導要綱 - 唐津市ホームページ(都市計画課),https://www.city.karatsu.lg.jp/page/4469.html,https://www.city.karatsu.lg.jp/page/4469.html#toc9,フォーム項目が見つからない
鳥栖,システムインテグレーションサービス - 株式会社トスコ,https://www.tosco.co.jp/solution/si.html,https://www.tosco.co.jp/contact/,フォーム項目が見つからない
鳥栖,情報システムサービス|業務紹介|鳥栖倉庫株式会社,https://www.tosusouko.co.jp/service/system.html,https://www.tosusouko.co.jp/tracking/,フォーム項目が見つからない
鳥栖,ミャンマーにソフトウエア開発の新会社「トスコ・ミャンマー ...,https://www.edge.toppan.com/news/2019/0926.html,https://www.edge.toppan.com/contact/privacy-solution.html,フォーム項目が見つからない
鳥栖,Toss - 株式会社エヌ・ジェイ・ハイ・テック,https://www.njh.co.jp/service/software/toss/,https://www.njh.co.jp/support/#section2,フォーム項目が見つからない
鳥栖,鳥栖センター | 株式会社 紀文フレッシュシステム,http://www.kibun-fs.com/map/tosu.html,https://www.kibun-fs.com/cont/index.html,フォーム項目が見つからない
鳥栖,Itsの保養所「トスラブ箱根 和奏林」に泊まってみた ...,https://sail-to.co.jp/blog/benefits/toslove-wasorin,https://sail-to.co.jp/contact,フォーム項目が見つからない
長崎,仕掛け人は高校生! 地元住民がキャラクターのゲームを開発 ...,https://www.nagasaki-np.co.jp/kijis/?kijiid=af31268562264b48967d9eeffd5073c4,https://www.nagasaki-np.co.jp/company/contact/,フォーム項目が見つからない
佐世保,長崎・佐世保地域に特化したシステム開発支援 - あなたの ...,https://minna-systems.studio.site/sasebo,https://minna-systems.studio.site/sasebo#contact,フォーム項目が見つからない
佐世保,「させぼ街ナビ」佐世保都市計画情報マップ(Web版),https://www.city.sasebo.lg.jp/tosiseibi/tosise/johomap.html,https://www.city.sasebo.lg.jp/kurashi/sodan/index.html,フォーム項目が見つからない
佐世保,企業・事業所の皆さまへ|サセボ環境開発|佐世保のゴミの ...,https://sasebo530.com/kigyoujigyousyo/,https://sasebo530.com/contact/,フォーム項目が見つからない
諫早,入札情報 - 諫早市,https://www.city.isahaya.nagasaki.jp/soshiki/11/1933.html,https://www.city.isahaya.nagasaki.jp/life/1/8/,フォーム項目が見つからない
大村,西九州環境開発有限会社|廃棄物リサイクル業者 - リサイクルハブ,https://recyclehub.jp/company/81012128,https://user.recyclehub.jp/,フォーム項目が見つからない
大村,Aiシステム開発学科(2年制) | 神戸電子専門学校,https://www.kobedenshi.ac.jp/course/it/ai-system.html,https://pardot.kobedenshi.ac.jp/l/406812/2018-09-25/hjn27z,フォーム項目が見つからない
大村,大村学園 グローバルビジネス科 - システム開発実績 ...,https://c-limber.co.jp/works/detail/11,https://c-limber.co.jp/contact/,フォーム項目が見つからない
大村,都市計画・都市再開発 大村 謙二郎 | 小澤英明法律事務所,https://oz-landlaw.jp/k_omura/,https://oz-landlaw.jp/k_omura/?page_id=209,フォーム項目が見つからない
大村,株式会社mairu tech / 株式会社 mairu mobility,https://www.mairutech.com/,https://www.mairutech.com/#contact,フォーム項目が見つからない
大村,ユビキタスシステム研究室 | 豊橋技術科学大学 情報・知能工学系,https://cs.tut.ac.jp/lab/%E3%83%A6%E3%83%93%E3%82%AD%E3%82%BF%E3%82%B9%E3%82%B7%E3%82%B9%E3%83%86%E3%83%A0%E7%A0%94%E7%A9%B6%E5%AE%A4/,https://cs.tut.ac.jp/contact,フォーム項目が見つからない
熊本,株式会社nexus | 熊本を中心としたソフトウェア・システム開発,https://nexus-si.jp/,https://nexus-si.jp/contact/,フォーム項目が見つからない
熊本,株式会社メディアプラン |熊本のシステム開発・It ...,https://media-plan.co.jp/,https://media-plan.co.jp/contact/index.html,フォーム項目が見つからない
熊本,朝日ソフトウェア株式会社 │ ソフトウェア開発、システム ...,http://www.asc-soft.co.jp/,https://www.asc-soft.co.jp/#mail,フォーム項目が見つからない
熊本,株式会社ドゥシステム、熊本市に事業所新設を決定 ! / 企業 ...,https://www.kumamoto-investment.jp/kiji003268/index.html,https://www.kumamoto-investment.jp/dynamic/entry/pub/default.aspx?c_id=14,フォーム項目が見つからない
熊本,ホームぺージ制作・Web制作なら株式会社アクセント / 熊本,https://www.accent-inc.jp/,https://www.accent-inc.jp/fudosan/,フォーム項目が見つからない
熊本,会社概要 - 株式会社システムニシツウ,https://www.s-nishitsu.co.jp/company/profile/,https://www.s-nishitsu.co.jp/contact/,フォーム項目が見つからない
八代,アグリシステム総合研究所 - 熊本県ホームページ,https://www.pref.kumamoto.jp/soshiki/75/50230.html,https://www.pref.kumamoto.jp/life/sub/8/,フォーム項目が見つからない
八代,事業開発ライセンシング - Msd,https://www.msd.co.jp/about/business-development/,https://www.msd.co.jp/contact/,フォーム項目が見つからない
天草,早稲田システム開発、「ポケット学芸員」が天草市立御所浦 ...,https://ict-enews.net/2024/05/28waseda-5/,https://ict-enews.net/2025/12/10benesse-16/,フォーム項目が見つからない
玉名,合同会社Lily | 玉名市のシステム会社,https://lily-and-company.com/,https://lily-and-company.com/#contact,フォーム項目が見つからない
大分,株式会社bbf/大分 | システム開発会社,https://www.bbf.co.jp/,https://www.bbf.co.jp/Contact.html,フォーム項目が見つからない