会社名,URL
人事労務総合研究所,http://www.jinji-r.jp/
郷労働法務事務所,http://www.sr-go.com/
今村経営労政管理事務所,http://www.itkrg-sapporo.com/
遠藤社会保険労務士事務所,http://endoroumu.com/
社会保険労務士　まつえだ経営人事労務コンサルティングオフィス,https://www.sr-matsueda.com/
リモートワークスコンサルティング社労士事務所,https://gigworks.biz/
熊谷社労士事務所,http://kmgsr.biz/
田中経営労務コンサルタント事務所,http://www.geocities.jp/tetsu28922tt/
木下社会保険労務士事務所,https://kinoshita-office.jp/
石神社会保険労務士事務所,https://ishigami-office.com/
社労士事務所 「いわたサポート・オフィス」,http://www.estyle.ne.jp/sr7810/
社会保険労務士　行政書士　戸谷事務所,http://www.sharousi.net/
社会保険労務士事務所ヒューマンリレーション,http://www.saiyou-sien.com/
社会保険労務士　南郊オフィス,http://www.nankoh-office.jp/
林労務経営サポート,http://hayasisupport.com/
つるき社会保険労務士事務所,https://sr-tsuruki.com/
社労士・行政書士はまぐち総合法務事務所,http://www.office-hamaguchi.com/
アンビシャス社会保険労務士事務所,https://www.sr-kamijo.com/
羽田事務所,https://www.haneda-sharoushi.com/
ＭＩＮＡＴＯ総合事務所,http://www/minato-office.co.jp
広田社会保険労務士事務所,https://www.hirota-sr.com/
ヒラタ労務事務所,http://www.sr-hirata.com/
社会保険労務士事務所ラコンテ　松井まゆら,http://raconter-jp.com/
辰己社会保険労務士事務所,https://www.office-tatsumi.jp/
岡村社会保険労務士事務所,http://www.kobe-busicolle.net/okamuraoffice/index.html
秋山社会保険労務士事務所,https://akiyamasr55.com/
うらの社会保険労務士事務所,https://urano-sr.com/
榮社会保険労務士事務所,http://www.eonet.ne.jp/~tatuno/index.html
NC労務KANSAI　社会保険労務士　行政書士　北沢大治郎事務所,https://sr-master.jp/
紅谷司法書士・社労士事務所,http://benishosi.com/
立花社会保険労務士事務所,https://www.tachibana-sr.jp/
山本社会保険労務士事務所,https://www.ysharoshi.jp/
大西経営事務所,http://of-onishi.com/
ワークパートナーゆう社労士事務所,http://www.workpart-you.jp/
めぐみ社会保険労務士事務所,https://meg-sr.com/
社会保険労務士ひろしか事務所,https://tslp.pro/
葛城総研コンサルティング,http://shimada-japan.com/
河地社会保険労務士事務所,http://www.sr-k.jp/
キタバ社会保険労務士事務所,http://ktb.staba.jp/
明日香社会保険労務士事務所,http://www.asuka-sr.jp/
田中社会保険労務士事務所,http://www.enjoy.ne.jp/~yatsute0859/
坂口社会保険労務士事務所,http://www.syougainenkin-saport.com/
石山社労士事務所,http://www.romu-kanri.com/
Ｒｅｉｗａ社会保険労務士事務所,https://sr1reiwa.wordpress.com/
ありき社会保険労務士事務所,http://www.office-ariki.com/
高西社会保険労務士事務所,http://www.takanishi-sr.com/
神田勉社会保険労務士・行政書士事務所,http://www.kandajimusyo.com/
エスマイル社会保険労務士事務所,https://esmailsr.com/
木本社会保険労務士事務所,http://kimotosr.jimdo.com/
コスモス社会保険労務士事務所,http://www10.ocn.ne.jp/~cosmos.m
住友社会保険労務士事務所,https://www.sumitomo-sr.com/
社会保険労務士大谷事務所,https://sr-ootani.jimdo.com/
社会保険労務士　道後労務事務所,http://ola-dogo.com/
行政書士・社会保険労務士坂石事務所,http://www.officesaka.jp/
アライズ労務サポート,http://www.arise-sr.jp/
うなき社会保険労務士事務所,http://wwwc.pikara.ne.jp/sr-unaki
南　社会保険労務士事務所,https://www.minahiro-sr.com/
井上社会保険労務士事務所,https://i-sr-office.wixsite.com/mysite
アイリレイト社会保険労務士事務所,http://www.irelate.jp/
社会保険労務士事務所カルテット,http://office-quartette.com/
安松社会保険労務士事務所,http://yasumatsu4864.jp/
オフィスなかの,http://www.fukunet.or.jp/member/srnakano/
きよなり社会保険労務士事務所,http://www.sr-kiyonari.com/
えがしら社会保険労務士事務所,https://sr-egashira.com/
うらつか社会保険労務士事務所,http://uratsuka-sr.jp/
よつば社会保険労務士事務所,http://luckyclover-428.com/
奥経営労務事務所,http://oku.plus-hp.com/
山田労務管理事務所,http://yamada-sr-office.com/
川本虎男社会保険労務士・行政書士所,http://www.kawamoto-sougoujimusho.jimdo.com/
竹内社会保険労務士事務所,http://troumu.sakura.ne.jp/
社会保険労務士法人ながさき宝町事務所,https://www.sayuri-sr-office.com/
川浪社会保険労務士事務所,http://www.e-sr.jp/
こが社労士パートナーズ,https://koga-office.jp/partners
古賀労務管理事務所,https://www.koga-office.jp/
若山社会保険労務士事務所,http://waka-sr-office.com/
狩野社会保険労務士事務所,http://www.karino-sr56.com/