会社名,imitsuURL,会社URL
"株式会社カモシカ","https://imitsu.jp/ct-hp-design/pr-iwate/ci-takizawa_shi/supplier/352108","https://kamo-shika.studio/"
"タウンツール株式会社","https://imitsu.jp/ct-hp-design/pr-shizuoka/ci-fujieda_shi/supplier/77756","http://town-tool.jp/"
"株式会社リテンション","https://imitsu.jp/ct-hp-design/pr-osaka/ci-kita/supplier/308342","https://re-tention.jp/"
"株式会社ゴンウェブイノベーションズ","https://imitsu.jp/ct-hp-design/pr-tokyo/ci-kita-ku/supplier/69626","https://www.gonweb.co.jp/"
"メディアマックスジャパン株式会社","https://imitsu.jp/ct-hp-design/pr-kyoto/ci-kyoto_shi_nakagyo_ku/supplier/65692","https://www.mmj.ne.jp/"
"株式会社LIGHT FOREST","https://imitsu.jp/ct-hp-design/pr-tokyo/ci-toshima-ku/supplier/94747","https://lightforest.me/"
"株式会社イマージュ","https://imitsu.jp/ct-hp-design/pr-tokyo/ci-shinjuku-ku/supplier/48824","https://www.img.co.jp/"
"ソフトウェーブ株式会社","https://imitsu.jp/ct-hp-design/pr-tokyo/ci-shibuya-ku/supplier/68922","https://www.soft-wave.jp/"
"エン・ジャパン株式会社","https://imitsu.jp/ct-hp-design/pr-tokyo/ci-shinjuku-ku/supplier/74925","https://corp.en-japan.com/"
"ノアズアーク","https://imitsu.jp/ct-hp-design/pr-ibaraki/ci-koga_shi/supplier/455049","https://noahsark-webdesign.com/"
"DataBee株式会社","https://imitsu.jp/ct-hp-design/pr-tokyo/ci-shinjuku-ku/supplier/7418","https://www.databee.jp/"
"株式会社イデア・レコード","https://imitsu.jp/ct-hp-design/pr-tokyo/ci-shinjuku-ku/supplier/78236","https://idearecord.co.jp/"
"イートラスト株式会社","https://imitsu.jp/ct-hp-design/pr-tokyo/ci-chuo-ku/supplier/1844","https://e-trust.ne.jp/"
"ガレーラ株式会社","https://imitsu.jp/ct-hp-design/pr-yamaguchi/ci-yamaguchi_shi/supplier/74013","https://galera.co.jp/"
"Duo Partner Design 合同会社","https://imitsu.jp/ct-hp-design/pr-tokyo/ci-koganei_shi/supplier/464387","https://dpd.co.jp/"
"株式会社イーシティ埼玉","https://imitsu.jp/ct-hp-design/pr-saitama/ci-saitama_shi_urawa_ku/supplier/85895","http://www.ecity.co.jp/"
"C&Pストラテジーコンサルティング株式会社","https://imitsu.jp/ct-hp-design/pr-yamanashi/ci-kofu-city/supplier/88296","https://cp-strategy.jp/"
"有限会社BCOOL","https://imitsu.jp/ct-hp-design/pr-gumma/ci-maebashi-city/supplier/85193","https://2bcool.net/"
"株式会社インターパーク","https://imitsu.jp/ct-hp-design/pr-hokkaido/ci-sapporo_shi_chuuou_ku/supplier/4711","https://www.interpark.co.jp/"
"Someiyoshino","https://imitsu.jp/ct-hp-design/pr-tokyo/ci-nakano-ku/supplier/5158","https://someiyoshino.biz/"
"株式会社リファイド","https://imitsu.jp/ct-hp-design/pr-tokyo/ci-shinjuku-ku/supplier/90109","https://llp.leaf-hide.jp/"
"株式会社アクセス・リンク","https://imitsu.jp/ct-hp-design/pr-tochigi/ci-shimotsuke_shi/supplier/464197","https://access-link.co.jp/"
"株式会社ラスホート","https://imitsu.jp/ct-hp-design/pr-tokyo/ci-taito-ku/supplier/4452","https://ecsaitoseisaku.com/"
"株式会社オルタ","https://imitsu.jp/ct-hp-design/pr-kagawa/ci-kanonji_shi/supplier/74975","https://aulta.co.jp/"
"株式会社インフォキュービック・ジャパン","https://imitsu.jp/ct-hp-design/pr-tokyo/ci-shinjuku-ku/supplier/50393","https://www.infocubic.co.jp/"
"アドアチーブ株式会社","https://imitsu.jp/ct-hp-design/pr-osaka/ci-osaka-city/supplier/14461","https://www.a-ac.jp/"
"合同会社We've web","https://imitsu.jp/ct-hp-design/pr-aichi/ci-nagoya_shi_higashi_ku/supplier/463446","https://weveweb.com"
"アドデザイン株式会社","https://imitsu.jp/ct-hp-design/pr-tokyo/ci-chuo-ku/supplier/13819","https://adddesign.co.jp/"
"株式会社栃木プロジェクトプロ","https://imitsu.jp/ct-hp-design/pr-tochigi/ci-nasushiobara_shi/supplier/93148","https://tochipro.com/"
"株式会社エムハンド","https://imitsu.jp/ct-hp-design/pr-tokyo/ci-shinagawa-ku/supplier/16189","https://www.m-hand.co.jp/"
"株式会社観光丸","https://imitsu.jp/ct-hp-design/pr-saitama/ci-koshigaya-city/supplier/75345","https://kankomaru.com/"
"GH株式会社","https://imitsu.jp/ct-hp-design/pr-tokyo/ci-toshima-ku/supplier/262874","https://ghjapan.jp"
"リードナイン株式会社","https://imitsu.jp/ct-hp-design/pr-osaka/ci-kita/supplier/457708","https://leadnine.co.jp/"
"株式会社アド・テック","https://imitsu.jp/ct-hp-design/pr-kumamoto/ci-kumamoto_shi_kita_ku/supplier/180656","https://www.ad-tec.jp/"
"meyco株式会社","https://imitsu.jp/ct-hp-design/pr-tokyo/ci-minato-ku/supplier/155258","https://www.meyco.co.jp/"
"株式会社バリューシード","https://imitsu.jp/ct-hp-design/pr-tokyo/ci-adachi-ku/supplier/75990","http://valueseed.net/"
"株式会社プラセム","https://imitsu.jp/ct-hp-design/pr-fukuoka/ci-hakata/supplier/94217","https://plusem.co.jp/"
"株式会社COASTER","https://imitsu.jp/ct-hp-design/pr-tokyo/ci-setagaya-ku/supplier/352128","https://www.coaster.co.jp/"
"株式会社アナザーパス","https://imitsu.jp/ct-hp-design/pr-tokyo/ci-toshima-ku/supplier/385832","https://anotherpath.co.jp/"
"リスペクト株式会社","https://imitsu.jp/ct-hp-design/pr-tokyo/ci-nerima-ku/supplier/244807","https://respect-k.co.jp/"
"株式会社ホップス","https://imitsu.jp/ct-hp-design/pr-iwate/ci-morioka-city/supplier/16149","http://www.hops.co.jp/"
"株式会社キャリアマート","https://imitsu.jp/ct-hp-design/pr-tokyo/ci-shinjuku-ku/supplier/180389","https://www.careermart.co.jp/"
"シーエフポート株式会社","https://imitsu.jp/ct-hp-design/pr-tokyo/ci-shinagawa-ku/supplier/4329","http://www.creativefield.jp/"
"株式会社ウェブリッジ","https://imitsu.jp/ct-hp-design/pr-tokyo/ci-bunkyo-ku/supplier/58063","https://www.w-bridge.co.jp/"
"株式会社バーチャルアーツ","https://imitsu.jp/ct-hp-design/pr-osaka/ci-chuo/supplier/94743","https://virtual-arts.co.jp/"
"株式会社WEBマーケティング総合研究所","https://imitsu.jp/ct-hp-design/pr-tokyo/ci-shinjuku-ku/supplier/17243","https://www.webmarketing.co.jp/"
"Calico","https://imitsu.jp/ct-hp-design/pr-fukuoka/ci-hakata/supplier/355921","https://calico-web.com/"
"ジェイ・ライン株式会社","https://imitsu.jp/ct-hp-design/pr-osaka/ci-oosaka_shi_nishi_ku/supplier/1914","https://www.j-line.co.jp/"
"makidai合同会社","https://imitsu.jp/ct-hp-design/pr-shizuoka/ci-shizuoka_shi_shimizu_ku/supplier/464165","https://makidai.world/"
"マーケティングプラス株式会社","https://imitsu.jp/ct-hp-design/pr-tokyo/ci-shibuya-ku/supplier/53105","http://www.marketingplus.jp/"
"株式会社一光社プロ","https://imitsu.jp/ct-hp-design/pr-aichi/ci-nagoya_shi_nishi_ku/supplier/65097","http://www.ikkopro.co.jp/"
"有限会社 プロジェクト・アルファ　WebUp事業部","https://imitsu.jp/ct-hp-design/pr-osaka/ci-higashiosaka/supplier/14305","http://www.1alpha.jp/"
"ツービッツ","https://imitsu.jp/ct-hp-design/pr-yamanashi/ci-fuefuki_shi/supplier/60437","https://twobits.jp/"
"株式会社エクスクルーズ","https://imitsu.jp/ct-hp-design/pr-tokyo/ci-shibuya-ku/supplier/83162","http://xcluz.co.jp/"
"株式会社インスパイア","https://imitsu.jp/ct-hp-design/pr-tokyo/ci-toshima-ku/supplier/460612","https://insp-lp.net/"
"株式会社アドグラフィー","https://imitsu.jp/ct-hp-design/pr-oita/ci-oita-city/supplier/92234","https://www.adgraphy.jp/"
"株式会社プラルト","https://imitsu.jp/ct-hp-design/pr-nagano/ci-matsumoto-city/supplier/15994","https://www.prart.co.jp/"
"株式会社アリウープ","https://imitsu.jp/ct-hp-design/pr-tokyo/ci-chiyoda-ku/supplier/39456","https://www.alleyoop.co.jp/"
"デジタルアスリート株式会社","https://imitsu.jp/ct-hp-design/pr-tokyo/ci-shinjuku-ku/supplier/78124","https://ppc-master.jp/"
"有限会社エイ・シー・アイ","https://imitsu.jp/ct-hp-design/pr-chiba/ci-choshi_shi/supplier/464097","https://aci-t.com/"
"株式会社シスコム","https://imitsu.jp/ct-hp-design/pr-tokyo/ci-chuo-ku/supplier/4912","https://www.gohp.jp/"
"株式会社オールマネージ","https://imitsu.jp/ct-hp-design/pr-osaka/ci-osaka-city/supplier/7867","https://www.e-webseisaku.com/"
"株式会社ZEROTOP","https://imitsu.jp/ct-hp-design/pr-tokyo/ci-chiyoda-ku/supplier/7085","https://0top.jp/"
"株式会社basezero","https://imitsu.jp/ct-hp-design/pr-osaka/ci-kita/supplier/231327","https://basezero.co.jp/"
"OG3合同会社","https://imitsu.jp/ct-hp-design/pr-tokyo/ci-setagaya-ku/supplier/357239","https://og3.co.jp/"
"株式会社トリックスター","https://imitsu.jp/ct-hp-design/pr-osaka/ci-chuo/supplier/8860","https://web-trickster.com/"
"kimari interactive","https://imitsu.jp/ct-hp-design/pr-tokyo/ci-shibuya-ku/supplier/75075","http://kimari.net/"
"adomiya","https://imitsu.jp/ct-hp-design/pr-miyazaki/ci-miyazaki-city/supplier/11666","https://www.admiya.com/"
"株式会社レディナイト","https://imitsu.jp/ct-hp-design/pr-kanagawa/ci-yokohama_shi_nishi_ku/supplier/463885","https://rednight22y.com/"
"ネットマーケットジャパンコーポレーション株式会社","https://imitsu.jp/ct-hp-design/pr-hiroshima/ci-hatsukaichi_shi/supplier/90828","https://nmj-corp.jp/"
"株式会社トゥーリエ","https://imitsu.jp/ct-hp-design/pr-tokyo/ci-suginami-ku/supplier/66179","http://www.toorie.co.jp/"
"株式会社インファクト","https://imitsu.jp/ct-hp-design/pr-tokyo/ci-taito-ku/supplier/76126","https://www.infact1.co.jp/"
"株式会社トミーズコーポレーション","https://imitsu.jp/ct-hp-design/pr-osaka/ci-izumiotsu/supplier/2415","https://www.tmys.co.jp/"
"株式会社シフト","https://imitsu.jp/ct-hp-design/pr-kochi/ci-kochi_shi/supplier/74139","https://shift-to.co.jp/"
"株式会社アバウト","https://imitsu.jp/ct-hp-design/pr-osaka/ci-osaka-city/supplier/49374","https://www.ab-out.co.jp/company/"
"株式会社Lei Hau'oli","https://imitsu.jp/ct-hp-design/pr-tokyo/ci-shibuya-ku/supplier/87594","https://www.leihauoli.com/"
"株式会社ゼロセット","https://imitsu.jp/ct-hp-design/pr-tokyo/ci-toshima-ku/supplier/92219","https://zeroset.co.jp/"
"株式会社ネクストページ","https://imitsu.jp/ct-hp-design/pr-hyogo/ci-kobe-city/supplier/14360","https://nxpg.net/"
"有限会社ひょうたん","https://imitsu.jp/ct-hp-design/pr-kagoshima/ci-kagoshima-city/supplier/463807","https://hyoutan.net/"
"株式会社たきコーポレーション","https://imitsu.jp/ct-hp-design/pr-tokyo/ci-chuo-ku/supplier/64971","https://www.taki.co.jp/"
"ジャパンコンサルティング株式会社","https://imitsu.jp/ct-hp-design/pr-tokyo/ci-shibuya-ku/supplier/58553","https://www.j-consulting.co.jp"
"株式会社ル・プロジェ","https://imitsu.jp/ct-hp-design/pr-fukushima/ci-koriyama-city/supplier/57870","https://www.leprojet.co.jp/"
"株式会社フリーメソッド","https://imitsu.jp/ct-hp-design/pr-fukuoka/ci-fukuoka-city/supplier/123963","https://freemethod.co.jp/"
"株式会社Curious","https://imitsu.jp/ct-hp-design/pr-tokyo/ci-meguro-ku/supplier/179646","https://curious-inc.jp/"
"株式会社WAZAWAZA","https://imitsu.jp/ct-hp-design/pr-tokyo/ci-minato-ku/supplier/162761","http://wazawaza.work/"
"株式会社スキル・バンク","https://imitsu.jp/ct-hp-design/pr-ibaraki/ci-kashima_shi/supplier/264328","https://skillbank.co.jp/"
"株式会社フォースタンダード","https://imitsu.jp/ct-hp-design/pr-tokyo/ci-shibuya-ku/supplier/9201","http://www.forstandard.jp/"
"株式会社イロコト","https://imitsu.jp/ct-hp-design/pr-tokyo/ci-nakano-ku/supplier/77466","https://irokoto.co.jp/"
"株式会社電通アイ・アンド・シー・パートナーズ","https://imitsu.jp/ct-hp-design/pr-miyagi/ci-sendai_shi_aoba_ku/supplier/7053","https://www.iandc.jp/"
"株式会社ポーション","https://imitsu.jp/ct-hp-design/pr-miyazaki/ci-nichinan_shi/supplier/464285","https://potion-inc.jp/"
"株式会社マーケティング・エッセンシャルズ","https://imitsu.jp/ct-hp-design/pr-aichi/ci-nagoya-city/supplier/177134","https://www.marketing-essentials.jp/"
"株式会社NOBU","https://imitsu.jp/ct-hp-design/pr-tokyo/ci-chuo-ku/supplier/187398","https://nobu-n.co.jp/"
"株式会社オプト","https://imitsu.jp/ct-hp-design/pr-tokyo/ci-chiyoda-ku/supplier/36946","https://www.opt.ne.jp/"
"株式会社HeartLanguage","https://imitsu.jp/ct-hp-design/pr-ishikawa/ci-kahoku_gun_uchinada_machi/supplier/77417","https://heart-language.jp/"
"株式会社ピクシー","https://imitsu.jp/ct-hp-design/pr-tokyo/ci-shibuya-ku/supplier/180433","https://pi-xy.jp"
"株式会社 CIN GROUP","https://imitsu.jp/ct-hp-design/pr-tokyo/ci-shinagawa-ku/supplier/9694","https://cin-group.com/"
"合同会社メディアハック","https://imitsu.jp/ct-hp-design/pr-tokyo/ci-hachioji-city/supplier/463884","https://media-hack.co.jp/"
"株式会社クリエイター","https://imitsu.jp/ct-hp-design/pr-osaka/ci-yao/supplier/362784","https://creator.jp.net/"
"株式会社　ミリオンドリーム","https://imitsu.jp/ct-hp-design/pr-tokyo/ci-chiyoda-ku/supplier/182131","https://www.million-dream.co.jp/"
"速水印刷株式会社","https://imitsu.jp/ct-hp-design/pr-osaka/ci-kita/supplier/211502","http://www.hayami-p.co.jp/"
"株式会社グローイングスタイル","https://imitsu.jp/ct-hp-design/pr-saitama/ci-ageo_shi/supplier/9166","https://webmarketing.shine-pro.jp/"
"株式会社グラスフィール","https://imitsu.jp/ct-hp-design/pr-tokyo/ci-shinjuku-ku/supplier/8011","http://grassfeel.jp/"
"株式会社アイコネクト","https://imitsu.jp/ct-hp-design/pr-tokyo/ci-meguro-ku/supplier/464511","https://www.iconnect-ptr.co.jp/"
"株式会社TOP ONE","https://imitsu.jp/ct-hp-design/pr-tokyo/ci-kunitachi_shi/supplier/75711","https://topone-web.com/"
"株式会社フィアクレー","https://imitsu.jp/ct-hp-design/pr-miyagi/ci-sendai_shi_aoba_ku/supplier/46696","https://vierklee.co.jp/"
"ロジカルウェブ株式会社","https://imitsu.jp/ct-hp-design/pr-okayama/ci-okayama_shi_kita_ku/supplier/52859","http://www.logical-web.com/"
"ハリマニックス株式会社","https://imitsu.jp/ct-hp-design/pr-hyogo/ci-takasago_shi/supplier/1965","https://www.harimanics.co.jp/"
"有限会社スズキデザインワークス","https://imitsu.jp/ct-hp-design/pr-kanagawa/ci-yokohama-city/supplier/52088","http://s-designworks.com/"
"株式会社アドウィル","https://imitsu.jp/ct-hp-design/pr-shizuoka/ci-hamamatsu-city/supplier/7278","https://www.adwill.co.jp/"
"株式会社トゥブルーム","https://imitsu.jp/ct-hp-design/pr-fukuoka/ci-mimami/supplier/83814","http://two-bloom.com/"
"株式会社セビアス","https://imitsu.jp/ct-hp-design/pr-akita/ci-akita-city/supplier/39341","http://sabaoth.net/"
"株式会社i-on","https://imitsu.jp/ct-hp-design/pr-chiba/ci-chiba_shi_inage_ku/supplier/65101","https://i-ongroup.com/"
"株式会社デライト","https://imitsu.jp/ct-hp-design/pr-tokyo/ci-setagaya-ku/supplier/64895","https://www.delight.ne.jp/"
"株式会社インソースマーケティングデザイン","https://imitsu.jp/ct-hp-design/pr-tochigi/ci-utsunomiya-city/supplier/3733","https://insource-mkd.co.jp/"
"株式会社ポルスジャパン","https://imitsu.jp/ct-hp-design/pr-tokyo/ci-shibuya-ku/supplier/44869","https://www.pols.co.jp"
"テラ合同会社","https://imitsu.jp/ct-hp-design/pr-tokyo/ci-chuo-ku/supplier/162825","https://design-tera.com/"
"株式会社クリエイティブネットドア","https://imitsu.jp/ct-hp-design/pr-hokkaido/ci-sapporo_shi_chuuou_ku/supplier/52362","https://www.cn-door.com/"
"株式会社ナックウェブ","https://imitsu.jp/ct-hp-design/pr-shiga/ci-hikone_shi/supplier/8880","https://www.nakweb.com/"
"株式会社ドットコム・マーケティング","https://imitsu.jp/ct-hp-design/pr-niigata/ci-niigata_shi_chuo_ku/supplier/8808","https://www.com-m.com/"
"有限会社ユウショウ","https://imitsu.jp/ct-hp-design/pr-saitama/ci-tokorozawa-city/supplier/184983","https://yu-sho.design/"
"株式会社ツバルスタジオ","https://imitsu.jp/ct-hp-design/pr-osaka/ci-oosaka_shi_miyakojima_ku/supplier/264366","http://tuvalu.jp/"
"株式会社トラックス","https://imitsu.jp/ct-hp-design/pr-tokyo/ci-shibuya-ku/supplier/65347","https://www.tlucks.co.jp/"
"株式会社NIBAL","https://imitsu.jp/ct-hp-design/pr-kyoto/ci-kyoto_shi_nakagyo_ku/supplier/366268","https://nibal.co.jp/"
"株式会社DIANT","https://imitsu.jp/ct-hp-design/pr-ibaraki/ci-koga_shi/supplier/90179","https://diant.co.jp/"
"emt株式会社","https://imitsu.jp/ct-hp-design/pr-kanagawa/ci-yokohama-city/supplier/4995","https://e-m-t.co.jp/"
"株式会社ベイジ","https://imitsu.jp/ct-hp-design/pr-tokyo/ci-setagaya-ku/supplier/4435","https://baigie.me/"
"アイティーケアーズ合同会社","https://imitsu.jp/ct-hp-design/pr-tochigi/ci-utsunomiya-city/supplier/75072","https://www.it-cares.biz/"
"インクループ株式会社","https://imitsu.jp/ct-hp-design/pr-kanagawa/ci-sagamihara_shi_chuuou_ku/supplier/65370","https://incloop.com/"
"株式会社トランスフォーム","https://imitsu.jp/ct-hp-design/pr-osaka/ci-habikino/supplier/242571","https://transform-d.com/"
"一般社団法人朗真堂","https://imitsu.jp/ct-hp-design/pr-saitama/ci-saitama_shi_kita_ku/supplier/162642","https://romado.net/welfare/"
"ルカデザイン合同会社","https://imitsu.jp/ct-hp-design/pr-shizuoka/ci-fuji_shi/supplier/260167","https://lucadesign.jp/"
"合同会社オンデマンド","https://imitsu.jp/ct-hp-design/pr-saitama/ci-saitama_shi_midori_ku/supplier/44756","https://www.opd.jp/"
"テクノポート株式会社","https://imitsu.jp/ct-hp-design/pr-tokyo/ci-minato-ku/supplier/77347","https://techport.co.jp/"
"株式会社ウェブライフ","https://imitsu.jp/ct-hp-design/pr-tokyo/ci-minato-ku/supplier/460368","https://web-life.co.jp/"
"株式会社ミライスタイル","https://imitsu.jp/ct-hp-design/pr-ibaraki/ci-tsukubamirai_shi/supplier/76755","https://mirai-style.net/"
"株式会社Wacworks","https://imitsu.jp/ct-hp-design/pr-tokyo/ci-shibuya-ku/supplier/445277","https://wac-works-ec.jp/"
"合同会社フィット","https://imitsu.jp/ct-hp-design/pr-fukuoka/ci-hakata/supplier/10573","http://www.e-gengo.com/"
"株式会社美光堂","https://imitsu.jp/ct-hp-design/pr-hokkaido/ci-sapporo_shi_chuuou_ku/supplier/3905","https://www.beaut.jp/"
"株式会社トライブ","https://imitsu.jp/ct-hp-design/pr-tochigi/ci-utsunomiya-city/supplier/179409","https://kurupos.com/"
"シンス株式会社","https://imitsu.jp/ct-hp-design/pr-fukuoka/ci-fukuoka_shi_chuuou_ku/supplier/75836","http://since-inc.jp/"
"株式会社ネットプロ","https://imitsu.jp/ct-hp-design/pr-kanagawa/ci-yokohama-city/supplier/8933","http://web.netpro.co.jp/"
"株式会社採用戦略研究所 東京支社","https://imitsu.jp/ct-hp-design/pr-osaka/ci-kita/supplier/264430","https://www.rs-lab.jp/"
"Crevo株式会社","https://imitsu.jp/ct-hp-design/pr-tokyo/ci-meguro-ku/supplier/60210","https://crevo.jp/"
"株式会社ザメディアジョン","https://imitsu.jp/ct-hp-design/pr-hiroshima/ci-hiroshima_shi_nishi_ku/supplier/77253","https://recruiting-web.net/"
"株式会社セブンデザイン","https://imitsu.jp/ct-hp-design/pr-osaka/ci-osaka-city/supplier/8543","https://www.sevendesign.biz"
"株式会社MAWSデザイン","https://imitsu.jp/ct-hp-design/pr-aichi/ci-ichinomiya/supplier/75807","https://mawsdesign.com/"
"アスールデザイン事務所","https://imitsu.jp/ct-hp-design/pr-kanagawa/ci-kawasaki-city/supplier/64566","https://azuldesign.jp/"
"株式会社フォーエバーシステム","https://imitsu.jp/ct-hp-design/pr-ibaraki/ci-joso_shi/supplier/356767","https://forever-system.com/"
"株式会社アットウィング","https://imitsu.jp/ct-hp-design/pr-saitama/ci-ageo_shi/supplier/66273","https://at-wing.com/"
"株式会社ゼロゲート","https://imitsu.jp/ct-hp-design/pr-osaka/ci-chuo/supplier/70218","https://zero-gate.co.jp/"
"株式会社フォノグラム","https://imitsu.jp/ct-hp-design/pr-hiroshima/ci-hiroshima_shi_naka_ku/supplier/37827","https://www.phonogram.co.jp/"
"株式会社ハイヴ","https://imitsu.jp/ct-hp-design/pr-saitama/ci-koshigaya-city/supplier/78651","https://www.p-hive.co.jp/"
"株式会社アルクコト","https://imitsu.jp/ct-hp-design/pr-tokyo/ci-tama-city/supplier/75705","https://arukukoto.co.jp/"
"合同会社MNET","https://imitsu.jp/ct-hp-design/pr-osaka/ci-oosaka_shi_nishi_ku/supplier/454395","https://mnet-company.co.jp/"
"株式会社SEデザイン","https://imitsu.jp/ct-hp-design/pr-tokyo/ci-shinjuku-ku/supplier/74850","https://www.sedesign.co.jp/"
"アートフレア株式会社","https://imitsu.jp/ct-hp-design/pr-kanagawa/ci-yokohama_shi_nishi_ku/supplier/39066","https://www.artflair.co.jp"
"Kirin Design","https://imitsu.jp/ct-hp-design/pr-gumma/ci-tatebayashi_shi/supplier/264307","http://kirindesign110.com"
"合同会社SOTSULOG","https://imitsu.jp/ct-hp-design/pr-wakayama/ci-tanabe_shi/supplier/264318","https://sotsulog.com/"
"株式会社ロックビル","https://imitsu.jp/ct-hp-design/pr-tokyo/ci-chuo-ku/supplier/75249","https://rockvil.jp/"
"テックデザイン合同会社","https://imitsu.jp/ct-hp-design/pr-yamaguchi/ci-shunan_shi/supplier/5567","https://www.tec-d.com/"
"株式会社プロアシスト","https://imitsu.jp/ct-hp-design/pr-osaka/ci-chuo/supplier/1370","http://www.proassist.co.jp/"
"Mattrz株式会社","https://imitsu.jp/ct-hp-design/pr-tokyo/ci-meguro-ku/supplier/352495","https://mattrz.co.jp/"
"SEIビジネスクリエイツ株式会社","https://imitsu.jp/ct-hp-design/pr-osaka/ci-chuo/supplier/464125","https://www.sei-sbc.co.jp/"
"有限会社スプレッドワークス","https://imitsu.jp/ct-hp-design/pr-tokyo/ci-toshima-ku/supplier/39767","http://www.spreadworks.co.jp/"
"株式会社オーキッド","https://imitsu.jp/ct-hp-design/pr-saitama/ci-kazo_shi/supplier/75384","https://www.orchidcc.com/"
"隆美株式会社","https://imitsu.jp/ct-hp-design/pr-tokyo/ci-kita-ku/supplier/93758","http://www.ryubiinc.com/"
"Web本舗","https://imitsu.jp/ct-hp-design/pr-kyoto/ci-kyoto_shi_ukyo_ku/supplier/264473","https://web-honpo.com/"
"株式会社ネットオン","https://imitsu.jp/ct-hp-design/pr-osaka/ci-kita/supplier/39010","https://neton.co.jp/"
"株式会社NEVIS","https://imitsu.jp/ct-hp-design/pr-tokyo/ci-shibuya-ku/supplier/85101","http://nevis.jp/"
"株式会社overflow","https://imitsu.jp/ct-hp-design/pr-tokyo/ci-minato-ku/supplier/188959","https://overflow.co.jp/"
"ウェブラボ株式会社","https://imitsu.jp/ct-hp-design/pr-tokyo/ci-shinjuku-ku/supplier/5464","https://www.weblab.co.jp/"
"株式会社SIBLAB","https://imitsu.jp/ct-hp-design/pr-osaka/ci-chuo/supplier/84591","https://sib-lab.jp/"
"有限会社カナイ商事","https://imitsu.jp/ct-hp-design/pr-gumma/ci-kiryu_shi/supplier/91783","https://watarasepc.com/"
"JIGUMA","https://imitsu.jp/ct-hp-design/pr-nara/ci-nara-city/supplier/264244","https://jiguma.com/"
"株式会社ヨシタデザインプランニング","https://imitsu.jp/ct-hp-design/pr-ishikawa/ci-kanazawa-city/supplier/84274","https://www.yoshita-design.com/"
"株式会社STワークス","https://imitsu.jp/ct-hp-design/pr-tokyo/ci-toshima-ku/supplier/74967","https://stworks.co.jp/"
"株式会社グローバルマンパワー","https://imitsu.jp/ct-hp-design/pr-tokyo/ci-chuo-ku/supplier/51965","http://www.gmpwr.com"
"株式会社ウェブリカ","https://imitsu.jp/ct-hp-design/pr-kanagawa/ci-yokohama-city/supplier/354938","https://webrica.jp/"
"株式会社フィルニーズ","https://imitsu.jp/ct-hp-design/pr-okinawa/ci-naha-city/supplier/63983","http://www.firneez.com/"
"有限会社岡部広告室","https://imitsu.jp/ct-hp-design/pr-hokkaido/ci-hakodate-city/supplier/50865","https://www.ad-okabe.com/"
"株式会社ネクストアライブ","https://imitsu.jp/ct-hp-design/pr-tokyo/ci-chiyoda-ku/supplier/233177","https://nextalive.co.jp/"
"FLOP NINE(新規受付停止中)","https://imitsu.jp/ct-hp-design/pr-yamanashi/ci-kofu-city/supplier/264338","http://flop9.com/"
"株式会社プラットイン","https://imitsu.jp/ct-hp-design/pr-osaka/ci-oosaka_shi_nishi_ku/supplier/176990","https://www.platin.co.jp/"
"株式会社アピニニ","https://imitsu.jp/ct-hp-design/pr-others/supplier/14477","http://apinini.jp/"
"株式会社シンタックス","https://imitsu.jp/ct-hp-design/pr-tokyo/ci-shinjuku-ku/supplier/8436","http://www.syntax.co.jp/"
"NiGLAN","https://imitsu.jp/ct-hp-design/pr-niigata/ci-tsubame_shi/supplier/264216","https://niglan.com/"
"アライブ株式会社","https://imitsu.jp/ct-hp-design/pr-aichi/ci-nagoya-city/supplier/60913","https://alive-web.co.jp/"
"株式会社 RIKNETWORKS","https://imitsu.jp/ct-hp-design/pr-saitama/ci-saitama_shi_chuuou_ku/supplier/75376","https://www.riknetworks.co.jp/"
"株式会社Omit","https://imitsu.jp/ct-hp-design/pr-hiroshima/ci-fukuyama_shi/supplier/66124","https://omit.co.jp/"
"株式会社インタクティス","https://imitsu.jp/ct-hp-design/pr-tokyo/ci-chuo-ku/supplier/64407","http://intactis.co.jp/"
"株式会社スマートメディア","https://imitsu.jp/ct-hp-design/pr-tokyo/ci-minato-ku/supplier/87833","https://sma-media.com/"
"株式会社 衆","https://imitsu.jp/ct-hp-design/pr-tokyo/ci-koganei_shi/supplier/464386","https://web.syu-u.com/"
"ピーアールディ","https://imitsu.jp/ct-hp-design/pr-aichi/ci-toyohashi/supplier/76973","https://hp-eki.com/"
"株式会社ユニソンプラネット","https://imitsu.jp/ct-hp-design/pr-osaka/ci-osaka-city/supplier/66631","http://www.unison-planet.com/"
"株式会社トラック","https://imitsu.jp/ct-hp-design/pr-tokyo/ci-chiyoda-ku/supplier/64937","http://www.track.co.jp/"
"株式会社CHOKOKU","https://imitsu.jp/ct-hp-design/pr-osaka/ci-oosaka_shi_fukushima_ku/supplier/265898","https://chokoku.co.jp/"
"株式会社アルマジロ","https://imitsu.jp/ct-hp-design/pr-aichi/ci-nagoya-city/supplier/52257","https://www.armadillo.co.jp/"
"ＩＰフレンド","https://imitsu.jp/ct-hp-design/pr-niigata/ci-joetsu_shi/supplier/460897","https://ip-f.com/"
"株式会社プロメトル","https://imitsu.jp/ct-hp-design/pr-tokyo/ci-chiyoda-ku/supplier/4433","http://www.promettre.jp/"
"GIGA株式会社","https://imitsu.jp/ct-hp-design/pr-tokyo/ci-chiyoda-ku/supplier/452017","https://giga-tokyo.jp/"
"インロジック株式会社","https://imitsu.jp/ct-hp-design/pr-tokyo/ci-kita-ku/supplier/66644","http://inlogic.co.jp/"
"株式会社スタイルデザイン","https://imitsu.jp/ct-hp-design/pr-kagawa/ci-takamatsu-city/supplier/37886","https://www.style-design.jp/"
"株式会社idiom","https://imitsu.jp/ct-hp-design/pr-tokyo/ci-itabashi-ku/supplier/275031","https://idiom-inc.co.jp/"
"株式会社Maneql","https://imitsu.jp/ct-hp-design/pr-osaka/ci-sakai-city/supplier/91719","https://maneql.co.jp/"
"Siralop合同会社","https://imitsu.jp/ct-hp-design/pr-tokyo/ci-chiyoda-ku/supplier/65361","https://siralop.co.jp/"
"エムシーエス株式会社","https://imitsu.jp/ct-hp-design/pr-tokyo/ci-chiyoda-ku/supplier/5526","http://www.mcscorp.co.jp/"
"株式会社プログレ","https://imitsu.jp/ct-hp-design/pr-ishikawa/ci-kanazawa-city/supplier/85230","https://progres2010.com/"
"株式会社ONE to ONE","https://imitsu.jp/ct-hp-design/pr-okayama/ci-okayama_shi_kita_ku/supplier/4690","https://www.onetoone.co.jp/"
"株式会社クロスデバイス","https://imitsu.jp/ct-hp-design/pr-shizuoka/ci-hamamatsu-city/supplier/8105","https://www.crossdevice.co.jp/"
"合同会社OAL","https://imitsu.jp/ct-hp-design/pr-kyoto/ci-kyoto_shi_nakagyo_ku/supplier/348799","https://oaloaloal.studio.site/"
"株式会社ひろがれ音楽","https://imitsu.jp/ct-hp-design/pr-tokyo/ci-minato-ku/supplier/460785","https://hirogare-ongaku.co.jp/"
"株式会社レポス","https://imitsu.jp/ct-hp-design/pr-osaka/ci-osaka-city/supplier/76982","https://reposu.net/"
"モバイルトゥーウェブ","https://imitsu.jp/ct-hp-design/pr-fukuoka/ci-koga/supplier/19621","http://m2web.jp/"
"アルカディア・システムズ株式会社","https://imitsu.jp/ct-hp-design/pr-osaka/ci-oosaka_shi_yodogawa_ku/supplier/13183","https://arc-mec.com/"
"株式会社MAZIKA","https://imitsu.jp/ct-hp-design/pr-osaka/ci-chuo/supplier/362799","https://mazikamazika.com/"
"株式会社fluct","https://imitsu.jp/ct-hp-design/pr-tokyo/ci-shibuya-ku/supplier/87274","https://corp.fluct.jp"
"株式会社ライオンハート","https://imitsu.jp/ct-hp-design/pr-aichi/ci-nagoya-city/supplier/75565","https://www.lionheart.co.jp/"
"株式会社グレートブレーン","https://imitsu.jp/ct-hp-design/pr-tottori/ci-yonago_shi/supplier/464190","https://www.greatbrain475.biz/"
"ブリッジシステム株式会社","https://imitsu.jp/ct-hp-design/pr-others/supplier/77594","https://bridgesystem.me/ja/"
"株式会社パンタグラフ","https://imitsu.jp/ct-hp-design/pr-tokyo/ci-shibuya-ku/supplier/65415","https://pantograph.co.jp/"
"株式会社MAISON MARC","https://imitsu.jp/ct-hp-design/pr-tokyo/ci-shibuya-ku/supplier/83139","http://maisonmarc.com/"
"SEモバイル・アンド・オンライン株式会社","https://imitsu.jp/ct-hp-design/pr-tokyo/ci-shinjuku-ku/supplier/66607","http://www.semo.co.jp/"
"株式会社イノセント","https://imitsu.jp/ct-hp-design/pr-fukuoka/ci-fukuoka-city/supplier/77908","https://incnt.jp/"
"株式会社ドリームクリエイト","https://imitsu.jp/ct-hp-design/pr-hokkaido/ci-asahikawa-city/supplier/376239","https://www.dreamcre8.jp/"
"オフィス吉田","https://imitsu.jp/ct-hp-design/pr-tokyo/ci-shibuya-ku/supplier/16744","http://www.be-suketto.net/"
"WebNexty合同会社","https://imitsu.jp/ct-hp-design/pr-fukui/ci-sakai_shi/supplier/464230","https://www.webnexty.llc/"
"株式会社Argano","https://imitsu.jp/ct-hp-design/pr-tokyo/ci-shibuya-ku/supplier/93792","https://argano.co.jp/"
"株式会社ベースメントファクトリープロダクション","https://imitsu.jp/ct-hp-design/pr-tokyo/ci-setagaya-ku/supplier/64896","http://www.bfp.co.jp/"
"エスアイ株式会社","https://imitsu.jp/ct-hp-design/pr-tokyo/ci-kunitachi_shi/supplier/266622","https://www.sicc.co.jp/"
"株式会社百河千山","https://imitsu.jp/ct-hp-design/pr-miyazaki/ci-miyazaki-city/supplier/65141","http://www.crkm.jp/"
"ナウマン企画","https://imitsu.jp/ct-hp-design/pr-shimane/ci-gotsu_shi/supplier/77293","http://nauman.work/"
"株式会社キャスト西野","https://imitsu.jp/ct-hp-design/pr-ishikawa/ci-kanazawa-city/supplier/85489","https://www.castweb.co.jp/"
"株式会社メンバーズ","https://imitsu.jp/ct-hp-design/pr-tokyo/ci-chuo-ku/supplier/95049","https://www.members.co.jp/"
"株式会社メディアプライムスタイル","https://imitsu.jp/ct-hp-design/pr-saitama/ci-warabi_shi/supplier/74035","https://mediaprimestyle.jp/"
"株式会社リアナッツ","https://imitsu.jp/ct-hp-design/pr-tokyo/ci-shinjuku-ku/supplier/126709","https://reanuts.co.jp/"
"株式会社ゴリラウェブ","https://imitsu.jp/ct-hp-design/pr-aichi/ci-nagoya-city/supplier/8196","https://www.gorilla-web.net"
"株式会社バリューエージェント","https://imitsu.jp/ct-hp-design/pr-osaka/ci-oosaka_shi_yodogawa_ku/supplier/46674","https://valueagent.co.jp/"
"株式会社アド・プランニング","https://imitsu.jp/ct-hp-design/pr-nagano/ci-ina_shi/supplier/464176","https://adopura.com/"
"S・A・R株式会社","https://imitsu.jp/ct-hp-design/pr-osaka/ci-higashiosaka/supplier/352500","https://www.sar-ltd.co.jp/"
"株式会社トリニティワークス","https://imitsu.jp/ct-hp-design/pr-tokyo/ci-setagaya-ku/supplier/4392","https://www.trinity-works.com/"
"株式会社中屋","https://imitsu.jp/ct-hp-design/pr-tochigi/ci-utsunomiya-city/supplier/84484","https://remacre.jp/"
"株式会社クロスデザインカンパニー","https://imitsu.jp/ct-hp-design/pr-tokyo/ci-adachi-ku/supplier/78116","http://crossdesign-company.co.jp/"
"WebFamil（ウェブファミール）","https://imitsu.jp/ct-hp-design/pr-saitama/ci-koshigaya-city/supplier/180375","https://webfamil.com/"
"株式会社aruku","https://imitsu.jp/ct-hp-design/pr-kyoto/ci-kyoto_shi_nakagyo_ku/supplier/264458","https://a-ru-ku.co.jp/"
"株式会社インフォマーク","https://imitsu.jp/ct-hp-design/pr-hiroshima/ci-hiroshima_shi_naka_ku/supplier/7553","http://www.informarc.co.jp/"
"ウルオイ株式会社","https://imitsu.jp/ct-hp-design/pr-nagano/ci-matsumoto-city/supplier/92256","http://uruoi.co/"
"株式会社イーグリッド","https://imitsu.jp/ct-hp-design/pr-shimane/ci-izumo_shi/supplier/64412","https://www.e-grid.co.jp/"
"有限会社ジャプロ","https://imitsu.jp/ct-hp-design/pr-tottori/ci-saihaku_gun_hoki_cho/supplier/77599","http://www.japro.net/"
"株式会社toritoke","https://imitsu.jp/ct-hp-design/pr-nagano/ci-matsumoto-city/supplier/463829","https://toritoke.jp/"
"Cross&Crown合同会社","https://imitsu.jp/ct-hp-design/pr-tokyo/ci-minato-ku/supplier/58749","https://www.crossandcrown.co.jp/"
"株式会社メンタルヘルステクノロジーズ","https://imitsu.jp/ct-hp-design/pr-tokyo/ci-minato-ku/supplier/72421","https://mh-tec.co.jp/"
"株式会社ISU","https://imitsu.jp/ct-hp-design/pr-mie/ci-tsu_shi/supplier/92159","https://www.i-s-u.co.jp/index.html"
"株式会社エムハンド","https://imitsu.jp/ct-hp-design/pr-tokyo/ci-shibuya-ku/supplier/85132","https://m-hand.jp/"
"株式会社 梅田制作","https://imitsu.jp/ct-hp-design/pr-miyazaki/ci-hyuga_shi/supplier/455156","https://umeda-seisaku.com/"
"株式会社プラスビッツ","https://imitsu.jp/ct-hp-design/pr-tottori/ci-tottori_shi/supplier/9253","https://www.plusbits.jp/"
"合同会社smartweblab","https://imitsu.jp/ct-hp-design/pr-kumamoto/ci-kumamoto-city/supplier/74939","http://www.smartweblab.co.jp/"
"株式会社Mainaxis","https://imitsu.jp/ct-hp-design/pr-chiba/ci-chiba_shi_chuo_ku/supplier/266191","https://kissy666.heavy.jp/mainaxis/index.html"
"株式会社ブリッジ","https://imitsu.jp/ct-hp-design/pr-tokyo/ci-shinjuku-ku/supplier/154804","https://the-bridge.jp/"
"フィッシュリップル株式会社","https://imitsu.jp/ct-hp-design/pr-tokyo/ci-shibuya-ku/supplier/362747","https://fishripple.jp/"
"有限会社　気楽亭","https://imitsu.jp/ct-hp-design/pr-osaka/ci-osaka-city/supplier/451888","https://kirakutei.company/"
"株式会社ジーニアスウェブ","https://imitsu.jp/ct-hp-design/pr-osaka/ci-kita/supplier/15146","https://www.genius-web.co.jp/"
"株式会社優クリエイティブ","https://imitsu.jp/ct-hp-design/pr-tokyo/ci-minato-ku/supplier/90033","https://you-creative.com/"
"株式会社MOTOCLE","https://imitsu.jp/ct-hp-design/pr-fukuoka/ci-onojo/supplier/66658","https://www.motocle.com/"
"株式会社AGN","https://imitsu.jp/ct-hp-design/pr-tokyo/ci-shinjuku-ku/supplier/72441","https://agn-corp.jp/"
"Catwork株式会社","https://imitsu.jp/ct-hp-design/pr-aichi/ci-nagoya-city/supplier/89939","https://homepage-make.jp/"
"株式会社エフスタイルドットコム","https://imitsu.jp/ct-hp-design/pr-fukuoka/ci-dazaifu-city/supplier/7765","http://www.online-fstyle.com/"
"株式会社ジェー・ビー・エフ","https://imitsu.jp/ct-hp-design/pr-fukuoka/ci-fukuoka-city/supplier/8348","https://www.jbf.co.jp/"
"株式会社正文舎","https://imitsu.jp/ct-hp-design/pr-hokkaido/ci-sapporo_shi_shiroishi_ku/supplier/17815","http://www.websuccess.jp/"
"株式会社アドライズ","https://imitsu.jp/ct-hp-design/pr-tokyo/ci-shinagawa-ku/supplier/7303","https://www.adlize.com/"
"株式会社ネオインデックス","https://imitsu.jp/ct-hp-design/pr-tokyo/ci-toshima-ku/supplier/11717","https://www.neoindex.co.jp/"
"株式会社日本海プラザ","https://imitsu.jp/ct-hp-design/pr-tottori/ci-tottori_shi/supplier/38130","https://www.vzone.co.jp/"
"Recustomer株式会社（旧ANVIE株式会社）","https://imitsu.jp/ct-hp-design/pr-tokyo/ci-chiyoda-ku/supplier/76256","https://anvie.co.jp/"
"株式会社ニコモ","https://imitsu.jp/ct-hp-design/pr-shimane/ci-matsue-city/supplier/74180","http://www.nikomo.co.jp/"
"株式会社ビルドサロン","https://imitsu.jp/ct-hp-design/pr-tokyo/ci-shinjuku-ku/supplier/185347","https://buildsalon.co.jp/"
"株式会社Kipply（キプリィ）","https://imitsu.jp/ct-hp-design/pr-tokyo/ci-meguro-ku/supplier/76142","http://www.kipply.co.jp/"
"株式会社FURAZOA","https://imitsu.jp/ct-hp-design/pr-ishikawa/ci-kanazawa-city/supplier/463824","https://furazoa.com/"
"Who","https://imitsu.jp/ct-hp-design/pr-ibaraki/ci-tsuchiura-city/supplier/46844","https://www.who.ne.jp/"
"株式会社アールクリエイト","https://imitsu.jp/ct-hp-design/pr-tokyo/ci-itabashi-ku/supplier/180466","https://r-create.info/"
"株式会社オンカ","https://imitsu.jp/ct-hp-design/pr-aichi/ci-nagoya-city/supplier/85463","https://onca.co.jp/"
"株式会社セルフプラス","https://imitsu.jp/ct-hp-design/pr-tokyo/ci-shibuya-ku/supplier/83028","https://www.self-plus.co.jp/"
"株式会社コスパ・テクノロジーズ","https://imitsu.jp/ct-hp-design/pr-tokyo/ci-shibuya-ku/supplier/266097","https://cospa-tech.com/"
"株式会社マクロジ","https://imitsu.jp/ct-hp-design/pr-fukuoka/ci-fukuoka-city/supplier/188093","https://maclogi.co.jp/"
"株式会社ゴンドラ","https://imitsu.jp/ct-hp-design/pr-tokyo/ci-chiyoda-ku/supplier/66437","https://www.gon-dola.com/"
"株式会社ワイズクリエイティブファクトリー","https://imitsu.jp/ct-hp-design/pr-tokyo/ci-shibuya-ku/supplier/2615","http://www.yscf.jp/"
"株式会社ブラーヴォ","https://imitsu.jp/ct-hp-design/pr-wakayama/ci-gobo_shi/supplier/75206","https://www.bra-vo.co.jp/"
"NEXT RESERVATION株式会社","https://imitsu.jp/ct-hp-design/pr-nagano/ci-ueda_shi/supplier/464157","https://nextreservation.jp/"
"株式会社アイル","https://imitsu.jp/ct-hp-design/pr-osaka/ci-kita/supplier/37096","https://www.ill.co.jp/"
"株式会社ブレインズ・ネットワーク","https://imitsu.jp/ct-hp-design/pr-tokyo/ci-shinjuku-ku/supplier/58588","https://www.brains-network.com"
"株式会社イッパイアッテナ","https://imitsu.jp/ct-hp-design/pr-tokyo/ci-musashino-city/supplier/262393","https://ippaiattena.co.jp/"
"145BPM（ヒャクヨンジュウゴビーピーエム）","https://imitsu.jp/ct-hp-design/pr-osaka/ci-katano/supplier/64641","http://www.145bpm.com/"
"株式会社ストラテジックマーケティング","https://imitsu.jp/ct-hp-design/pr-tokyo/ci-chiyoda-ku/supplier/50392","http://www.strategic-m.jp/"
"SREホールディングス株式会社","https://imitsu.jp/ct-hp-design/pr-tokyo/ci-minato-ku/supplier/446896","https://sre-group.co.jp/"
"有限会社三洋社","https://imitsu.jp/ct-hp-design/pr-saitama/ci-fukaya_shi/supplier/50648","https://www.sanyousya.com/"
"株式会社プロスペリテ","https://imitsu.jp/ct-hp-design/pr-tokyo/ci-meguro-ku/supplier/180529","https://prosperite.jp"
"MediaDecoConsulting","https://imitsu.jp/ct-hp-design/pr-yamanashi/ci-kofu-city/supplier/264224","https://torimotsu.net/"
"株式会社イノベーション","https://imitsu.jp/ct-hp-design/pr-tokyo/ci-toshima-ku/supplier/265583","http://www.corpinnovation.jp/"
"ニューエイジ・ディー・シー株式会社","https://imitsu.jp/ct-hp-design/pr-tokyo/ci-shibuya-ku/supplier/266264","https://newagedc.net/"
"株式会社エニセンス","https://imitsu.jp/ct-hp-design/pr-fukuoka/ci-fukuoka_shi_chuuou_ku/supplier/7732","https://anysense.co.jp/"
"株式会社ソースクリエイト","https://imitsu.jp/ct-hp-design/pr-fukuoka/ci-hakata/supplier/8577","http://www.srce.jp/"
"株式会社GIG","https://imitsu.jp/ct-hp-design/pr-tokyo/ci-chuo-ku/supplier/114407","https://giginc.co.jp/"
"株式会社ワンノブアカインド","https://imitsu.jp/ct-hp-design/pr-tokyo/ci-minato-ku/supplier/65979","https://www.one-of-a-kind.co.jp/"
"モアフィールド株式会社","https://imitsu.jp/ct-hp-design/pr-shizuoka/ci-shizuoka_shi_aoi_ku/supplier/412452","https://more-field.co.jp/"
"有限会社ケー・アンド・エフ コンピュータサービス","https://imitsu.jp/ct-hp-design/pr-nagano/ci-nagano-city/supplier/65261","https://www.kfcs.co.jp/"
"株式会社ファイコム","https://imitsu.jp/ct-hp-design/pr-osaka/ci-kita/supplier/88415","https://www.faycom.net/"
"有限会社オービック","https://imitsu.jp/ct-hp-design/pr-okinawa/ci-naha-city/supplier/74079","https://ovic-okinawa.com/"
"クラウドサーカス株式会社","https://imitsu.jp/ct-hp-design/pr-tokyo/ci-shinjuku-ku/supplier/5856","https://cloudcircus.jp/"
"株式会社ろけっと開発","https://imitsu.jp/ct-hp-design/pr-gumma/ci-maebashi-city/supplier/53142","http://rocket-dev.jp/"
"株式会社Curiver（キュリバー）","https://imitsu.jp/ct-hp-design/pr-tochigi/ci-sakura_shi/supplier/463346","https://curiver.com/"
"株式会社サンカクカンパニー","https://imitsu.jp/ct-hp-design/pr-tokyo/ci-kita-ku/supplier/3483","https://www.3kaku.co.jp/"
"有限会社BOX","https://imitsu.jp/ct-hp-design/pr-mie/ci-tsu_shi/supplier/464184","https://box-inc.biz/"
"株式会社IHAD","https://imitsu.jp/ct-hp-design/pr-tokyo/ci-adachi-ku/supplier/460786","https://ihad1.co.jp/"
"株式会社イー・バード","https://imitsu.jp/ct-hp-design/pr-tokyo/ci-shibuya-ku/supplier/39133","https://www.e-bird.biz/"
"株式会社 東京ドアーズ","https://imitsu.jp/ct-hp-design/pr-tokyo/ci-meguro-ku/supplier/10203","https://www.tokyodoors.co.jp/"
"アデリープランニング株式会社","https://imitsu.jp/ct-hp-design/pr-kanagawa/ci-fujisawa/supplier/63146","http://e-adeliae.com/"
"株式会社ソーゴー","https://imitsu.jp/ct-hp-design/pr-aichi/ci-inazawa/supplier/116063","http://www.sogo-aichi.co.jp/"
"株式会社Treejyu","https://imitsu.jp/ct-hp-design/pr-aichi/ci-nagoya_shi_nakamura_ku/supplier/464142","https://sabutree.treejyu.jp/"
"株式会社Upa","https://imitsu.jp/ct-hp-design/pr-tokyo/ci-taito-ku/supplier/463558","https://corp.upacity.jp/"
"株式会社アジタス","https://imitsu.jp/ct-hp-design/pr-tokyo/ci-chiyoda-ku/supplier/91977","https://azitas.co.jp/"
"株式会社Hakuhodo DY ONE","https://imitsu.jp/ct-hp-design/pr-tokyo/ci-minato-ku/supplier/78133","https://www.hakuhodody-one.co.jp/"
"キナバル株式会社","https://imitsu.jp/ct-hp-design/pr-kanagawa/ci-yokohama_shi_naka_ku/supplier/178927","https://kinabal.co.jp/"
"株式会社スマート","https://imitsu.jp/ct-hp-design/pr-yamanashi/ci-kofu-city/supplier/74121","https://smrt.jp/"
"株式会社ネクスティス","https://imitsu.jp/ct-hp-design/pr-tokyo/ci-shinagawa-ku/supplier/66952","https://nextis.jp/"
"十勝事務機販売株式会社","https://imitsu.jp/ct-hp-design/pr-hokkaido/ci-obihiro-city/supplier/154791","https://tokachijimuki.co.jp/"
"デジタルバンク株式会社","https://imitsu.jp/ct-hp-design/pr-oita/ci-oita-city/supplier/232465","https://www.digiban.co.jp/"
"株式会社ジオコード","https://imitsu.jp/ct-hp-design/pr-tokyo/ci-shinjuku-ku/supplier/57973","https://www.geo-code.co.jp/"
"株式会社インフォスター","https://imitsu.jp/ct-hp-design/pr-shizuoka/ci-shizuoka-city/supplier/162567","https://infostar.jp/"
"株式会社Lbose","https://imitsu.jp/ct-hp-design/pr-kumamoto/ci-kumamoto_shi_chuo_ku/supplier/352822","https://www.lbose.co.jp/"
"株式会社アイリーラボ","https://imitsu.jp/ct-hp-design/pr-nagano/ci-okaya_shi/supplier/74949","https://www.aily-lab.co.jp"
"株式会社エンクリエイト","https://imitsu.jp/ct-hp-design/pr-tokyo/ci-shinjuku-ku/supplier/50614","https://encreate.co.jp/"
"株式会社きびだんご","https://imitsu.jp/ct-hp-design/pr-okayama/ci-okayama_shi_kita_ku/supplier/76262","https://kibidan-go.co.jp/"
"Monoledge","https://imitsu.jp/ct-hp-design/pr-osaka/ci-kita/supplier/19394","https://monoledge.com/"
"株式会社ND&I","https://imitsu.jp/ct-hp-design/pr-osaka/ci-osaka-city/supplier/6844","https://www.n-di.co.jp/"
"コネット株式会社","https://imitsu.jp/ct-hp-design/pr-osaka/ci-oosaka_shi_higashinari_ku/supplier/66106","http://connett.co.jp/"
"株式会社みやあじよ","https://imitsu.jp/ct-hp-design/pr-osaka/ci-sakai-city/supplier/74986","https://myajo.net/"
"株式会社ニーズ.","https://imitsu.jp/ct-hp-design/pr-kanagawa/ci-yokohama-city/supplier/16589","https://www.homepage.co.jp/"
"株式会社PLUS","https://imitsu.jp/ct-hp-design/pr-tokyo/ci-setagaya-ku/supplier/53106","https://plusweb.jp/"
"エファタ株式会社","https://imitsu.jp/ct-hp-design/pr-tokyo/ci-shinjuku-ku/supplier/74942","https://www.effata.co.jp/"
"三共グラフィック株式会社","https://imitsu.jp/ct-hp-design/pr-saitama/ci-warabi_shi/supplier/2826","http://www.sankyo-g.co.jp/"
"有限会社ピーシーサポート長崎","https://imitsu.jp/ct-hp-design/pr-nagasaki/ci-omura_shi/supplier/68653","https://hp-nagasaki.com/"
"GIVE&GIVE株式会社","https://imitsu.jp/ct-hp-design/pr-tokyo/ci-shibuya-ku/supplier/85120","http://g-give.co.jp/"
"株式会社TRIMTAB MO","https://imitsu.jp/ct-hp-design/pr-miyagi/ci-sendai-city/supplier/39807","https://ttmo.co.jp/"
"EC-Consulting Japan株式会社","https://imitsu.jp/ct-hp-design/pr-osaka/ci-toyonaka/supplier/453325","https://ec-consultingjapan.co.jp/"
"株式会社KIYONO","https://imitsu.jp/ct-hp-design/pr-tokyo/ci-shibuya-ku/supplier/344804","https://kiyono-co.jp/"
"株式会社Compass","https://imitsu.jp/ct-hp-design/pr-tokyo/ci-chiyoda-ku/supplier/185905","https://www.m2-compass.jp/"
"スターティア株式会社","https://imitsu.jp/ct-hp-design/pr-tokyo/ci-shinjuku-ku/supplier/83111","https://web-sta.jp/"
"有限会社ウェブ・ファクトリー","https://imitsu.jp/ct-hp-design/pr-osaka/ci-osaka-city/supplier/39796","https://www.web-factory.co.jp/"
"株式会社Total Art Development","https://imitsu.jp/ct-hp-design/pr-tokyo/ci-chiyoda-ku/supplier/74941","http://www.bengoshi-web.com/"
"株式会社フーラ・クリエイティブ・ジャパン","https://imitsu.jp/ct-hp-design/pr-tokyo/ci-shibuya-ku/supplier/64178","https://hula.jp/kiri-fuda/"
"デザイン情報株式会社","https://imitsu.jp/ct-hp-design/pr-saitama/ci-toda_shi/supplier/188623","https://diinc.co.jp/"
"株式会社ZIPANGUworks","https://imitsu.jp/ct-hp-design/pr-osaka/ci-osaka-city/supplier/94297","http://zipanguworks.com/"
"株式会社アクアウェブ","https://imitsu.jp/ct-hp-design/pr-tokyo/ci-shibuya-ku/supplier/87429","https://www.aqua-web.jp/"
"S&Eパートナーズ株式会社","https://imitsu.jp/ct-hp-design/pr-osaka/ci-chuo/supplier/75460","https://seo-best.jp/"
"ウェブスタイル株式会社","https://imitsu.jp/ct-hp-design/pr-chiba/ci-chiba_shi_hanamigawa_ku/supplier/74210","https://webstyle.co.jp/"
"株式会社soos","https://imitsu.jp/ct-hp-design/pr-tokyo/ci-setagaya-ku/supplier/249928","https://soos.co.jp/"
"株式会社デキタ","https://imitsu.jp/ct-hp-design/pr-shizuoka/ci-fuji_shi/supplier/77203","https://dekita.net/"
"株式会社ジップス","https://imitsu.jp/ct-hp-design/pr-tokyo/ci-bunkyo-ku/supplier/70212","https://www.zips.co.jp/"
"株式会社ライブル","https://imitsu.jp/ct-hp-design/pr-fukuoka/ci-fukuoka-city/supplier/78176","http://lible.jp/"
"株式会社UBAL（うーばる）","https://imitsu.jp/ct-hp-design/pr-hiroshima/ci-hiroshima_shi_naka_ku/supplier/185923","https://ubal.biz/"
"株式会社BATTEN","https://imitsu.jp/ct-hp-design/pr-fukuoka/ci-onojo/supplier/83186","http://www.batten.co.jp/"
"株式会社アントレース","https://imitsu.jp/ct-hp-design/pr-tokyo/ci-minato-ku/supplier/460252","https://untrace.co.jp/"
"株式会社グランネット","https://imitsu.jp/ct-hp-design/pr-osaka/ci-kita/supplier/51328","https://grannet.co.jp/"
"インフォメーションメディアデザイン株式会社","https://imitsu.jp/ct-hp-design/pr-osaka/ci-kita/supplier/16202","https://www.imd-net.com/"
"マーケティングミックス株式会社","https://imitsu.jp/ct-hp-design/pr-fukuoka/ci-yame_shi/supplier/276656","https://www.marketingmix.co.jp/"
"FunTre株式会社","https://imitsu.jp/ct-hp-design/pr-tokyo/ci-shinjuku-ku/supplier/90453","https://funtre.co.jp/"
"クライシスリレーションズ株式会社","https://imitsu.jp/ct-hp-design/pr-osaka/ci-kishiwada/supplier/95114","https://crisis-r.jp/"
"後藤ブランド株式会社","https://imitsu.jp/ct-hp-design/pr-tokyo/ci-minato-ku/supplier/61468","https://www.goto-brand.com/"
"有限会社インパルス","https://imitsu.jp/ct-hp-design/pr-chiba/ci-isumi_shi/supplier/233826","https://www.pc-impulse.co.jp/"
"株式会社グローバルキャスト","https://imitsu.jp/ct-hp-design/pr-aichi/ci-nagoya-city/supplier/38712","http://global-cast.jp/"
"株式会社ネット・オプション","https://imitsu.jp/ct-hp-design/pr-tokyo/ci-itabashi-ku/supplier/49330","https://www.netoption.co.jp/"
"株式会社ラクー","https://imitsu.jp/ct-hp-design/pr-aichi/ci-nagoya-city/supplier/9641","https://racoo.co.jp"
"合同会社教育開発社","https://imitsu.jp/ct-hp-design/pr-osaka/ci-sakai_shi_nishi_ku/supplier/446848","https://links-too.com/"
"株式会社トリッジ","https://imitsu.jp/ct-hp-design/pr-tokyo/ci-shinjuku-ku/supplier/85111","https://www.tridge.jp/"
"株式会社D-ing","https://imitsu.jp/ct-hp-design/pr-tokyo/ci-shibuya-ku/supplier/274848","https://d-inginc.com/"
"クラシード仙台","https://imitsu.jp/ct-hp-design/pr-miyagi/ci-sendai-city/supplier/177242","http://craceed-sendai.com/"
"有限会社WINKS","https://imitsu.jp/ct-hp-design/pr-osaka/ci-kita/supplier/39799","http://www.winks.jp/"
"株式会社ディーフォーエル","https://imitsu.jp/ct-hp-design/pr-hyogo/ci-takarazuka-city/supplier/77764","http://www.d4l.co.jp/"
"アリエリンクス株式会社","https://imitsu.jp/ct-hp-design/pr-osaka/ci-tennoji/supplier/77110","https://arielinks.co.jp/"
"FORCE株式会社","https://imitsu.jp/ct-hp-design/pr-kyoto/ci-kyoto_shi_shimogyo_ku/supplier/94088","https://forceinc.kyoto/"
"株式会社BRISK","https://imitsu.jp/ct-hp-design/pr-tokyo/ci-koto-ku/supplier/6630","https://b-risk.jp/"
"株式会社クレフ","https://imitsu.jp/ct-hp-design/pr-osaka/ci-chuo/supplier/65698","https://web.design.io/"
"株式会社シーエムエー","https://imitsu.jp/ct-hp-design/pr-shizuoka/ci-hamamatsu_shi_naka_ku/supplier/2302","https://www.akindo2000.net/"
"APS","https://imitsu.jp/ct-hp-design/pr-yamagata/ci-sakata_shi/supplier/74105","https://aps-web.net/"
"株式会社クリエイトワン","https://imitsu.jp/ct-hp-design/pr-miyagi/ci-sendai-city/supplier/3444","https://createone.jp/"
"株式会社ファンフェアファンファーレ","https://imitsu.jp/ct-hp-design/pr-kyoto/ci-kyoto_shi_kamigyo_ku/supplier/75479","https://funfairfanfare.com/"
"株式会社ディーカム","https://imitsu.jp/ct-hp-design/pr-ibaraki/ci-kamisu_shi/supplier/273708","https://dcome.co.jp/"
"株式会社LIG","https://imitsu.jp/ct-hp-design/pr-tokyo/ci-taito-ku/supplier/37457","http://liginc.co.jp/"
"株式会社グルコム","https://imitsu.jp/ct-hp-design/pr-tokyo/ci-tama-city/supplier/4332","https://grucom.jp/"
"有限会社ウインバレー","https://imitsu.jp/ct-hp-design/pr-tokyo/ci-shibuya-ku/supplier/17798","https://win-valley.com/web/"
"株式会社GREEN","https://imitsu.jp/ct-hp-design/pr-osaka/ci-chuo/supplier/345541","https://web.green06-co.jp/"
"アウンコンサルティング株式会社","https://imitsu.jp/ct-hp-design/pr-tokyo/ci-bunkyo-ku/supplier/1822","https://www.auncon.co.jp/"
"株式会社ディージーワン","https://imitsu.jp/ct-hp-design/pr-tokyo/ci-chiyoda-ku/supplier/92348","https://dg-1.jp/"
"S.E.Onetop合同会社","https://imitsu.jp/ct-hp-design/pr-yamagata/ci-higashine_shi/supplier/343493","https://se-onetop.com/"
"株式会社 ONE BRAND","https://imitsu.jp/ct-hp-design/pr-tokyo/ci-chuo-ku/supplier/85466","https://onebrand.co.jp/"
"株式会社ユーコンスカイ","https://imitsu.jp/ct-hp-design/pr-hyogo/ci-koube_shi_higashinada_ku/supplier/464120","https://www.yukon-sky.jp/"
"株式会社ファーストネットジャパン","https://imitsu.jp/ct-hp-design/pr-osaka/ci-chuo/supplier/14115","http://www.1st-net.jp/"
"株式会社NextCode","https://imitsu.jp/ct-hp-design/pr-hiroshima/ci-fukuyama_shi/supplier/345593","https://next-code.jp/"
"有限会社アプレット","https://imitsu.jp/ct-hp-design/pr-osaka/ci-osaka-city/supplier/39608","https://appletosaka.wordpress.com/"
"Ivy do 株式会社","https://imitsu.jp/ct-hp-design/pr-aichi/ci-nagoya_shi_naka_ku/supplier/463959","https://www.ivy-do.com"
"株式会社カラビナ","https://imitsu.jp/ct-hp-design/pr-tokyo/ci-chuo-ku/supplier/85088","http://magnett.jp/"
"株式会社エムアンドエムドットコー","https://imitsu.jp/ct-hp-design/pr-tottori/ci-tottori_shi/supplier/84468","https://mmtv.jp/"
"ビークプロモーション株式会社","https://imitsu.jp/ct-hp-design/pr-iwate/ci-morioka-city/supplier/84239","https://beak-promo.jp/"
"株式会社Shady","https://imitsu.jp/ct-hp-design/pr-osaka/ci-higashiosaka/supplier/453319","https://nesapo.jp/"
"株式会社ビットセンス","https://imitsu.jp/ct-hp-design/pr-aichi/ci-nagoya-city/supplier/74943","https://www.bitsense.co.jp/"
"ハピネスシェア","https://imitsu.jp/ct-hp-design/pr-hyogo/ci-himeji-city/supplier/83578","http://www.happiness-share.net/"
"GrowGroup株式会社","https://imitsu.jp/ct-hp-design/pr-aichi/ci-nagoya_shi_chikusa_ku/supplier/66282","https://grow-group.jp/"
"株式会社クリエル","https://imitsu.jp/ct-hp-design/pr-fukuoka/ci-hakata/supplier/21022","https://www.creal.co.jp/"
"有限会社水谷印刷所","https://imitsu.jp/ct-hp-design/pr-chiba/ci-isumi_gun_onjuku_machi/supplier/348796","https://mizutani-inc.com/"
"株式会社KOSHIKI","https://imitsu.jp/ct-hp-design/pr-tokyo/ci-musashino-city/supplier/162767","https://koshikiad.com/"
"株式会社SAL","https://imitsu.jp/ct-hp-design/pr-tokyo/ci-shinagawa-ku/supplier/12765","http://www.sal.ne.jp/"
"株式会社Reyes","https://imitsu.jp/ct-hp-design/pr-tokyo/ci-toshima-ku/supplier/179715","https://www.reyes-japan.com/"
"株式会社エムアンドシー","https://imitsu.jp/ct-hp-design/pr-aichi/ci-toyokawa_shi/supplier/464343","https://m-and-c.net/"
"株式会社モンゴロイド","https://imitsu.jp/ct-hp-design/pr-osaka/ci-kita/supplier/77838","https://www.mongoroid.com/"
"株式会社ツクヨミ","https://imitsu.jp/ct-hp-design/pr-saitama/ci-iruma_shi/supplier/8667","http://www.tsukuyomi.info/"
"ワクスル合同会社","https://imitsu.jp/ct-hp-design/pr-hiroshima/ci-hiroshima_shi_minami_ku/supplier/177153","https://www.wakusuru.com/"
"LEMITH合同会社","https://imitsu.jp/ct-hp-design/pr-tokyo/ci-chuo-ku/supplier/456339","https://lemith.jp/"
"株式会社ワークプラス","https://imitsu.jp/ct-hp-design/pr-shizuoka/ci-sunto_gun_nagaizumi_cho/supplier/88277","https://work-plus.jp/"
"メディアクロス株式会社","https://imitsu.jp/ct-hp-design/pr-fukuoka/ci-fukuoka_shi_chuuou_ku/supplier/6343","https://medi-cro.jp/"
"株式会社 TANE-be","https://imitsu.jp/ct-hp-design/pr-osaka/ci-kita/supplier/454643","https://tane-be.co.jp/"
"カズミア株式会社","https://imitsu.jp/ct-hp-design/pr-kanagawa/ci-ebina/supplier/5592","https://www.kazmia.jp/"
"株式会社アクシス","https://imitsu.jp/ct-hp-design/pr-gifu/ci-gifu_shi/supplier/93603","https://www.axis-corp.com/"
"株式会社Leo-Link","https://imitsu.jp/ct-hp-design/pr-tokyo/ci-chiyoda-ku/supplier/75076","http://leo-link.jp/"
"株式会社イノーヴインタラクティブ","https://imitsu.jp/ct-hp-design/pr-tokyo/ci-shinjuku-ku/supplier/7479","http://innov-i.co.jp/"
"株式会社ハイブリッド","https://imitsu.jp/ct-hp-design/pr-aichi/ci-toyohashi/supplier/352115","https://81brid.co.jp/"
"株式会社ウェブライト","https://imitsu.jp/ct-hp-design/pr-tokyo/ci-taito-ku/supplier/3364","https://webright.co.jp/"
"デザインワークス桜井制作室","https://imitsu.jp/ct-hp-design/pr-tochigi/ci-sano_shi/supplier/5986","https://www.designwork-s.jp/"
"株式会社free web hope","https://imitsu.jp/ct-hp-design/pr-tokyo/ci-chuo-ku/supplier/58492","https://www.fwh.co.jp/"
"株式会社デジタルダイブ","https://imitsu.jp/ct-hp-design/pr-aichi/ci-nagoya-city/supplier/38715","https://www.digital-dive.com/"
"Junko Design","https://imitsu.jp/ct-hp-design/pr-kumamoto/ci-kuma_gun_yunomae_machi/supplier/79519","https://junko-design.com/"
"株式会社JPクレスト","https://imitsu.jp/ct-hp-design/pr-tochigi/ci-oyama_shi/supplier/94893","https://jpcrest.co.jp"
"株式会社ネクストソリューションズ","https://imitsu.jp/ct-hp-design/pr-tokyo/ci-shibuya-ku/supplier/1312","http://www.nextsolutions.co.jp/"
"株式会社エボルニ","https://imitsu.jp/ct-hp-design/pr-tokyo/ci-koto-ku/supplier/4076","https://www.evol-ni.com/"
"MK-Design（有限会社角屋商店）","https://imitsu.jp/ct-hp-design/pr-gumma/ci-isesaki_shi/supplier/264252","https://mk-design.xyz/"
"株式会社ウイン","https://imitsu.jp/ct-hp-design/pr-ehime/ci-matsuyama/supplier/1097","http://www.pro-win.co.jp/"
"株式会社MagicPlus","https://imitsu.jp/ct-hp-design/pr-tottori/ci-tottori_shi/supplier/92360","https://magic-plus.net/"
"株式会社アックスコンサルティング","https://imitsu.jp/ct-hp-design/pr-tokyo/ci-shibuya-ku/supplier/50749","https://www.accs-c.co.jp/"
"ネオス株式会社","https://imitsu.jp/ct-hp-design/pr-tokyo/ci-chiyoda-ku/supplier/912","https://www.neoscorp.jp/"
"ワールドインテリジェンスパートナーズジャパン株式会社","https://imitsu.jp/ct-hp-design/pr-tokyo/ci-chiyoda-ku/supplier/5206","https://japan.wipgroup.com/"
"株式会社Bridge","https://imitsu.jp/ct-hp-design/pr-osaka/ci-kita/supplier/452980","https://tk-bridge.com/"
"株式会社道洋行","https://imitsu.jp/ct-hp-design/pr-ishikawa/ci-kanazawa-city/supplier/84273","https://michiyoko.co.jp/"
"株式会社ブランズハッチ","https://imitsu.jp/ct-hp-design/pr-saitama/ci-fukaya_shi/supplier/160021","https://www.bhnet.co.jp/"
"株式会社Hide&Seek","https://imitsu.jp/ct-hp-design/pr-fukuoka/ci-fukuoka_shi_chuuou_ku/supplier/461394","https://www.hideandseek.co.jp/"
"株式会社銭内堂","https://imitsu.jp/ct-hp-design/pr-niigata/ci-shibata_shi/supplier/416175","https://zeninaido.jp/"
"KTAXweb ソリューション有限会社","https://imitsu.jp/ct-hp-design/pr-tokyo/ci-chiyoda-ku/supplier/69641","http://www.ktaxweb.com/"
"Tuzukisecond（つづきセカンド）","https://imitsu.jp/ct-hp-design/pr-kanagawa/ci-yokohama-city/supplier/75331","http://tuzukisecond.net/"
"株式会社IMDEX（イムデックス）","https://imitsu.jp/ct-hp-design/pr-saitama/ci-kumagaya-city/supplier/14988","http://www.imdex.jp/"
"株式会社日宣メディックス","https://imitsu.jp/ct-hp-design/pr-ibaraki/ci-mito-city/supplier/272059","https://nissenmedix.co.jp/"
"えるさす株式会社","https://imitsu.jp/ct-hp-design/pr-tochigi/ci-nasushiobara_shi/supplier/464349","https://www.elseus.com/"
"株式会社ニジモ","https://imitsu.jp/ct-hp-design/pr-tokyo/ci-shibuya-ku/supplier/8897","https://www.nijimo.jp/"
"MARQS株式会社","https://imitsu.jp/ct-hp-design/pr-osaka/ci-chuo/supplier/85223","https://marqs.co.jp/"
"株式会社飛躍","https://imitsu.jp/ct-hp-design/pr-tokyo/ci-minato-ku/supplier/92034","https://hiyaku-inc.com/"
"株式会社RapportStyle（ラポールスタイル）","https://imitsu.jp/ct-hp-design/pr-tokyo/ci-shinagawa-ku/supplier/90120","https://rapportstyle.com/"
"株式会社ドアズ","https://imitsu.jp/ct-hp-design/pr-hyogo/ci-kobe-city/supplier/8777","http://dis.ne.jp/"
"ism株式会社","https://imitsu.jp/ct-hp-design/pr-tokyo/ci-minato-ku/supplier/78182","https://isminc.jp/"
"株式会社CARTA ZERO","https://imitsu.jp/ct-hp-design/pr-tokyo/ci-minato-ku/supplier/1190","https://www.cartazero.co.jp/ja"
"有限会社デザインスタジオ・エル","https://imitsu.jp/ct-hp-design/pr-nagano/ci-nagano-city/supplier/11678","https://designstudio-l.jp/"
"株式会社マスドライバー","https://imitsu.jp/ct-hp-design/pr-tokyo/ci-minato-ku/supplier/69645","http://www.massdriver.co.jp/"
"GMO TECHホールディングス株式会社","https://imitsu.jp/ct-hp-design/pr-tokyo/ci-shibuya-ku/supplier/37518","https://hd.gmotech.jp/"
"株式会社インターコード","https://imitsu.jp/ct-hp-design/pr-okinawa/ci-naha-city/supplier/39544","https://www.i-chord.com/"
"ウェブコンビニエンス","https://imitsu.jp/ct-hp-design/pr-osaka/ci-toyonaka/supplier/5200","https://www.web-con.net/"
"株式会社フェアグラウンド","https://imitsu.jp/ct-hp-design/pr-tokyo/ci-shibuya-ku/supplier/455518","https://www.fairground.co.jp"
"株式会社フラッシュエッヂ","https://imitsu.jp/ct-hp-design/pr-okinawa/ci-naha-city/supplier/20741","https://www.flash-edge.com/"
"株式会社コバックス","https://imitsu.jp/ct-hp-design/pr-niigata/ci-nagaoka-city/supplier/464378","https://go-kobax.jp/"
"株式会社越山内 R&M Design","https://imitsu.jp/ct-hp-design/pr-nagano/ci-iida_shi/supplier/464152","https://randm-design.net/"
"株式会社ランプ","https://imitsu.jp/ct-hp-design/pr-kyoto/ci-kyoto_shi_nakagyo_ku/supplier/63679","https://lamp.jp/"
"IMAGE POCKET","https://imitsu.jp/ct-hp-design/pr-oita/ci-oita-city/supplier/42119","http://imagepocket.jp/"
"株式会社ウィンキューブホールディングス","https://imitsu.jp/ct-hp-design/pr-tokyo/ci-shinjuku-ku/supplier/39237","https://win-cube-holdings.co.jp/"
"株式会社レッドキリン","https://imitsu.jp/ct-hp-design/pr-fukuoka/ci-fukuoka_shi_chuuou_ku/supplier/15152","http://www.redkirin.co.jp/"
"アルゴノーツ株式会社","https://imitsu.jp/ct-hp-design/pr-chiba/ci-chiba_shi_midori_ku/supplier/17518","https://argonauts-web.com/"
"アエッタインターネット有限会社","https://imitsu.jp/ct-hp-design/pr-tochigi/ci-nasushiobara_shi/supplier/464350","https://www.aetta.co.jp/"
"株式会社Aveire","https://imitsu.jp/ct-hp-design/pr-osaka/ci-sakai-city/supplier/73997","https://aveire.co.jp/"
"ササエル","https://imitsu.jp/ct-hp-design/pr-tokyo/ci-katsushika-ku/supplier/18659","http://sasaelle.com/"
"株式会社イチゴウ","https://imitsu.jp/ct-hp-design/pr-tokyo/ci-shinjuku-ku/supplier/39874","http://1gou.jp/"
"株式会社アイキュー","https://imitsu.jp/ct-hp-design/pr-hokkaido/ci-sapporo_shi_chuuou_ku/supplier/3261","https://www.a19.jp/"
"有限会社スプール","https://imitsu.jp/ct-hp-design/pr-hiroshima/ci-hiroshima_shi_higashi_ku/supplier/283038","https://spool-net.jp/"
"株式会社UNPERIOD（アンピリオド）","https://imitsu.jp/ct-hp-design/pr-tokyo/ci-tama-city/supplier/260396","https://www.unperiod.co.jp/"
"株式会社 IGNITE","https://imitsu.jp/ct-hp-design/pr-osaka/ci-kita/supplier/352757","https://igni7e.jp"
"株式会社スタジオエスアンドシー","https://imitsu.jp/ct-hp-design/pr-tokyo/ci-minato-ku/supplier/39384","http://studiosc.co.jp/"
"株式会社ロッド","https://imitsu.jp/ct-hp-design/pr-osaka/ci-chuo/supplier/64631","http://www.rod-design.co.jp/"
"株式会社ジーサイトプランニング","https://imitsu.jp/ct-hp-design/pr-fukuoka/ci-yame_shi/supplier/264322","http://g-site.jp/"
"株式会社ファインリンク","https://imitsu.jp/ct-hp-design/pr-tokyo/ci-shinjuku-ku/supplier/64433","https://www.fine-link.net/"
"サイバーステーション株式会社","https://imitsu.jp/ct-hp-design/pr-ishikawa/ci-kanazawa-city/supplier/60096","https://www.cyberstation.co.jp/"
"株式会社リベイス","https://imitsu.jp/ct-hp-design/pr-tokyo/ci-shibuya-ku/supplier/162647","https://libase.jp/"
"株式会社ラブアンドフリー","https://imitsu.jp/ct-hp-design/pr-tokyo/ci-shibuya-ku/supplier/43366","http://www.loveandfree.jp/"
"株式会社ウィル","https://imitsu.jp/ct-hp-design/pr-kanagawa/ci-yokohama-city/supplier/61547","http://www.will-hp.com/"
"株式会社 TomTak","https://imitsu.jp/ct-hp-design/pr-hiroshima/ci-hiroshima_shi_naka_ku/supplier/178319","https://tomtak.com/"
"株式会社ドリームプロダクション沖縄","https://imitsu.jp/ct-hp-design/pr-okinawa/ci-ginowan_shi/supplier/75636","https://www.okinawa-dreamer.net/"
"株式会社Origia","https://imitsu.jp/ct-hp-design/pr-osaka/ci-osaka-city/supplier/75984","http://www.origia.jp"
"有限会社ビットシステム","https://imitsu.jp/ct-hp-design/pr-kanagawa/ci-hiratsuka/supplier/67372","https://www.bit7351.com/"
"スポットライト","https://imitsu.jp/ct-hp-design/pr-gifu/ci-ibi_gun_ibigawa_cho/supplier/464108","https://spotlightsme.com/"
"株式会社花のや","https://imitsu.jp/ct-hp-design/pr-aichi/ci-nagoya-city/supplier/61533","https://www.hanano-ya.jp/"
"株式会社シンフィールド","https://imitsu.jp/ct-hp-design/pr-tokyo/ci-chiyoda-ku/supplier/8437","https://mangalpo.net/"
"マックスプランニング合資会社","https://imitsu.jp/ct-hp-design/pr-hyogo/ci-himeji-city/supplier/83576","http://maxx.jp/"
"アクシスイノベーション株式会社","https://imitsu.jp/ct-hp-design/pr-tokyo/ci-chiyoda-ku/supplier/8486","https://www.innov-axis.jp/"
"株式会社Brandea","https://imitsu.jp/ct-hp-design/pr-aichi/ci-nagoya-city/supplier/446855","https://brandea.co.jp/"
"株式会社アルテックス","https://imitsu.jp/ct-hp-design/pr-nagano/ci-matsumoto-city/supplier/463828","https://ct-artex.co.jp/"
"Bakutoba lab株式会社","https://imitsu.jp/ct-hp-design/pr-hokkaido/ci-sapporo_shi_kita_ku/supplier/17387","http://bakutoba-lab.com/"
"株式会社ジャム","https://imitsu.jp/ct-hp-design/pr-fukuoka/ci-kitakyushu-city/supplier/76267","https://jam-com.jp/"
"株式会社ジオラマ","https://imitsu.jp/ct-hp-design/pr-ishikawa/ci-kanazawa-city/supplier/460709","https://diorama.tv/"
"株式会社Rabo","https://imitsu.jp/ct-hp-design/pr-tokyo/ci-meguro-ku/supplier/360680","https://r-abo.com/"
"株式会社フルスペック","https://imitsu.jp/ct-hp-design/pr-hokkaido/ci-sapporo-city/supplier/78066","https://full-spec.co.jp/"
"株式会社トライム","https://imitsu.jp/ct-hp-design/pr-tokyo/ci-minato-ku/supplier/8835","https://try-m.co.jp/"
"株式会社blow-in","https://imitsu.jp/ct-hp-design/pr-osaka/ci-izumisano/supplier/83260","https://blow-in.net/"
"ディーエムソリューションズ株式会社","https://imitsu.jp/ct-hp-design/pr-tokyo/ci-musashino-city/supplier/895","http://www.dm-s.co.jp/"
"有限会社メルヴェイユ","https://imitsu.jp/ct-hp-design/pr-tokyo/ci-minato-ku/supplier/11865","https://www.merveilles.co.jp/"
"Jトラストシステム株式会社","https://imitsu.jp/ct-hp-design/pr-tokyo/ci-minato-ku/supplier/65401","http://jtrustsystem.co.jp/"
"リビジョン株式会社","https://imitsu.jp/ct-hp-design/pr-tokyo/ci-shinjuku-ku/supplier/93534","https://reinc.jp/"
"株式会社コレリィアンドアトラクト","https://imitsu.jp/ct-hp-design/pr-tokyo/ci-minato-ku/supplier/8197","https://collely-at.com/"
"株式会社　Heart full Life","https://imitsu.jp/ct-hp-design/pr-shiga/ci-moriyama_shi/supplier/177260","https://hfl.co.jp/"
"有限会社アイリアル","https://imitsu.jp/ct-hp-design/pr-tokyo/ci-chiyoda-ku/supplier/11337","http://www.aireal.co.jp/"
"株式会社アンテナ","https://imitsu.jp/ct-hp-design/pr-osaka/ci-chuo/supplier/345697","https://antenna-info.jp/"
"株式会社マイクロ・マーケティング","https://imitsu.jp/ct-hp-design/pr-tokyo/ci-musashino-city/supplier/452086","https://www.micro-m.com/"
"woof株式会社","https://imitsu.jp/ct-hp-design/pr-tokyo/ci-nakano-ku/supplier/350133","https://www.woof.tokyo/"
"株式会社プライムスタイル","https://imitsu.jp/ct-hp-design/pr-tokyo/ci-shinjuku-ku/supplier/9234","http://www.primestyle.co.jp/"
"株式会社Ryuki Design（リューキデザイン）","https://imitsu.jp/ct-hp-design/pr-osaka/ci-chuo/supplier/463438","https://ryuki-design.jp/"
"メディカルメディア株式会社","https://imitsu.jp/ct-hp-design/pr-wakayama/ci-wakayama_shi/supplier/463532","https://www.sekkotsu-senyouhp.com/"
"株式会社AXIS","https://imitsu.jp/ct-hp-design/pr-tokyo/ci-shinjuku-ku/supplier/368335","https://axis-companny.jp/"
"ユニークス株式会社","https://imitsu.jp/ct-hp-design/pr-tokyo/ci-shinagawa-ku/supplier/92229","http://uniiiques.co.jp/"
"株式会社ウィッシュポケット","https://imitsu.jp/ct-hp-design/pr-tokyo/ci-minato-ku/supplier/7576","https://wishpocket.co.jp"
"株式会社クーネルワーク","https://imitsu.jp/ct-hp-design/pr-niigata/ci-niigata_shi_nishi_ku/supplier/66603","https://ng-life.jp/"
"エノー株式会社","https://imitsu.jp/ct-hp-design/pr-tokyo/ci-edogawa-ku/supplier/58495","http://enow.co.jp/"
"セキ株式会社","https://imitsu.jp/ct-hp-design/pr-ehime/ci-matsuyama/supplier/873","http://www.seki.co.jp/"
"adoa株式会社","https://imitsu.jp/ct-hp-design/pr-fukuoka/ci-jonan/supplier/89089","https://adoa.jp/"
"株式会社コウェル","https://imitsu.jp/ct-hp-design/pr-tokyo/ci-shinagawa-ku/supplier/72442","https://m-and-g.tech/"