広島,システム開発・Web広告・ホームページ制作・Cg制作なら広島の ...,https://www.tss-sw.co.jp/,https://www.tss-sw.co.jp/contact/index.php?type=C01
千葉,WEBシステムやアプリ開発の依頼・相談なら|株式会社テレマ,https://www.telema.co.jp/,https://www.telema.co.jp/contact.html
つくば,株式会社シンプルウェイ | システム開発・ウェブサイト制作,https://www.simple-way.co.jp/,https://www.simple-way.co.jp/contact/
福岡,福岡で、システム開発・Web制作・Itインフラ整備なら【マージ ...,https://www.merges.co.jp/,https://www.merges.co.jp/contact
岐阜,株式会社ソエル|システム・アプリケーションソフト開発を ...,https://sowel.co.jp/,https://sowel.co.jp/contact
長野,ホームページ制作 - 長野県のデザイン・動画・ウェブサイト制作,https://web.naganosd.com/,https://web.naganosd.com/#contact
富山,有限会社シーズプランニング | 富山県のホームページ制作・Web ...,https://www.csplan.jp/,https://www.csplan.jp/contact/
市原,市原市の都市計画の概要 | 市原市ウェブサイト,https://www.city.ichihara.chiba.jp/article?articleId=6023710fece4651c88c17ef0,https://www.city.ichihara.chiba.jp/categoryCuration?themeId=1007
四万十,第2次四万十市環境基本計画について - 四万十市公式ホームページ,https://www.city.shimanto.lg.jp/site/plans/3423.html,https://www.city.shimanto.lg.jp/site/plans/3423.html#sp_headline_0
千葉,システム・ホームページ制作 千葉|中小企業・個人事業主向け ...,https://www.element-system.co.jp/,https://www.element-system.co.jp/contact/
宇部,システム開発・ホームページ制作・Itコンサルティング | 有限 ...,https://tt-inc.co.jp/,https://tt-inc.co.jp/contact/
熊本,リードテックシステム株式会社 | Webシステム開発は熊本の ...,https://www.leadtecs.co.jp/,https://www.leadtecs.co.jp/contact/
明石,格安ホームページ制作・ウェブシステム開発|兵庫 神戸 明石 ...,https://www.ah-key.com/,https://www.ah-key.com/contact/
新座,都市計画課 - 新座市ホームページ,https://www.city.niiza.lg.jp/soshiki/32/,https://www.city.niiza.lg.jp/life/17/110/
田辺,SeCure Protect|ネットワーク構築・サーバー構築の和歌山県IT ...,https://www.secure-protect.jp/,https://www.secure-protect.jp/contact
長浜,ABOUT US | IT-WAVE Corp.|システム開発|ハード販売|WEB ...,http://www.it-wave.jp/index.php?cs=tp&ac=sy,
足利,アプリデータシステム株式会社 | 企業様向けのシステム開発 ...,http://www.applidata.co.jp/aboutus.html,
宇都宮,栃木県宇都宮市のweb系システム開発会社|株式会社 アルフォ,https://tech.alfo.jp/,https://tech.alfo.jp/contact/
新座,株式会社ダンデライオン | 秋葉原・神田 Webサイト制作・開発,http://dande-lion.co.jp/,
三条,株式会社カンナート|WEB制作・システム開発・事業化支援,https://www.kannart.co.jp/,https://www.kannart.co.jp/blog/inquiry/
福井,システム開発|福井のWeb制作・コンサルティング会社 ...,https://tono-sama.net/webdesign/system/,https://tono-sama.net/contact/
守口,iPhoneアプリ開発 大阪|ホームページ制作|株式会社ドラプロ,https://www.dorapro.co.jp/,https://www.dorapro.co.jp/mail.php
米子,米子アリーナ | Web制作&システム開発 - 有限会社Willさんいん,https://www.will3in.co.jp/production/works/web-4007/,https://www.will3in.co.jp/production/contact/
つくば,Webシステム開発・システム構築|茨城県つくば市のつくば ...,https://www.tsukuba.co.jp/,https://www.tsukuba.co.jp/email1.html
川西,川西 - お問合せ:Webシステム制作開発 ホームページ制作 ...,https://e-na123.com/area_kawanishi.html,https://e-na123.com/contact.html
小田原,神奈川県小田原市 ホームページ制作・webシステム制作 サン ...,https://sunmedia-japan.com/,mailto:contact@sunmedia-japan.com
松山,松山市のホームページ制作 | 株式会社itc,https://japanitc.com/,https://japanitc.com/contact
福山,システム開発・web開発-福山市のモックアップシステム株式会社,http://mockupsys.com/,
丸亀,インスリット Linux Web開発 香川県丸亀市,http://www.inslit.co.jp/,https://www.inslit.co.jp/inquiry/index.html
佐賀,Webシステム開発|株式会社プライム[佐賀県佐賀市],https://www.prime18.co.jp/main/35.html,https://www.prime18.co.jp/main/22.html
草津,Pivot - Web・アプリ・システムのui・Uxデザイン企画・開発,https://pivot.jp/,https://pivot.jp/contact
富山,システム開発・アプリ開発|株式会社システムコボ,https://www.system-cobo.co.jp/,https://www.system-cobo.co.jp/#contact
宇治,都市計画課 - 宇治市公式ホームページ - Uji,https://www.city.uji.kyoto.jp/soshiki/73/,https://www.city.uji.kyoto.jp/form/detail.php?sec_sec1=73
和歌山,和歌山で実力のあるWeb制作会社5選 - ポップインサイト,https://popinsight.jp/blog/?p=3958,https://popinsight.jp/inquiry/
多治見,Invision - ウェブ・アプリ開発+デザイン - 株式会社インビジョン,https://invision.co.jp/,https://invision.co.jp/#contact
北見,【スカイハイ】ネットワーク構築・Web制作・ソフトウェア開発 ...,https://www.skyhigh-kitami.jp/,
東京,受託開発 【システム開発・ソフトウェア・アプリケーション ...,https://santec.biz/system_kaihatsu/,https://santec.biz/contact/
高松,Webアプリケーション・スマホアプリなら香川・高松の【K ...,https://www.ksyssol.co.jp/,https://www.ksyssol.co.jp/contact/
佐賀,システム開発 | 株式会社サインズ | 佐賀のホームページ制作会社,https://sainsweb.jp/service/system.html,https://sainsweb.jp/contact/index.html
岡崎,愛知県岡崎市のweb制作会社 株式会社イーダ [公式],https://iii-da.co.jp/,https://iii-da.co.jp/contact.php
鳥栖,鳥栖市ホームページ - 株式会社システムソフトと進出協定を ...,https://www.city.tosu.lg.jp/soshiki/18/85113.html,https://www.city.tosu.lg.jp/form/detail.php?sec_sec1=7
東京,事業内容 - 東京アプリケーションシステム,https://www.tasc.co.jp/business-contents/,
上越,Faシステム|株式会社 菱電社(公式ホームページ),http://www.ryodensya.co.jp/publics/index/187/,
岡崎,株式会社 Bandai - システム開発 / Pc販売・社内保守 / Web関連 ...,https://www.k-bandai.com/,https://www.k-bandai.com/contact
唐津,唐津市開発行為指導要綱 - 唐津市ホームページ(都市計画課),https://www.city.karatsu.lg.jp/page/4469.html,https://www.city.karatsu.lg.jp/page/4469.html#toc9
春日,業務系・Web系・工場系システム開発の株式会社ギガ・システム,https://www.giga-system.co.jp/,https://www.giga-system.co.jp/contact
津,三重・津のアプリ/システム開発 | Thrime app,https://www.thrime-app.com/,https://www.thrime-app.com/contact-form.html
新座,都市計画・開発・交通 - 新座市ホームページ,https://8cff26913a4a855cebce850c7594d3f4.cdnext.stream.ne.jp/life/17/105/,
豊橋,ホームページ制作・システム開発 愛知県 豊橋市|Aiming-エイ ...,https://aiming.jp/,https://aiming.jp/contact/
一宮,愛知県一宮市のWEB制作・システム開発 | tiny-p,https://tiny-p.com/,https://tiny-p.com/#contact
米子,米子市全域でフレイル予防アプリを展開 | Scala Group / 株式会社 ...,https://scalagrp.jp/news/2024/09-frailty/,https://scalagrp.jp/information/
飯田,Sustechが開発する電力運用プラットフォーム「ELIC」、業界水準 ...,https://sustech-inc.co.jp/press-release/2022080901/,https://sustech-inc.co.jp/contact/
所沢,ホームページ制作・システム開発 埼玉県(入間市・狭山市 ...,https://www.wanokoto.jp/,https://www.wanokoto.jp/contact
大阪,Webシステム開発・アプリ開発 大阪 マイスター・ギルド,https://www.m-gild.com/,https://www.m-gild.com/contact/
西宮,システム開発 | ホームページ制作 大阪 神戸 西宮|LAF Design,https://lafdesign.co.jp/service/system-development/,https://lafdesign.co.jp/contact
市川,千葉を拠点として、As400をプラットフォームにしたrpg・Web ...,https://amu-net.co.jp/,https://amu-net.co.jp/amulet/contact/
西尾,事例|西尾レントオール 株式会社 ~C/S型、Web型、iOS ...,https://www.imagazine.co.jp/%E8%A5%BF%E5%B0%BE%E3%83%AC%E3%83%B3%E3%83%88%E3%82%AA%E3%83%BC%E3%83%AB-%EF%BD%9C-c-s%E5%9E%8B%E3%80%81web%E5%9E%8B%E3%80%81ios%E3%83%8D%E3%82%A4%E3%83%86%E3%82%A3%E3%83%96%E5%9E%8B%E6%B7%B7%E5%9C%A8/,https://www.imagazine.co.jp/contact/
朝霞,【朝霞】11/24 (月・祝)1dayweb選考会 電動・電装システム ...,https://career.nikkei.com/agent/274/jobdetail3680682/,https://career.nikkei.com/help/
加古川,会社概要 | webデータベースによるIT業務支援システム開発 兵庫 ...,https://r-evo.jp/corp/,https://r-evo.jp/inquiry/
浜松,WEBシステム開発の株式会社レジアス,https://www.rexius.co.jp/,https://www.rexius.co.jp/contact/index
倉敷,倉敷システムデザインWEBサイト,http://kurashiki-system.co.jp/,
岡山,株式会社システムエンタープライズ | 岡山のシステム開発ならsec,https://www.s-enter.com/,https://www.s-enter.com/contact
豊橋,愛知県豊橋市で格安ホームページ制作やシステム開発なら ...,https://mixq.net/,https://mixq.net/contact.php
生駒,生駒データサービスシステム、Webサービス「Idss-creis ...,https://www.re-port.net/article/news/0000005201/,https://www.fudosanryutsu.co.jp/contact/
大和,ホームページ - 大和システム株式会社,https://daiwasys.co.jp/,https://daiwasys.co.jp/contact
春日部,会社案内|WEBシステム開発の「おおとねシステム」,http://www.ohtonesystem.com/company/index.html,
所沢,株式会社meeds | システム・アプリ開発、HP作成、SES| 日本,https://www.meeds.co.jp/,https://www.meeds.co.jp/
尾道,株式会社みつぎ - 広島県尾道市のweb制作会社・ホームページ ...,https://hd.mitsugi-inc.com/,https://hd.mitsugi-inc.com/contact/
金沢,株式会社トリニティコアシステム|It&Web総合企業|石川県 ...,https://tri-cs.jp/,https://tri-cs.jp/contact/
静岡,静岡・静岡市のWEBシステム開発|株式会社インスピレーション,https://insp.cc/system/,https://insp.cc/contact/
徳島,株式会社コバヤシ|徳島のホームページ制作・WEBシステム開発,https://kmc-soft.net/,https://kmc-soft.net/contact/
久留米,株式会社TASホームページ,https://tas-solutions.co.jp/,https://tas-solutions.co.jp/contact-us/
千葉,Top | 株式会社クレッジ | 千葉県松戸市 | システム開発 | Web制作,https://www.credge.co.jp/,https://www.credge.co.jp/contact/
松山,松山市|システム開発|(株)リーフウェブ|顧客表データ管理 ...,https://leaf-web.net/other.html,https://leaf-web.net/contact.html
新居浜,愛媛県 新居浜市のホームページ制作/システム開発 | 株式会社 ...,https://www.jspsys.net/,
向日,都市計画課 - 向日市公式ホームページ,https://www.city.muko.kyoto.jp/soshiki/25/,https://www.city.muko.kyoto.jp/life/1/4/
津山,株式会社アサンテ | 岡山県津山市 - IT・インターネット・Webの ...,https://asantesana.jp/,
豊橋,会社概要 | 【Osc】業務効率化、Dx支援からホームページ制作 ...,https://www.osc-kk.co.jp/company/,https://www.osc-kk.co.jp/company/#
東京,Webシステム開発とWebサイト制作の依頼・外注ならクリーヴァ ...,https://creava.co.jp/,https://creava.co.jp/contact
春日井,アリッツ株式会社 - 愛知県春日井市のウェブコンサルティング ...,https://www.alitz.co.jp/,https://www.alitz.co.jp/inquiry/
一宮,会社概要 | 愛知県一宮市、岐阜、名古屋でホームページ制作 ...,https://sakaiitproject.com/about/,http://sakaiitproject.com/contact/
長岡,新潟県長岡市 Webアプリケーション開発 株式会社ブレーク,https://break.ac/,https://break.ac/contact.php
飯田,いいだWebまっぷ - 飯田市公開型地理情報システム,https://iida.geocloud.jp/,
熊谷,ホームページ制作 システム開発のsic | 埼玉県熊谷市の個人事業所,https://sic-main.com/,https://sic-main.com/contact/
松江,会社情報 - 島根県松江市のシステム開発・ウェブ制作会社 ...,https://cherryllc.net/website/company/,https://cherryllc.net/website/contact/
東広島,入札・契約・事業者募集/東広島市ホームページ - Higashihiroshima,https://www.city.higashihiroshima.lg.jp/sangyo/nyusatsu/index.html,https://www.city.higashihiroshima.lg.jp/toiawase.html
東京,東京Laravel開発:Webサービス、業務システム、API開発まで対応,https://dx.shiro-holdings.co.jp/tokyo-laravel/,https://dx.shiro-holdings.co.jp/contact/
西宮,システム開発 アプリ開発 ホームページ作成 株式会社ソフト ...,https://smjapan.co.jp/,https://smjapan.co.jp/contact/
大村,株式会社mairu tech / 株式会社 mairu mobility,https://www.mairutech.com/,https://www.mairutech.com/#contact
呉,株式会社ジテック | 広島(東広島市・呉市)のシステム開発・ホームページ制作・ロゴデザインの会社,https://gtec-inc.co.jp/,https://gtec-inc.co.jp/contact/
大阪,スキルシステムズ | システム構築、Ec構築、It顧問,https://www.skill-systems.co.jp/,https://www.skill-systems.co.jp/contact/?post_id=17
下関,会社概要 - シーモール(Seamall)のホームページ-下関商業 ...,https://www.seamall.jp/gaiyou/,https://www.seamall.jp/gaiyou/?page_id=363
岐阜,株式会社web-wing | Webシステム開発 岐阜県大垣市 | ソフ ...,https://www.web-wing.co.jp/,https://www.contact-web.jp/
伊丹,PDF 半導体関連企業マップ - 兵庫県ホームページ,https://web.pref.hyogo.lg.jp/sr11/documents/map_handoutai1.pdf,
福岡,【公式】アーモン株式会社|福岡|システム開発|WEBサイト制作,https://armon.co.jp/,https://armon.co.jp/category/contact/
名古屋,株式会社インビリティー | 名古屋のアプリ開発・システム開発 ...,https://inbility.co.jp/service.html,https://inbility.co.jp/contact.html
越谷,ホームページ制作・システム開発ならWebFamil【埼玉県越谷市】,https://webfamil.com/,https://webfamil.com/contact
白山,株式会社wapon|石川県でWebシステム・アプリ開発ならワポンまで!,https://wapon.co.jp/,https://wapon.co.jp/contact/
佐賀,佐賀・福岡でのWebサイト・ホームページ制作、システム開発 ...,https://spec2011.com/,
名古屋,名古屋のシステム受託開発【株式会社リオ】- Web・アプリ開発 ...,https://www.rio.ne.jp/lp/system/,https://www.rio.ne.jp/contact/
大津,株式会社アドバンスフォート | Web・Aiシステム開発,https://advanceffort.jp/,https://advanceffort.jp/contact
岐阜,株式会社DDDsystem | 名古屋・岐阜のシステム開発、WEB ...,https://ddd-system.co.jp/,https://ddd-system.co.jp/contact
春日部,製造管理システム・Ai活用の教育アプリ開発 |春日部市 ソフ ...,https://softech-iot.jp/,https://softech-iot.jp/index.html#contact
長岡,株式会社 システムスクエア | Tech Nagaoka [テックナガオカ],https://www.tech-nagaoka.jp/company/sa/195.html,
奈良,AI×システム開発・アプリ開発|奈良・生駒|ITエンパワーメント,https://it-empowerment.com/,https://it-empowerment.com/#contact
松江,株式会社システムデザイン・アクティ ~ ホームページ制作 ...,https://www.acty.ne.jp/,https://www.acty.ne.jp/feedback.html
北九州,東京・神奈川・北九州市のシステム開発 / ホームページ制作 ...,https://kizuna-nagomi.jp/,https://kizuna-nagomi.jp/contact/
池田,システム開発評価・危機管理センター(sdecc) | 池田市,https://www.info7.biz/%E3%82%B7%E3%82%B9%E3%83%86%E3%83%A0%E9%96%8B%E7%99%BA%E8%A9%95%E4%BE%A1%E3%83%BB%E5%8D%B1%E6%A9%9F%E7%AE%A1%E7%90%86%E3%82%BB%E3%83%B3%E3%82%BF%E3%83%BC%EF%BC%88sdecc%EF%BC%89,https://www.info7.biz/contact
桑名,桑名市公式ホームページ,https://www.city.kuwana.lg.jp/index.html,https://www.city.kuwana.lg.jp/kurashi/madoguchi/index.html
大阪,Webシステム開発 大阪 | テラウェーブ・システム株式会社,https://terawave.co.jp/,https://terawave.co.jp/contact.php
八千代,会社案内|株式会社八千代電機システム(公式ホームページ),https://yes1960.co.jp/publics/index/3/,
三豊,Research and Development | 三豊機工株式会社ホームページ ...,https://www.mitsutoyo.co.jp/?page=RAD,https://www.mitsutoyo.co.jp/?page=contact
鳥栖,Eight Prism | システム開発やweb制作をワンストップ,https://eightprism.main.jp/,https://eightprism.main.jp/contact.html
長野,長野県松本市のシステム開発とweb制作 | 株式会社アレックス,https://alex.nagano.jp/,
北九州,北九州 株式会社pclec 【システム開発】,https://pclecture.com/posmake.html,https://pclecture.com/mail.html
西宮,会社概要 - Idec Auto-id Solutionsは自動認識でdxや ...,https://ias.co.jp/about/profile,https://ias.co.jp/inquiry
飯田,株式会社キャスティネット - Webシステム開発・ローカル ...,https://castynet.work/,https://castynet.work/castynet_contact
京都,京都|システム開発・Webサイト構築|株式会社 プライマル,http://www.primal.co.jp/,
大津,"""滋賀 デザインカロン合同会社 | 大津・草津 Webデザイン","印刷 ...""",
岩国,AR・Web制作会社 - プラージュ,https://www.prage.jp/,https://www.prage.jp/contact
岡山,NETCITYS株式会社 - Webシステム開発、SIer - 岡山,https://www.netcitys.co.jp/,https://www.netcitys.co.jp/common/otoiawase_approval.html
市原,【Fitec株式会社】【千葉/市原市】業務システム開発・運用 ...,https://tenshoku-ex.jp/job_38830640,
神戸,チームit神戸 - 兵庫・神戸のシステム開発、ホームページ制作 ...,https://www.it-kobe.org/,https://www.it-kobe.org/otoiawase
枚方,総合事業Web操作説明書(枚方市サービス提供事業者様向け ...,https://brainservice.co.jp/infomation/page-2015/,https://brainservice.co.jp/contact/
新座,株式会社コムベース | Hp製作からオリジナルwebシステム開発 ...,https://combase.co.jp/,https://combase.co.jp/contact
所沢,ノバシステムホームページ,http://www.novasys.co.jp/,
千葉,千葉県船橋市でウェブデザイン・システム開発・Sesのことなら ...,https://we-with.co.jp/,https://we-with.co.jp/company/info/
東京,シナゲート株式会社 - 東京のシステム開発・Web制作会社,https://www.synergate.co.jp/,
新居浜,Sunabacoの受講生が開発した災害対応アプリが、新居浜市 ...,https://sunabaco.com/news/0603/,https://sunabaco.com/contact/
新居浜,新居浜高専PICマイコン学習キットVer.3 完全ガイド - Gihyo Direct,https://direct.gihyo.jp/view/item/000000003021?category_page_id=programming,https://direct.gihyo.jp/view/item/000000003021?category_page_id=programming#makeshop-common-contact-url
春日部,春日部市のse・プログラマ(ビジネスアプリケーション系 ...,https://haken.en-japan.com/w_102644266/,https://enhaken.zendesk.com/hc/ja
四日市,生産管理システム開発、WEBシステム開発のAtlas Corporation,http://www.atlascorp.co.jp/company.html,
津,株式会社エクサソリューションズ | Webサイト制作・システム開発,https://www.exa-sol.co.jp/,https://www.exa-sol.co.jp/#contact
大阪,株式会社エポック-大阪|システム・アプリ開発,https://e-poch.jp/,https://e-poch.jp/contact/
姫路,アプリ開発・WEB制作・AI活用 | Zept合同会社 | 姫路市、関西,https://www.zept7.com/,https://zept7.com/Information/2025/04/24/post-162/
松本,株式会社アルテックス | ソフトウェア開発・Web制作 ...,https://ct-artex.co.jp/,https://ct-artex.co.jp/hp-free-consultation/
苫小牧,概要・沿革 | I・Tecソリューションズ,https://www.itecsol.jp/company/profile/,https://www.itecsol.jp/contact/
松戸,Bonds Labo | 千葉県松戸市のWEB制作、システム開発,https://bonds-labo.com/,https://bonds-labo.com/contact/
広島,株式会社アイエム | アプリ、システム開発、アウトソーシング,https://imcorp.jp/,https://imcorp.jp/#contact
新居浜,ファンタイム FUNTIME Ltd. - WEBシステム開発&PC販売,https://funtime.co.jp/,
八代,アグリシステム総合研究所 - 熊本県ホームページ,https://www.pref.kumamoto.jp/soshiki/75/50230.html,https://www.pref.kumamoto.jp/life/sub/8/
徳島,四国システム開発株式会社ホームページ閉鎖のお知らせ|四国 ...,https://www.ssdc.co.jp/,
京都,株式会社ピクチャレスク - 京都のウェブ制作&システム開発 ...,https://www.picturesque.co.jp/,
東京,会社概要 | コアソフト|システム開発・ホームページ制作・Dx ...,https://www.coresoft-net.co.jp/compnay/profile/,
東広島,51.東広島市|広島県DX推進コミュニティ(公式ホームページ),https://hiroshima-dx.jp/pages/255/,
函館,株式会社アプリシステムズ - 北海道函館市のit企業,https://www.aplsys.co.jp/index.html,https://www.aplsys.co.jp/query.html
岩国,株式会社ウイズ・ワン (WISS1) - Webアプリケーションを中心とし ...,https://wiss1.co.jp/,https://wiss1.co.jp/contact-us/
守口,Studio Habit - 大阪府守口市のシステム開発・アプリ開発・ホーム ...,https://studio-habit.com/,https://studio-habit.com/#contact
横浜,オリジナルWebシステム|Webシステム開発横浜、株式会社 ...,https://www.attrise.jp/,https://www.attrise.jp/contact/
神戸,神戸ソフト株式会社 | 神戸のシステム・アプリ開発会社,https://kobesoft.co.jp/,https://kobesoft.co.jp/contact/
千葉,Webシステム開発・Androidアプリ開発|千葉県柏市|株式会社 ...,https://lumitec.co.jp/,https://lumitec.co.jp/hp/%e3%81%8a%e5%95%8f%e3%81%84%e5%90%88%e3%82%8f%e3%81%9b/
浜松,Coason (コアソン) | システム開発・業務アプリケーション開発 ...,https://www.coason.com/,https://www.coason.com/contact.html
神戸,WEBシステム開発 | 株式会社Honeycome | 神戸・東京,https://www.honeycome.biz/,https://honeycome.biz/contact/
北九州,株式会社ぐるり 【北九州市でアプリ制作・Webシステム開発】,https://www.gururi.co.jp/,https://www.gururi.co.jp/#contact
伊丹,本社へのアクセス | Wave Technology (WTI) | 半導体周辺回路 ...,https://www.wti.jp/contents/access.htm,https://www.wti.jp/contents/contact.htm
豊川,キントーンcm放映中 | ノーコードで 業務アプリを つくろう ...,https://kintone.cybozu.co.jp/jp/lets-no-code/,
東京,株式会社nts | 東京・神奈川のシステム開発・ホームページ制作 ...,https://nts-it.co.jp/,https://nts-it.co.jp/inquiry/
岡山,日本ITシステム株式会社-システム開発・Web制作,https://japan-it.org/,https://japan-it.org/contact.php
堺,大阪府堺市の次世代ホームページ制作システム開発なら堺IT推進つくろう未来法人,https://mirai-houjin.jp/,
四日市,ホームページ制作・DXシステム開発・Webデザインのことなら ...,https://www.firstinc.jp/,https://www.firstinc.jp/contact/
防府,都市計画課 - 防府市公式ホームページ - Hofu,https://www.city.hofu.yamaguchi.jp/soshiki/30/,https://www.city.hofu.yamaguchi.jp/site/akiya/muryousoudan.html
和歌山,和歌山でホームページ作成・制作、Webシステム開発ならバンビ ...,https://bambisystem.com/,
高松,三好製作所|Webクラウドシステム開発ならおまかせ|香川県 ...,https://www.miyoshifactory.co.jp/,https://www.miyoshifactory.co.jp/contact/
函館,ミュートネット(函館・七飯) - ホームページ制作・システム ...,https://www.mutenet.co.jp/,https://docs.google.com/forms/d/e/1FAIpQLSf5CwW69cs_v5KSEEBmE_kgph7jkT3vYJs_o86F43FxUfNhsw/viewform
沼津,沼津のソフトウェア開発とホームページ作成のフロムサーティー,http://www.from-thirty.co.jp/,
鳥取,SLEPP|鳥取県鳥取市のホームページ制作・システム開発会社,https://slepp.jp/,
倉敷,岡山県倉敷市のホームページ制作・Webシステム開発 カピバラ ...,https://www.mukaiya.jp/,
江別,株式会社ウェブワン :: WebONEご紹介,http://www.webone.ne.jp/modules/company/index.php?content_id=2,
岡山,岡山のシステム・アプリ開発会社 | 株式会社せとうちシステム,https://www.setouchisystem.co.jp/,https://www.setouchisystem.co.jp/inquiry/entry/
大阪,オーダメイドのWEBシステム開発|ジョイディア,https://joydea.jp/,https://joydea.jp/contact
横浜,株式会社アローシステムズ|Web系・DB・メインフレームの ...,https://arrow-systems.co.jp/,"javascript:mail_to(""""",)
京都,株式会社 システム創見 | 最短納期・最適予算でWebシステムを実現,https://www.system-souken.co.jp/,https://www.system-souken.co.jp/contact
草津,京都滋賀でシステム開発・業務アプリ開発のことならインフォ ...,https://www.info-feel.com/,http://www.info-feel.com/contact/
大津,ご利用の流れ|浜大津都市開発株式会社(公式ホームページ),https://e-asuto.co.jp/pages/127/,
守口,株式会社シロハチ | web制作・ECサイト構築・システム開発,https://www.shiro8.net/,https://www.shiro8.net/form/ask.html
松戸,松戸市を拠点に活動しているwebサイト制作、システム開発関連 ...,https://enbirth.jp/post/71,https://enbirth.jp/contact
土浦,Shimotechnology 土浦市 ホームページ制作 システム開発 ...,https://www.shimotechnology.com/,https://www.shimotechnology.com/
枚方,会社案内|株式会社テイク・システムズ(公式ホームページ),https://take-systems.co.jp/pages/19/,https://take-systems.co.jp/pages/4/
堺,大阪 堺市 ホームページ作成・AI(人工知能)開発・システム開発ソフトウェアー開発・ <br>大手モールコンサルティング・広告デザイン・チラシ ...,https://www.zaprizing.com/index.html,https://www.zaprizing.com/index.html#cont5
静岡,Webサイト制作 システム開発のサンロフト(静岡県),https://www.sunloft.co.jp/,https://www.sunloft.co.jp/contact/
川口,株式会社デザイン・ワークス - 埼玉川口のweb制作&システム ...,https://dswks.jp/,https://dswks.jp/#contact
川口,webシステム開発の有限会社ブイアイシーコンピュータサポート ...,https://www.viccom.co.jp/,https://www.viccom.co.jp/form.php
豊橋,ホームページ制作・WEBシステム開発|メディアラボ・ジャングル,https://www.jungle-jp.com/,
甲府,AndU合同会社 | 山梨県甲府市のシステム開発・アプリ開発,https://and-u.co.jp/,https://and-u.co.jp/contact/
大津,フィルム検査・シート検査・素材検査・ウェブ検査・欠陥検査 ...,https://www.frontier-s.co.jp/company/,https://www.frontier-s.co.jp/contact/index.cgi
前橋,株式会社城西システム|前橋市 アプリケーション開発会社,http://www.josai.co.jp/,https://www.josai.co.jp/contact.html
岡山,岡田システム | システム開発・ホームページ制作,https://okada-system.com/,
津山,津山市のシステム開発・webサイト制作なら|株式会社クレイド,http://craid.co.jp/,
津,TECHNICAL MASTER はじめてのAzureモダンアプリ開発入門,https://www.books.or.jp/book-details/9784798074917,https://www.books.or.jp/contact
加古川,株式会社 ファインシステムでソフト開発・ホームページ作成 ...,https://fine-system.co.jp/,https://fine-system.co.jp/contact/
姫路,株式会社三光システム | 業務システム開発、Web ...,https://333022.jp/,https://333022.jp/customer/index.html
名古屋,システム・アプリ開発、Itソリューションは名古屋のアドバンス ...,https://www.advancesoft.co.jp/,https://www.advancesoft.co.jp/contact/index.html
福井,福井県越前市でシステム開発 | Webアプリケーション開発なら ...,https://www.spromotion.co.jp/,https://www.spromotion.co.jp/contacts
熊本,熊本のアプリ開発・システム開発・ホームページ制作 ...,https://www.nt-studio.com/,https://www.nt-studio.com/contact-us/
朝霞,株式会社シルクロード | Webシステム開発・業務システム開発,https://www.silk-road.co.jp/,https://www.silk-road.co.jp/contact/
柏,千葉県柏市のホームページ制作・Meo対策で集客up - システムプランニングデリバリー,https://system-planning-delivery.com/,https://req.qubo.jp/Kashiwashouren/form/spd
岸和田,システムエンジニア募集|Webデザイナー募集|グラフィック ...,https://www.c-plus-1.co.jp/job,https://www.c-plus-1.co.jp/company/contact/
焼津,Webシステム開発(プログラマー・システムエンジニア)/月給 ...,https://hacc.athuman.com/detail/115036,https://hacc.athuman.com/contact
鳥取,鳥取県湯梨浜町のホームページ制作・システム開発会社|合同 ...,https://jp-roady.net/,https://jp-roady.net/diary.html
神戸,神戸のシステム開発・ウェブサイト制作 | 株式会社 ...,https://atsys.co.jp/,https://atsys.co.jp/contact/
池田,Fukula株式会社は、横浜市馬車道でWebシステムの提案・開発 ...,https://fukula.jp/corporation,https://fukula.jp/callinfo
徳島,徳島 ホームページ制作(Webサイト制作)・PHPシステム開発 ...,https://www.shape-design.jp/,http://shape-design.jp/inquiry/
呉,株式会社ラキール呉オフィスの開設及び子会社(株式会社ラキール呉)の設立について - 呉市ホームページ,https://www.city.kure.lg.jp/soshiki/40/lakeel.html,https://www.city.kure.lg.jp/form/detail.php?sec_sec1=38&inq=02&lif_id=161709
松山,システム開発・Web/ホームページ制作・デザイン・BPO - ウイン ...,http://www.pro-win.co.jp/,https://www.pro-win.co.jp/inquiry/
尾道,"""海外仕様のWEB制作 | 株式会社プラザス( Plazas","Inc. )""",
豊橋,【愛知・豊橋】ホームページ制作、システム開発|顧客管理 ...,https://www.databrain.co.jp/,https://www.databrain.co.jp/contact.php?toiawase_type=contact
今治,デジタルファーム / DigitalFarm 【愛媛県 松山市 今治市 Web ...,http://www.dfm.jp/,
新潟,株式会社シアンス|新潟のシステム開発・アプリ開発・ニア ...,https://it.siance.co.jp/,https://it.siance.co.jp/contact
豊田,ホームページ制作・広告・デザイン制作・システム開発 ...,https://smile-design.co.jp/,https://smile-design.co.jp/#contact
防府,会社紹介 | 株式会社deresi-山口県でアプリ・システム開発や ...,https://www.deresi.jp/company/,https://www.deresi.jp/contact
平塚,ローカル5gを用いたアプリケーション開発環境を拡充 | 古河電気 ...,https://digitalpr.jp/r/78704,https://digitalpr.jp/pr-automation/g_contact.php
奈良,システム開発 - 奈良県のシステム・アプリ・Web制作会社,https://tunagle.co.jp/system/,https://tunagle.co.jp/contact/
上田,パソコン修理・ホームページ制作・システム開発などIoTのこと ...,https://www.j-factory.com/,https://www.j-factory.com/contact/
金沢,AI/VR/WEBシステム開発|株式会社アイ・ツー|石川県金沢市,https://www.i2-jp.com/,https://www.i2-jp.com/inquery.html
越谷,ポコソフト|埼玉県春日部市・越谷市スマホアプリ開発,https://www.pocosoft.jp/,https://docs.google.com/forms/d/e/1FAIpQLSes34fwJy28yyStVuRQCEqVR5ErI-nJwoWnhgzEofW2-dBPPA/viewform?usp=sf_link
高松,システム開発・ホームページ制作・セキュリティ対策|香川県,https://bitcommunications.info/,https://bitcommunications.info/info/
姫路,エミリオ - It・Webデザイン、アプリ、システム開発,https://www.emillio.jp/,https://www.emillio.jp/#contact
松江,株式会社スプリングボード - 秋葉原/松江市のwebシステム ...,https://www.springboard.co.jp/,https://www.springboard.co.jp/otoiawase/
東京,Web・アプリ・システム開発・SES| 株式会社イノベーション,https://www.corpinnovation.jp/,https://www.corpinnovation.jp/
和歌山,和歌山で簡単なホームページ制作・システム開発はパンダシステム,https://wakayama-panda.com/,https://wakayama-panda.com/inquiry/
明石,兵庫県明石市のWebシステム開発会社 | ALLMORE DESIGN,https://allmore.jp/system/,https://allmore.jp/contact/
岐阜,システム開発|ホームページ制作|パソコンのことなら岐阜の ...,https://www.k-kplus.jp/,https://www.k-kplus.jp/contact.html
新居浜,都市計画課 - 愛媛県新居浜市ホームページ|四国屈指の臨海 ...,https://www.city.niihama.lg.jp/soshiki/tokei/,https://www.city.niihama.lg.jp/soshiki/
神戸,有限会社シーエスエフ | 神戸のシステム開発・アプリ開発,https://www.creative-solution.jp/index.html,https://www.creative-solution.jp/#contact
岡山,岡山のホームページ制作会社 株式会社クリエ・ココ|Web ...,https://www.crea-coco.com/,https://www.crea-coco.com/contact/
神戸,"""株式会社イーイット|Webシステム開発","Webアプリケーション開発 ...""",
太田,会社概要 | システム開発 アプリケーション開発 技術者派遣 ...,https://www.cioweb.co.jp/company/,https://www.cioweb.co.jp/contact/
福山,広島県福山市のecサイト・オークション・アプリ制作会社 ...,https://www.dreamnets.co.jp/,https://www.dreamnets.co.jp/contact/
鳥取,株式会社MagicPlus | 鳥取のホームページ・システム・デザイン ...,https://magic-plus.net/,https://magic-plus.net/contact
筑紫野,福岡県筑紫野市のSE・システムエンジニア(Web・オープン系 ...,https://www.hatarakuzo.com/engineer-web/chikushino-shi,https://www.hatarakuzo.com/inquiries/question
福岡,福岡のWebシステム開発・ホームページ制作|株式会社アウトワード,https://www.outward.jp/,https://www.outward.jp/contact
京都,ウェブシステム開発 | 京都情報大学院大学 - Kcg,https://www.kcg.edu/curriculum/concentration/web-systems-development,https://www.kcg.edu/forms/inquiries
仙台,株式会社トレック - 仙台市のWebシステム/業務用システム開発 ...,https://trek.co.jp/,https://trek.co.jp/contact/
東京,東京都・GovTech東京が本気で挑む「システム内製開発 ...,https://biz-journal.jp/it/post_388749.html,https://biz-journal.jp/contact-index.html
奈良,日本ソフトウェア開発株式会社 | well-jsd公式webサイト,https://welljsd.com/,https://welljsd.com/index.html#form5-g
上田,テクニカルイン長野|ソフトウェア開発 Webシステム開発 自社 ...,https://tin-nagano.co.jp/,https://tin-nagano.co.jp/contact/
松戸,システム開発 有限会社onシステムのホームページ,http://on-system.co.jp/,
和歌山,株式会社サンクス|システム開発・受託計算・ホームページ ...,https://www.thanks-jsd.com/,https://www.thanks-jsd.com/mail/contactus.html
桑名,ミュージアム展示ガイドアプリ「ポケット学芸員」の桑名市 ...,https://www.dreamnews.jp/press/0000305925/,https://www.dreamnews.jp/?action_contact=true
宇治,株式会社Free Style(フリースタイル)|システム開発/WEB開発,https://www.freestyle8.com/,
明石,システムアイ株式会社(公式ホームページ),http://www.system-i-bm.co.jp/,
草津,滋賀県草津市のweb制作・システム開発・撮影の株式会社ブロッサム,https://blossom39.net/,https://blossom39.net/contact.php
松山,Soa 愛媛県 松山市 システム開発 ホームページ制作 Ai開発 ...,https://soa55.com/,https://soa55.com/?page_id=89
静岡,アプリ開発_静岡県沼津_システム開発 | 株式会社キャスト,https://cast-ad.co.jp/,https://cast-ad.co.jp/contact/
静岡,ワンジーテクノロジーズ:公式企業ホームページ,http://www.wangji.jp/,https://www.wangji.jp/%e3%81%8a%e5%95%8f%e3%81%84%e5%90%88%e3%82%8f%e3%81%9b/
生駒,生駒市公式ホームページ,https://www.city.ikoma.lg.jp/,https://www.city.ikoma.lg.jp/module/shareform.php?so_cd=19-0-0-0-0
市川,"""ホームページ制作・Webシステム開発 千葉","市川 インフィニタス""",
鳥取,米子・鳥取・松江|ホームページ、システム|東京印刷株式会社,https://tokyop-eb.com/,https://tokyop-eb.com/toiawase/
長岡,新潟県長岡市のWebシステム開発会社|株式会社ロレムイプサム,https://www.loremipsum.co.jp/,https://www.loremipsum.co.jp/contact/
新座,会社概要 | Webシステム開発・ホームページ制作の株式会社エヌ ...,https://www.nsb.ne.jp/about/,https://www.nsb.ne.jp/contacts/
伊丹,株式会社Mewtech | 全ての人にテクノロジーの力を。優しいIT ...,https://mew-tech.jp/,https://mew-tech.jp/#contact
松山,株式会社フェローシステム | 愛媛・松山 | ホームページ制作 ...,https://www.fellow.co.jp/,https://www.fellow.co.jp/inquiry/
今治,有限会社アイシンシステム | ホームページ作成からシステム ...,https://www.aishinsys.co.jp/,https://www.aishinsys.co.jp/
横浜,株式会社横浜マリンシステム|アプリ/ネットショップ開発,https://yms.yokohama/,https://yms.yokohama/contact
草津,事業内容 - 滋賀県 草津市のホームページ制作会社|アイベック ...,https://aivec.co.jp/service/,https://aivec.co.jp/contact
長岡,長岡・小千谷のデジタルマーケティング/ホームページ制作 ...,https://primus-solution.jp/,https://primus-solution.jp/contact
尾道,各種申請・届出・電子申請 - 尾道市ホームページ - Onomichi,https://www.city.onomichi.hiroshima.jp/life/sub/4/,https://www.city.onomichi.hiroshima.jp/form/detail.php?sec_sec1=11
北九州,株式会社ガーマンドシステム|システム開発やウェブサイト制作,https://garmand.co.jp/,https://garmand.co.jp/contact/
所沢,ソフトウェア開発事業 - Ubiquitous Tech,https://www.ubiquitous-tech.com/business/softwaredevelop/,https://www.ubiquitous-tech.com/contact/
大阪,"""株式会社ヲタクリエイト:大阪のwebシステム開発","教育事業 ...""",
新潟,株式会社アイシス - 新潟県ホームページ,https://www.pref.niigata.lg.jp/site/kigyonokoe/aisys.html,
草津,システム開発、Webシステム開発の株式会社buzz Garage ...,https://www.buzz-garage.co.jp/,https://www.buzz-garage.co.jp/contact/index.html
越谷,越谷のWebシステム開発 パソコンサポート,https://pc-koshigaya.com/system.php,https://pc-koshigaya.com/contact.php
京都,府・市町村共同システムの整備/京都府ホームページ,https://www.pref.kyoto.jp/gyomusuishin/shichoson-kyodo.html,https://www.pref.kyoto.jp/soudan/index.html
松山,有限会社オートニクス: システム開発・アプリ開発・電子機器開発,http://www.autonics-ltd.com/,
名古屋,名古屋のシステム開発・Web開発(ウェブ開発)会社|株式会社 ...,https://webnation.co.jp/,https://webnation.co.jp/contact/
米子,ホームページ制作・Web制作・Web集客のことならITS|鳥取県 ...,https://its-office.jp/,https://its-office.jp/#get-in-touch
佐世保,「させぼ街ナビ」佐世保都市計画情報マップ(Web版),https://www.city.sasebo.lg.jp/tosiseibi/tosise/johomap.html,https://www.city.sasebo.lg.jp/kurashi/sodan/index.html
佐賀,佐賀・福岡でweb・システム開発なら、最安級ご提供をしている ...,https://autonomous-saga.jp/,https://autonomous-saga.jp/contact/
藤枝,藤枝市のウェブ制作・オリジナルプリント・システム開発 ...,https://greenseed.co.jp/contents/NOD13/,
和歌山,和歌山でのホームページ制作・システム開発はクオリアにお ...,https://qualia.ne.jp/,https://qualia.ne.jp/#contact
姫路,HAX株式会社 | Web × システム × 生成AI,https://www.ha-x.co/,https://www.ha-x.co/contact
白山,まちづくり・産業|白山市公式ホームページ,https://www.city.hakusan.lg.jp/machi/index.html,https://www.city.hakusan.lg.jp/cgi-bins/enquetes/d87156b9ee8140ffabf26f9ea03a8d50
山口,山口システム開発の概要 - Weblio 辞書,https://www.weblio.jp/wkpja/content/%E5%B1%B1%E5%8F%A3%E3%82%B7%E3%82%B9%E3%83%86%E3%83%A0%E9%96%8B%E7%99%BA_%E5%B1%B1%E5%8F%A3%E3%82%B7%E3%82%B9%E3%83%86%E3%83%A0%E9%96%8B%E7%99%BA%E3%81%AE%E6%A6%82%E8%A6%81,https://help.weblio.jp/feedback
太田,システム開発 | あったらいいね | 群馬県太田市のWebサイト ...,https://attaraiine.jp/service/system/,https://attaraiine.jp/contact/
富山,株式会社MARBLE|富山のシステム開発・Web制作会社,https://marble-heroes.com/,https://marble-heroes.com/contact
東大阪,東大阪再開発株式会社(公式ホームページ),https://www.higashiosaka-saikaihatu.jp/,https://www.higashiosaka-saikaihatu.jp/pages/5/
熊本,ホームぺージ制作・Web制作なら株式会社アクセント / 熊本,https://www.accent-inc.jp/,https://www.accent-inc.jp/fudosan/
南国,南国市公式ホームページ,https://www.city.nankoku.lg.jp/,https://www.city.nankoku.lg.jp/life/life_dtl.php?hdnKey=2520
下関,ホームページ制作・システム開発 | 【下関・北九州・福岡 ...,https://archivect.com/service/web/,https://archivect.com/contact/
岡崎,会社概要 - web制作会社 株式会社エクラ eclat,https://eclatweb.jp/description/,https://eclatweb.jp/contact/
長浜,ソフトウェア開発・ホームページ制作の01フィラメント株式会社 ...,https://01filament.co.jp/,https://01filament.co.jp/contact/
名古屋,アイティサービス【Web基幹業務システム開発】愛知県名古屋市,https://www.itsvc.net/,https://www.itsvc.net/contact.html
今治,株式会社ネッツ|NeTS WEBSITE,http://www.nets-web.co.jp/index.html,https://www.nets-web.co.jp/toiawase/
坂井,会社概要 | システム開発・Webサイト制作の株式会社フロンティア,https://frontiersoft.jp/page-1334/,https://frontiersoft.jp/page-1334/page-42/
浜松,浜松市でwebサイト開発なら | 田島if企画 | 静岡県浜松市を拠点 ...,https://tajima-ifp.jp/,https://tajima-ifp.jp/programmingconsultation/
名古屋,名古屋のシステム・アプリ開発 | creato(クリート),https://creato-c.jp/,https://creato-c.jp/contact
大津,株式会社siu -webシステム開発-,http://siu.co.jp/,
四日市,Atlas Corporation - 生産管理システム開発、WEBシステム開発 ...,https://for-herself.com/,https://for-herself.com/contact/
一関,アイエステクノ株式会社 | システム構築・ホームページ作成 ...,https://www.istechno.co.jp/COMPANY.php,https://www.istechno.co.jp/CONTACT.php
亀岡,亀岡 文彦 | メンバー | 株式会社先駆|ウェブサイト制作 ...,https://senku.jp/about-us/member/fumihiko-kameoka/,https://senku.jp/contact/
京都,株式会社AIVICK|アイヴィック|京都|システム開発|Web ...,https://www.aivick.co.jp/,https://www.aivick.co.jp/contact/index.html
高槻,会社概要 - Web制作会社ネコシステム,https://www.neko-system.com/aboutus/index.html,https://www.neko-system.com/otoiawase/index.html
名古屋,【名古屋】Webシステム開発に強い「リンクル」 | Webシステム ...,https://linkle-inc.co.jp/,https://linkle-inc.co.jp/contact
名古屋,株式会社デジタライズ - 名古屋 システム開発 スマホアプリ開発 ...,https://www.digitalize.co.jp/,https://www.digitalize.co.jp/contactgeneral/
小田原,小田原でWebシステム開発やWebサイト構築をおこなうシフト ...,https://www.value-press.com/pressrelease/218482,
下関,山口県下関市 ホームページ制作・システム開発 スタジオミライ,https://studiomirai.jp/,
豊橋,株式会社tky ・愛知県豊橋市のit企業 株式会社tkyのweb ...,https://tky-kk.jp/,https://tky-kk.jp/contact/
広島,Webシステム・アプリ開発 広島 | 株式会社リンクスペース,https://linksp.co.jp/,https://linksp.co.jp/#contact
岡崎,システム開発・アプリ開発・ホームページ制作・Lp制作等のitの ...,https://www.pieceinnovation.jp/,https://www.pieceinnovation.jp/contact
横浜,株式会社セカンド・ウェーブ | Webシステム開発・Webサイト構築 ...,https://www.2ndwave.jp/,https://www.2ndwave.jp/contact/
横浜,名古屋・横浜のシステム・アプリ開発 Web・IT会社 | 株式会社 ...,https://pointlink.co.jp/,https://pointlink.co.jp/contact/
長野,長野県飯田市のWebシステム開発会社 | 受託開発 | kintone ...,https://www.webware.co.jp/,
長浜,エンジニアリングセンターTec Lab(テックラボ)長浜景観広告賞 ...,https://www.nikkeipanel.co.jp/news/2022/2022-01-27_tec-lab.html,https://www.nikkeipanel.co.jp/solution/step/index.html
一宮,株式会社エミリーズ | Webシステムの開発・ホームページ作成 ...,https://ems-it.jp/,https://ems-it.jp/#contact
神戸,株式会社ジェニオ | 神戸・東京・大阪・四国のwebシステム開発 ...,http://genio.co.jp/,https://www.genio.co.jp/contact/
名古屋,名古屋のスマホアプリ・Webシステム開発専門会社 レブクリエイト,https://www.revcreate.jp/,https://www.revcreate.jp/contact.php
神戸,神戸 Webシステム開発 スマホアプリ開発 Web制作リブライク ...,https://www.livlike.jp/,https://www.livlike.jp/#Contact
名古屋,名古屋のWEBアプリ・システム開発は株式会社デジカル,https://digical.jp/,https://digical.jp/contact
熊谷,システムエンジニア(半導体製造装置の稼働管理Webシステム ...,https://nextengineer-benext.jp/jobs/247201/,https://nextengineer-benext.jp/jobs/255015/
和歌山,業務システム開発・ホームページ制作のことならプライム ...,http://pr-works.co.jp/,
福井,福井のホームページecサイトやwebシステム開発 ...,https://advance-grow.co.jp/,
八千代,都市計画課 - 八千代市公式ホームページ,https://www.city.yachiyo.lg.jp/soshiki/43/,
藤沢,アイピーシー株式会社(Ipc) アプリケーション設計・開発,https://ipc-co.jp/,
柏,柏市のwebシステム開発会社 | 株式会社ピーシーウェブ,https://pcweb.co.jp/023_web_system.html,https://pcweb.co.jp/027_hp_contact_check.html
上越,会社概要 - WEB開発・Java・.NET・AutoCAD・受託開発のアルス ...,https://www.arsware.co.jp/company/,https://www.arsware.co.jp/contact
松阪,三重県松阪市のホームページ制作・システム開発,https://fieldeast.com/area/area_mie24204.html,https://fieldeast.com/contact.html
山口,事業者の紹介・山口システム開発株式会社 - 山口県ホームページ,https://www.pref.yamaguchi.lg.jp/soshiki/37/16342.html,https://www.pref.yamaguchi.lg.jp/soshiki/37/16342.html#sp_headline_5
平塚,古河電工がローカル5gアプリ開発環境を拡充、平塚事業所ラボに ...,https://businessnetwork.jp/article/17371/,https://businessnetwork.jp/contact/
苫小牧,有限会社tnnシステムズ Webサイト,https://tnnsys.co.jp/company.htm,https://tnnsys.co.jp/contact.htm
小田原,業務アプリケーション、組込み制御システムなら ...,https://www.hm-net.co.jp/,https://www.hm-net.co.jp/contact
佐賀,有限会社アイティワン 佐賀県武雄市を拠点にホームページ製作 ...,https://itwan.gr.jp/,https://itwan.gr.jp/?page_id=96
市川,Ejプランニング‐市川市本八幡のシステム開発・ホームページ ...,https://www.ejpl.co.jp/,https://www.ejpl.co.jp/inquiry/index.html
徳島,香川県のシステム・アプリ開発はシステムデザインへ|香川県の ...,https://sdesign.co.jp/,https://sdesign.co.jp/inquiry
亀岡,人事課 - 亀岡市公式ホームページ,https://www.city.kameoka.kyoto.jp/soshiki/5/,https://www.city.kameoka.kyoto.jp/form/detail.php?sec_sec1=5
堺,webシステム開発:::ホームページ制作 大阪府堺市 デジタルファクトリー,https://www.digital-factory.jp/html/system.cgi,https://www.digital-factory.jp/inquiry/index.cgi
市川,システム開発・Webサービス|サービス&ソリューション|est ...,http://www.ests.co.jp/,
郡山,アプリ・システム開発 | ホームページ制作・福島県郡山市のweb ...,https://www.multi.ne.jp/service/system/,https://www.multi.ne.jp/contact
三田,会社概要|システム開発・Web制作・システム運用・技術者派遣 ...,https://www.3s-sys.co.jp/company/,https://cta-na2.hubspot.com/web-interactives/public/v1/track/click?encryptedPayload=AVxigLJM4SbS1vg6p0F%2F1RqyetIeAfBFIA5XhpkdA%2BYkbWgTiOmF%2Fr2kIsWcyd8punK%2Bw158bDyPUW%2FbGTMZHRXpt5JKT%2FSUa8UV4E%2F165Nt5DBlCWs1vL5RLUCHP9R5CEAIH2xiiC%2BqYhZXbPnZjYn3OSpJjV8UX85x8jukGM75ebuizazU&portalId=22534194&webInteractiveContentId=247474692837&webInteractiveId=567535107821&containerType=EMBEDDED&pageUrl=https%3A%2F%2Fwww.3s-sys.co.jp%2Fcompany&pageTitle=%E4%BC%9A%E7%A4%BE%E6%A6%82%E8%A6%81%EF%BD%9C%E6%A0%AA%E5%BC%8F%E4%BC%9A%E7%A4%BE%E3%82%B9%E3%83%AA%E3%83%BC%E3%82%A8%E3%82%B9%E3%82%B7%E3%82%B9%E3%83%86%E3%83%A0%E3%82%A2%E3%83%B3%E3%83%89%E3%82%B5%E3%83%BC%E3%83%93%E3%82%B9&referrer=&userAgent=Mozilla%2F5.0+%28Macintosh%3B+Intel+Mac+OS+X+10_15_7%29+AppleWebKit%2F537.36+%28KHTML%2C+like+Gecko%29+Chrome%2F142.0.0.0+Safari%2F537.36&hutk=7f958ec615944cadeb9a4c9c0bc72ee5&hssc=82271177.1.1765331664807&hstc=82271177.7f958ec615944cadeb9a4c9c0bc72ee5.1765331664807.1765331664807.1765331664807.1&pageId=251526735551&analyticsPageId=251526735551&hsfp=2232238641&canonicalUrl=https%3A%2F%2Fwww.3s-sys.co.jp%2Fcompany&contentType=standard-page
一宮,Webシステム・ホームページ制作なら株式会社アントロワ,https://untrois.co.jp/,https://untrois.co.jp/#consultation
流山,東京のWEBシステム受託開発会社 | GiFT (ギフト)株式会社,https://gift-tech.co.jp/,
東大阪,株式会社Rivine (リヴァイン) | ソフトウェア/システム開発/Web ...,https://www.rivine.jp/,https://www.rivine.jp/contact
加古川,Webシステム開発・業務システム開発|兵庫県加古川市のアシス,https://www.assis.co.jp/service/system-development/,https://www.assis.co.jp/contactform/
西宮,会社概要 - J-7SYSTEM WORKS Web,https://www.j7system.jp/about/,https://www.j7system.jp/contact-us/
三田,組織概要 | 日本規格協会 JSA Group Webdesk,https://webdesk.jsa.or.jp/common/W10K0700/?post_type=jsahp&page_id=jsa_gaiyou,https://webdesk.jsa.or.jp/inquiry/W38M0010
市原,中央エリア(佐倉・東金・市原ほか)・システム開発(Web系 ...,https://www.oeg-jobsearch.omron.com/zenkoku/PM60/MC82,
草加,株式会社プラスオン - Web制作・システム開発・電話代行事業 ...,https://plus-on.jp/,https://plus-on.jp/contact
長岡,【長岡市】Se/Pg(システム・アプリ開発) | 新潟県に特化した ...,https://career.niigata-job.ne.jp/job/detail?jid=16588,https://docs.google.com/forms/d/e/1FAIpQLSe90LxoZUrGatsDOn0wX_MhbFqXJfktIhaVGXCz5K-MnrtVOg/viewform
豊川,株式会社one Web | 愛知・名古屋・豊川のwebサイト制作会社,https://1web.co.jp/,https://1web.co.jp//#page05
福山,東京都・広島県福山市のweb制作・システム開発会社 Bst,https://bstinc.co.jp/,https://bstinc.co.jp/contact
千葉,"""千葉県のwebシステム開発会社、AI",IoT,
柏,株式会社ラルゴホームページ | 柏のソフトウェア開発・ホームページ制作会社,https://www.largo.jp/,https://www.largo.jp/contact/
周南,山口県周南市のホームページ作成・Web制作なら|bloomin',https://bloo-min.com/,https://bloo-min.com/#contact
出雲,まごころと友情のホームページ制作会社 いずもWeb (島根県|松江 ...,http://izumoweb.com/,
所沢,レボナアートの開発ノート | システム開発・web開発・制作 ...,https://tech.revona-art.com/,
茅ヶ崎,ホームページ - 株式会社エリート,https://eliter.co.jp/,https://eliter.co.jp/contact/
玉名,株式会社mob | 鹿児島県姶良市のweb制作会社,https://mobinc.jp/,https://mobinc.jp/contacts
柏,Beside Creative | 千葉県柏市のWeb制作会社・SEO対策会社,https://beside-creative.com/,https://beside-creative.com/contact
千葉,株式会社lupinus | 千葉県千葉市認定のシステム開発・Web ...,https://lupinus-ltd.com/,https://lupinus-ltd.com/contact
姫路,姫路市のホームページ制作・システム開発会社 創報堂,https://www.souhoudou.jp/,https://www.souhoudou.jp/inquiry/
松本,松本工業株式会社 ITソリューション (Infech)事業部,http://www.mmksi.co.jp/,
朝霞,建築基準法道路種別及び開発許可区域のWeb公開を開始しました,https://www.city.asaka.lg.jp/soshiki/27/dourosyubetukoukaioshirase.html,https://www.city.asaka.lg.jp/form/detail.php?sec_sec1=27&inq=02&lif_id=166108
松本,ソフトウェア開発・ホームページ制作 長野県松本市の電算 ...,https://www.doa-inc.jp/,https://www.doa-inc.jp/agreement/
越谷,越谷市のホームページ制作 Web担当屋 HP作成・WordPress ...,https://www.webtan.cc/,https://www.webtan.cc/contact.php
玉野,都市計画課 - 玉野市公式ウェブサイト - Tamano,https://www.city.tamano.lg.jp/soshiki/20/,https://www.city.tamano.lg.jp/soshiki/20/2036.html
福井,福井県のシステム導入・開発・Web制作 起業及び創業支援なら ...,https://www.netsystem.jp/,https://netsystem.jp/contact/contact.html
池田,株式会社RELITEC,https://relitec.co.jp/,https://relitec.co.jp/#contact
福岡,株式会社エヌ・エス・エックス|システム開発・構築企画・Web ...,https://www.nsx-net.co.jp/,https://www.nsx-net.co.jp/contact/index.html
各務原,義友堂 | 各務原市・名古屋市のホームページ制作、システム ...,https://giyudo.com/,https://giyudo.com/contact/
上尾,会社概要|Webアプリ(業務システム・社内システム)開発 ...,https://logic-gate.io/about,https://docs.google.com/forms/d/e/1FAIpQLSdHV531XMZAZqkN9tf9AUKpgfjGwY2aFRHPDbdWEeZ4sapPdg/viewform
大阪,株式会社ウイズ | 大阪/システム開発/Web企画構築/営業販促 ...,https://www.wiznet.co.jp/,https://www.wiznet.co.jp/contact/
堺,Code-base | 大阪府堺市 | Web制作・システム開発・It顧問,https://code-base.jp/,https://code-base.jp/contact/
千葉,サンスイテック株式会社 千葉市のweb支援・システム開発・広告 ...,https://sansuitech.net/,https://sansuitech.net/contact
春日部,アプテック株式会社|Web制作/ソフトウェア開発,https://apteq.jp/,https://apteq.jp/contact/
磐田,森林の伐採、開発|磐田市公式ウェブサイト,https://www.city.iwata.shizuoka.jp/sangyou_business/kaihatsu/1002172.html,https://www.city.iwata.shizuoka.jp/kurashi_tetsuzuki/nayami_soudan/index.html
京都,京都のシステム開発・ホームページ制作 - エスアンドエス・プラス,https://www.ssplus.co.jp/,https://www.ssplus.co.jp/contact/index.php
京都,京都のWebサービス/業務システム開発ならサーバーリンク(京都 ...,https://serverlink.co.jp/,https://www.serverlink.co.jp/contact/index.php
焼津,株式会社 ウェブ・システム of websys.co.jp,https://websys.co.jp/,
福岡,株式会社kasol(カーソル) | 福岡のシステム開発・アプリ開発,http://kasol.jp/,https://kasol.jp/contact/
岐阜,愛知・岐阜・三重のシステム開発 Web販促支援 会社概要,http://www.a-acx.co.jp/company.php,
浦安,Web、オープン系アプリケーション開発の株式会社パーク,https://www.pa-rk.co.jp/company/about,
倉敷,岡山県倉敷市のホームページ制作・Webシステム開発 カピバラ ...,https://kapi-q.jp/,mailto:contact@kapi-q.jp
一宮,ユーザー・現場目線で作る愛知県一宮市のWebシステム開発会社,https://webloco.webolha.com/support-system/,https://webloco.webolha.com/contact/
宝塚,Web制作・システム開発・アプリ制作|株式会社エンマ ...,https://enmaproject.co.jp/web.html,https://enmaproject.co.jp/contact.html
堺,株式会社ファイン | Webシステム・スマホアプリ・ゲームの開発会社,https://www.fine-net.com/,https://www.fine-net.com/contact/
佐賀,株式会社ネットコムbb -Web制作/システム開発/ホスティング ...,https://www.netcombb.co.jp/,https://www.netcombb.co.jp/contact/
松戸,"""ホームページ制作・Webシステム開発|千葉県 松戸","柏 ...""",
大牟田,西鉄天神大牟田線において、AI警備システム「AI Security ...,https://jp.asilla.com/post/nishitesu-20250219,https://jp.asilla.com/contacts
鈴鹿,株式会社メイヴン-【三重県鈴鹿市】Web制作・システム開発 ...,https://miepita.com/partner/%E6%A0%AA%E5%BC%8F%E4%BC%9A%E7%A4%BE%E3%83%A1%E3%82%A4%E3%83%B4%E3%83%B3-%E3%80%90%E4%B8%89%E9%87%8D%E7%9C%8C%E9%88%B4%E9%B9%BF%E5%B8%82%E3%80%91web%E5%88%B6%E4%BD%9C%E3%83%BB%E3%82%B7%E3%82%B9/,http://miepita.com/%e3%81%8a%e5%95%8f%e5%90%88%e3%81%9b/
多治見,"""株式会社 アドバンスト・ストリーム:システム開発 (Web",PC,
豊田,システム開発 | 豊田市のWeb制作・ホームページ制作会社 ...,https://itechinc.jp/system/,https://itechinc.jp/index.php/contact
東京,株式会社開発屋|システム開発・WEBサイト制作|東京・愛知,https://kaihatsuya.co.jp/,https://kaihatsuya.co.jp/page-contact.php
奈良,大阪 奈良 システム開発・業務改善コンサルティング・Webサイト ...,http://www.head-logic.com/,
藤枝,東京・静岡のWeb制作・印刷広告は株式会社共立アイコム,https://www.kpnet.co.jp/,https://www.kpnet.co.jp/contact/
佐賀,アイシス株式会社 | 佐賀市 - システム開発 ホームページ作成 ...,https://www.isys-s.jp.net/,https://www.isys-s.jp.net/form
上田,健康診断管理システム-CloudCheckup-,https://c-checkup.com/,https://c-checkup.com/contact
横浜,株式会社Libertad(リベルタ)| システム開発 | WEBシステム ...,https://libertad-inc.co.jp/,https://libertad-inc.co.jp/wp/contact/
米子,eBase Solutions Laboratory|システム開発・ホームページ制作会社,https://lab.ebase-sl.jp/,https://lab.ebase-sl.jp/contact
一宮,株式会社アイシーシー | 愛媛県 新居浜市 システム開発/Web制作 ...,https://www.ichimiya.co.jp/icc/,https://www.ichimiya.co.jp/icc/contact/
尾道,尾道市で業務にフィットするWEBシステム開発|HRACN,https://www.hracn.com/service/system-development/,https://www.hracn.com/service/corporate-wellness/
久留米,共栄環境開発株式会社(公式ホームページ),https://www.kyoei-ed.com/,https://www.kyoei-ed.com/pages/5/
郡山,株式会社トリココシステム 福島県郡山市のWebシステム開発 ...,https://toricoco.com/,https://toricoco.com/#home_inquiry
春日井,Webシステム開発 | 春日井流通マシン,https://k-rm.jp/case/category/web-system/,https://k-rm.jp/contact/
八千代,千葉八千代でitシステム会社のホームページ制作をするなら ...,https://eyesmart.jp/hp/works/claysoft/,
上尾,Shimer-System | 埼玉のIT企業 | システム開発・ホームページ ...,https://shimer-system.co.jp/,https://shimer-system.co.jp/#contact
松山,WebRTCのシステム開発なら! セーバー株式会社,https://www.saver.jp/,https://www.saver.jp/contact/
名古屋,事業紹介 | システム開発 | 名古屋でシステム、アプリ開発なら ...,https://www.e-create.jp/system/business/,https://www.e-create.jp/contact/
宇治,ミライズ (Miraizu) - Webの未来を、一緒に設計する,https://miraizu.jp/,https://miraizu.jp/contact/
春日井,春日井のシステム開発・ホームページ制作はらいおん丸,https://raionmaru.jp/,https://raionmaru.jp/#
新座,【株式会社lago(ラーゴ)】アプリ、システムの受託開発 ...,https://www.la-5.com/,https://www.la-5.com/#Contact
