名古屋,システム開発 名古屋|株式会社アイ・ティ・システム|名古屋 ...,https://www.itsystem-corp.com/,mailto:m_kurono@itsystem-corp.com
名古屋,業務システム・ソフトウェア開発ならシステムクリエート (株),https://www.syscr.co.jp/,https://www.syscr.co.jp/contact/
名古屋,名古屋のシステム・アプリ開発 | creato(クリート),https://creato-c.jp/,https://creato-c.jp/contact
名古屋,アウトグロウシステムズ株式会社 | 名古屋システム開発・Si,http://www.outgrow.co.jp/,
名古屋,クラウド株式会社|名古屋のシステム・ソフトウェア開発,https://www.cloudsoft.co.jp/,https://www.cloudsoft.co.jp/contact/
名古屋,名古屋のWEBアプリ・システム開発は株式会社デジカル,https://digical.jp/,https://digical.jp/contact
名古屋,名古屋のシステム開発|株式会社メイテツコム,https://www.meitetsucom.co.jp/,https://info.meitetsucom.co.jp/sp/inquiry/form/0001
名古屋,名古屋のシステム会社 | トランソニックソフトウェア,https://trans-it.net/,https://trans-it.net/services/it-consulting/
名古屋,ウインズソフト株式会社|名古屋|システム開発で課題解決支援,https://www.winsft.jp/,https://www.winsft.jp/#contact
名古屋,システム開発 名古屋:: 株式会社ジー・ソフト|名古屋で ...,https://gsoft.co.jp/,https://gsoft.co.jp/contact
名古屋,名古屋のシステム受託開発【株式会社リオ】- Web・アプリ開発 ...,https://www.rio.ne.jp/lp/system/,https://www.rio.ne.jp/contact/
名古屋,株式会社メルウェス 名古屋 システム開発 | もっとお客様に歓び ...,http://www.merrweth.co.jp/,
名古屋,システム開発 名古屋|株式会社リンク,https://www.link-jc.com/,https://www.link-jc.com/#contact-top
名古屋,株式会社アイコン|ソフトウェア、システム開発、愛知県 ...,https://www.iconnet.co.jp/,https://www.iconnet.co.jp/contact/
名古屋,システム開発 名古屋 東京 | エヌ・エス・シー株式会社,http://www.nsc-dev.co.jp/,
名古屋,ソリューション|株式会社アテナシステムズ|名古屋・東京 ...,https://www.athena-systems.co.jp/solution/,https://www.athena-systems.co.jp/contact/
名古屋,株式会社グローバルシステムズ|名古屋市のソフトウェア ...,http://www.global-sys.co.jp/,
名古屋,株式会社エスエスアイ|企業向けシステム開発 - 東海・名古屋,https://ssi.ne.jp/,https://ssi.ne.jp/contact
名古屋,Home - 名古屋・東京・福岡のシステム開発会社 | シースリーイン ...,http://www.c3index.co.jp/,https://www.c3index.co.jp/contact/
名古屋,名古屋の情報システム開発|株式会社名鉄情報システム,https://www.meitetsuinf.co.jp/,
名古屋,株式会社夏めく: 名古屋のシステム開発なら,https://natsumeku.co.jp/,https://forms.office.com/r/jSwH4fwKX6
名古屋,株式会社アウル (owl)|名古屋システム開発,https://owl-ltd.com/,https://owl-ltd.com/#link6
名古屋,名古屋のシステム開発・Web開発(ウェブ開発)会社|株式会社 ...,https://webnation.co.jp/,https://webnation.co.jp/contact/
名古屋,株式会社f.s.c|名古屋市のシステム企画・開発会社,https://www.fscreator.com/,https://www.fscreator.com/contact/
名古屋,株式会社スカイシステム | システム開発で快適なビジネスを,http://skysystem.co.jp/,https://skysystem.co.jp/contact/smart.php
名古屋,システム・ソフトウェア開発 名古屋|株式会社グランオン,http://gran-on.jp/,
名古屋,アイティサービス【Web基幹業務システム開発】愛知県名古屋市,https://www.itsvc.net/,https://www.itsvc.net/contact.html
名古屋,株式会社アブソリュート・システム - 名古屋にオフィスを構え ...,https://abs-inc.co.jp/,https://abs-inc.co.jp/contact/
名古屋,株式会社ネオ | システム・ソフトウェアの設計、開発、検証 ...,http://www.neo-s.jp/,https://www.neo-s.jp/contact/
名古屋,株式会社オオヤマ - 愛知県・名古屋市のシステム開発会社,https://ooyama-inc.com/,https://ooyama-inc.com/inquiry/
名古屋,システム開発会社 光システム | 愛知県を中心にitサービスを提供,https://hikarisys.co.jp/,https://hikarisys.co.jp/contact/contact.html
名古屋,"""愛知",名古屋,
名古屋,株式会社テクノ - システム開発・エンジニアリングサービス ...,https://tec-no.com/,https://tec-no.com/contact
名古屋,Access・Excel (アクセス・エクセル)を使ったシステム開発 ...,https://engineering-chubu.synnet.or.jp/access-excel/,https://engineering-chubu.synnet.or.jp/
名古屋,株式会社プライド Itil準拠の運用保守,https://www.prid.co.jp/subpage_company.html,mailto:prid-sv@prid.co.jp
名古屋,サニー情報システム - 名古屋のitソリューションパートナー ...,https://www.snny.co.jp/,https://www.snny.co.jp/contact/
名古屋,名古屋システム開発 ネットフォース株式会社 | 愛知・東京 ...,https://www.netforce.co.jp/,https://www.netforce.co.jp/contact.shtml
名古屋,事業紹介 | システム開発 | 名古屋でシステム、アプリ開発なら ...,https://www.e-create.jp/system/business/,https://www.e-create.jp/contact/
名古屋,名古屋のシステム開発なら業務ソフト工場へ!|株式会社 ...,https://www.gyomu-soft.jp/,https://www.gyomu-soft.jp/index_hp_system/contactForm/information.html
名古屋,名古屋システム株式会社,https://www.nagoya-system.com/,https://www.nagoya-system.com/entry1.html
名古屋,株式会社ネオシステム | 愛知県名古屋市のソフトウェア開発会社,http://www.e-neo.co.jp/,https://www.e-neo.co.jp/contact.html
名古屋,東京・名古屋・大阪のシステム開発やSES|株式会社GEクリエイティブ,https://mghd.ge-creative.co.jp/,https://mghd.ge-creative.co.jp/contact/
名古屋,株式会社システムアシスタンス 名古屋市 ソフト開発のプロ集団 ...,http://www.assistance.co.jp/,https://www.assistance.co.jp/inquiry/
名古屋,名古屋のスマホアプリ・Webシステム開発専門会社 レブクリエイト,https://www.revcreate.jp/,https://www.revcreate.jp/contact.php
名古屋,アドバンス情報システム - 愛知県名古屋市にあるシステム開発 ...,https://aisweb.co.jp/,
名古屋,システム開発 名古屋:: 株式会社ジー・ソフト|名古屋で ...,https://gstaff.jp/,
名古屋,株式会社サミットシステムサービス,https://www.summitsystem.co.jp/,
名古屋,株式会社システムクリエイト名古屋 | 名古屋市北区 クラウド ...,https://sc-nagoya.jp/,https://sc-nagoya.jp/contact/
名古屋,株式会社シイズ | 株式会社シイズはitインフラ技術とシステム ...,http://www.kkseeds.com/,
名古屋,株式会社インビリティー | 名古屋のアプリ開発・システム開発 ...,https://inbility.co.jp/service.html,https://inbility.co.jp/contact.html
名古屋,Resirit株式会社 | 名古屋、東京を拠点に、システム開発を通じ ...,https://resirit.co.jp/,https://resirit.co.jp/contact/
名古屋,アクティブシステム株式会社 | 名古屋のソフトウェア開発 ...,https://activesystem.co.jp/,https://activesystem.co.jp/contact/
名古屋,【名古屋】Webシステム開発に強い「リンクル」 | Webシステム ...,https://linkle-inc.co.jp/,https://linkle-inc.co.jp/contact
名古屋,システム・アプリ開発、Itソリューションは名古屋のアドバンス ...,https://www.advancesoft.co.jp/,https://www.advancesoft.co.jp/contact/index.html
名古屋,名古屋のシステム開発・ITインフラ構築 | Grand Deal (株式会社 ...,https://www.granddeal-hp.com/,https://www.granddeal-hp.com/contact/
名古屋,株式会社システムデザイン|機械設計・Fa機器、電気制御機器 ...,http://www.system-ds.com/,
名古屋,パートナー募集 株式会社アイティユニバース,https://ituni-web.co.jp/partner/,https://ituni-web.co.jp/contact/index.html
名古屋,株式会社デジタライズ - 名古屋 システム開発 スマホアプリ開発 ...,https://www.digitalize.co.jp/,https://www.digitalize.co.jp/contactgeneral/
名古屋,名古屋のシステム開発会社を10選 | 特徴や得意領域についても ...,https://novelinc.jpn.org/magazine/nagoya-system-company/,https://n-v-l.co/service/techunit?utm_source=blog&utm_medium=banner&utm_campaign=article-inside-banner
豊田,システム開発 | 豊田市のWeb制作・ホームページ制作会社 ...,https://itechinc.jp/system/,https://itechinc.jp/index.php/contact
豊田,システム開発・ソフト開発なら「有限会社アース・ラン」,https://www.earthrun.co.jp/,https://www.earthrun.co.jp/contact_earthrun.html
豊田,培われてきた技術 | 豊田自動織機itソリューションズ(Tiis),https://www.tiis.global/history,https://www.tiis.global/contact
豊田,株式会社アイティーシー - About Us,https://itccorporation.jp/about,https://itccorporation.jp/contacts
豊田,ホームページ制作・広告・デザイン制作・システム開発 ...,https://smile-design.co.jp/,https://smile-design.co.jp/#contact
豊田,燃料電池自動車「Mirai」搭載製品の開発 | 豊田自動織機 ...,https://saiyo.toyota-shokki.co.jp/project_story/index/%E7%87%83%E6%96%99%E9%9B%BB%E6%B1%A0%E8%87%AA%E5%8B%95%E8%BB%8A%E3%80%8Cmirai%E3%80%8D%E6%90%AD%E8%BC%89%E8%A3%BD%E5%93%81%E3%81%AE%E9%96%8B%E7%99%BA/,
豊田,機械 - 研究開発 | 株式会社 豊田中央研究所,https://www.tytlabs.co.jp/technology/coretechnology/machine.html,https://www.tytlabs.co.jp/contact/toiawase.html
豊田,講演会・セミナー|とよたビジネスフェア,https://toyota-bizfair.jp/seminar.html,
豊田,次世代コネクティッドカー向けOTA(Over the Air)※システム開発を ...,https://www.toyota-tsusho.com/press/detail/190312_004340.html,https://www.toyota-tsusho.com/inquiry/input/
豊田,開発生産性と柔軟性の高いシステム基盤として OutSystems を ...,https://www.outsystems.com/ja-jp/case-studies/tiis-creating-environment-for-higher-value-gen/,https://www.outsystems.com/ja-jp/contact-sales/
豊田,システム開発支援 | エイセブプラス,https://www.eisebu-p.co.jp/service/system/,https://www.eisebu-p.co.jp/contact
豊田,Ttsとは | 豊田通商システムズ株式会社,https://www.ttsystems.com/jp/about,https://www.ttsystems.com/contact/
岡崎,中小企業様専門のシステム開発 | 株式会社オアシス,https://okazaki-system.com/,https://oa-sys.co.jp/contact/
岡崎,株式会社 Bandai - システム開発 / Pc販売・社内保守 / Web関連 ...,https://www.k-bandai.com/,https://www.k-bandai.com/contact
岡崎,株式会社オアシス |地域密着型it企業(岡崎市を中心とした三河 ...,https://oa-sys.co.jp/,https://oa-sys.co.jp/contact
岡崎,システム開発・アプリ開発・ホームページ制作・Lp制作等のitの ...,https://www.pieceinnovation.jp/,https://www.pieceinnovation.jp/contact
岡崎,岡崎市のAIとIT支援なら永昌システムズ,https://eisyo-systems.jp/,https://eisyo-systems.jp/contact/
岡崎,システム開発 | 岡崎情報開発センター,https://www.ojk.co.jp/system/,https://pro.form-mailer.jp/fms/e30d8b76335023
岡崎,株式会社ライフアークシステム,https://www.lifearcsystem.co.jp/,
岡崎,愛知県岡崎市のweb制作会社 株式会社イーダ [公式],https://iii-da.co.jp/,https://iii-da.co.jp/contact.php
岡崎,株式会社TOAシステム,https://www.e-toasys.com/,https://www.e-toasys.com/contact/
岡崎,責任は重大、要件は不確定──億単位の金額を扱う新システム ...,https://codezine.jp/article/detail/17141,
岡崎,株式会社トレンドワークシステム | 想像力と技術力で世界に ...,https://trend-system.net/,https://trend-system.net/contact/
岡崎,株式会社 ITS | システム開発・メインフレーム・組み込み・Windows ...,https://its-system.jp/,https://its-system.jp/contact/
岡崎,企業案内 -レックスシステム,https://www.rex-system.co.jp/Scripts/Info/aboutus.aspx,https://www.rex-system.co.jp/Scripts/Inquiry/input.aspx
岡崎,ソニックシステム株式会社コーポレートサイト(ロボット ...,https://sonicsystem-kk.co.jp/,https://sonicsystem-kk.co.jp/contact/
岡崎,会社概要 - web制作会社 株式会社エクラ eclat,https://eclatweb.jp/description/,https://eclatweb.jp/contact/
岡崎,株式会社シャイン | 自分らしく輝き続けるカンパニー,https://syain-ss.com/,https://syain-ss.com/contact/
岡崎,Jr岡崎駅東口での複合施設開発について | お知らせ | 名古屋 ...,https://www.nsk-eki.com/info/detail/?cd=000050,https://www.nsk-eki.com/faq/
岡崎,会社概要 | 株式会社Cloud9,https://cloud9-inc.jp/company/,https://cloud9-inc.jp/contact
岡崎,三菱自動車工業株式会社 電動車向けパワートレインのシステム ...,https://kosen-guide.jp/job_search/entry.html?cd=01003243001122,mailto:info@elite-network.co.jp
岡崎,株式会社KIT,https://www.kit-japan.co.jp/,https://www.kit-japan.co.jp/contact.html
岡崎,提供サービス|システム開発・IT支援|株式会社ダッド,https://www.dad.co.jp/service/system/,https://www.dad.co.jp/contact/
一宮,愛知県一宮市のWEB制作・システム開発 | tiny-p,https://tiny-p.com/,https://tiny-p.com/#contact
一宮,株式会社ユースシステム - 株式会社ユースシステム,https://uths.co.jp/,https://uths.co.jp/contact-us/
一宮,ユーザー・現場目線で作る愛知県一宮市のWebシステム開発会社,https://webloco.webolha.com/support-system/,https://webloco.webolha.com/contact/
一宮,情報システムの開発、販売、企画、保守なら昭和 ...,https://www.showacs.co.jp/category_001.html,https://www.showacs.co.jp/category_005.html
一宮,株式会社エミリーズ | Webシステムの開発・ホームページ作成 ...,https://ems-it.jp/,https://ems-it.jp/#contact
一宮,株式会社タッグシステム - 愛知県一宮市にあるコンピュータ ...,http://www.tag-system.co.jp/,https://www.tag-system.co.jp/contact
一宮,株式会社クリオ | 基板設計・製造&ハード・ソフト開発ならお任せ,https://www.cli-o.com/,https://www.cli-o.com/contact/
一宮,会社案内|中部システム工業株式会社,http://www.chubusystemkogyo.co.jp/company.html,https://www.chubusystemkogyo.co.jp/inquiry.html
一宮,システム開発・Androidハンディターミナルシステム開発 ...,https://www.meigi.co.jp/service-system.html,https://www.meigi.co.jp/contact.html
一宮,Webシステム・ホームページ制作なら株式会社アントロワ,https://untrois.co.jp/,https://untrois.co.jp/#consultation
一宮,システム開発,http://www.wicom.co.jp/,
一宮,株式会社アイシーシー | 愛媛県 新居浜市 システム開発/Web制作 ...,https://www.ichimiya.co.jp/icc/,https://www.ichimiya.co.jp/icc/contact/
一宮,株式会社エスプリ 会社概要 - エスプリは現場を知るit戦略 ...,https://info.esprit.co.jp/,
一宮,愛知県一宮市のIT経営コンサルティング「株式会社サカイiT経営」,https://www.sakaiit.com/,https://www.sakaiit.com/2022/%e5%a4%a7%e5%9e%a3%e5%95%86%e5%b7%a5%e4%bc%9a%e8%ad%b0%e6%89%80%e3%81%ae%e3%83%af%e3%83%b3%e3%82%b9%e3%83%88%e3%83%83%e3%83%97%e7%b5%8c%e5%96%b6%e7%9b%b8%e8%ab%87%e4%bc%9a/
一宮,株式会社エム・アイ・ティ システム開発,https://mit-sys.co.jp/,https://mit-sys.co.jp/contact/index.html
一宮,デザインとシステム開発で愛知県一宮市を元気に。一時は諦め ...,https://www.creators-station.jp/interview/legends/190613?larea=tokai&lpref=aichi,https://www.creators-station.jp/contact
一宮,会社概要 - 株式会社キーシステム,http://key-sys.com/company/,
一宮,- アイジョブ株式会社,https://ai-job.co.jp/,https://ai-job.co.jp/contact/
一宮,株式会社ブイシステム,https://vsystem.co.jp/,https://vsystem.co.jp/contact.html
一宮,ブルーイノベーション、「Bepポート|防災システム」本格提供 ...,https://www.blue-i.co.jp/news/release/20250520.html,https://www.blue-i.co.jp/contact/
一宮,システム開発 | オークシステム株式会社,https://www.oac.co.jp/business/system-development/,https://www.oac.co.jp/contact/
一宮,株式会社愛媛ソフトウェア・サービス | 40年以上続く ...,https://www.ehime-soft.co.jp/,https://www.ehime-soft.co.jp/contact.html
一宮,株式会社 テクノシステム,http://tsknet.info/aboutus.html,
一宮,会社概要 | 愛知県一宮市、岐阜、名古屋でホームページ制作 ...,https://sakaiitproject.com/about/,http://sakaiitproject.com/contact/
豊橋,株式会社ネットコム ー 愛知県豊橋市のシステム開発企業,https://www.netcom-inc.co.jp/,https://www.netcom-inc.co.jp/contact
豊橋,愛知県豊橋市のシステム開発・ソフトウエア開発会社 株式会社next,https://2next.jp/,https://2next.jp/contact/
豊橋,株式会社豊橋ソフトウェアサービス,http://www.t-ss.co.jp/,
豊橋,豊橋テクノサイエンス - システム開発・コンピュータ関連製品 ...,https://www.t2s.jp/,https://www.t2s.jp/feedback/index.html
豊橋,株式会社ネットコム,https://www.aichi-biz.com/search/companies/23/,https://www.aichi-biz.com/search/companies/23/#CONTACT
豊橋,会社概要 | テクノシステム株式会社,https://www.technosystems.co.jp/company/profile/,https://www.technosystems.co.jp/contact/
豊橋,バグースシステム株式会社,http://www.bagus-system.co.jp/,
豊橋,【愛知・豊橋】ホームページ制作、システム開発|顧客管理 ...,https://www.databrain.co.jp/,https://www.databrain.co.jp/contact.php?toiawase_type=contact
豊橋,内部共通事務システム開発業務委託 公募型プロポーザル/豊橋市,https://www.city.toyohashi.lg.jp/62634.htm,https://www.city.toyohashi.lg.jp/5915.htm
豊橋,東海システム株式会社,https://www.tokai-s.co.jp/frameset.html,
豊橋,有限会社ネクストシステム,http://www.nextsystem.co.jp/,
豊橋,株式会社システムハウス,https://www.system-house.co.jp/,https://www.system-house.co.jp/contact.html
豊橋,エース情報システム有限会社 - Ace Information systems,https://ace-joho.com/,https://ace-joho.com/wp/contact/
豊橋,有限会社 ウィンテック(豊橋市のソフトウェア開発・製造 ...,http://win-tec.jp/,https://win-tec.jp/contact.html
豊橋,株式会社エフトス - ネットワーク構築・システム開発,http://fts-com.jp/,https://ftcare-i.com/contact/
豊橋,システムクリエイト/愛知県豊橋市,https://www.sysc.co.jp/,
豊橋,ホームページ制作・システム開発 愛知県 豊橋市|Aiming-エイ ...,https://aiming.jp/,https://aiming.jp/contact/
豊橋,IT導入サポートデスク/連携ベンダーのご紹介|豊橋商工会議所,https://www.toyohashi-cci.or.jp/itsupport/vd_17.php,https://www.toyohashi-cci.or.jp/info/contact.php
豊橋,株式会社tky ・愛知県豊橋市のit企業 株式会社tkyのweb ...,https://tky-kk.jp/,https://tky-kk.jp/contact/
豊橋,ミユキ通信工業株式会社 | ミユキ通信工業株式会社は、It ...,http://miyukituusin.com/,
豊橋,愛知県豊橋市で格安ホームページ制作やシステム開発なら ...,https://mixq.net/,https://mixq.net/contact.php
豊橋,会社概要 | 【Osc】業務効率化、Dx支援からホームページ制作 ...,https://www.osc-kk.co.jp/company/,https://www.osc-kk.co.jp/company/#
豊橋,株式会社 キョウデンシステム,http://kyoden-system.co.jp/,
豊橋,ホームページ制作・WEBシステム開発|メディアラボ・ジャングル,https://www.jungle-jp.com/,
豊橋,豊橋テクノサイエンス - システム開発・コンピュータ関連製品 ...,https://t2s.co.jp/,
豊橋,ニューシステムテクノロジー|ありそうでなかった商品の企画 ...,https://www.n-s-t.jp/,https://www.n-s-t.jp/contact.html
豊橋,株式会社システムハウス インタビュー|高校生のための東三河 ...,https://www.tonichi.net/source_school/company/interview.php?cid=186,
春日井,愛知県春日井市のシステムソリューションサービス - Gl ...,https://gl-s.co.jp/,https://gl-s.co.jp/case/
春日井,春日井のシステム開発・ホームページ制作はらいおん丸,https://raionmaru.jp/,https://raionmaru.jp/#
春日井,アリッツ株式会社 - 愛知県春日井市のウェブコンサルティング ...,https://www.alitz.co.jp/,https://www.alitz.co.jp/inquiry/
春日井,会社案内 - システム電機,https://system-d.co.jp/about/,https://system-d.co.jp/contact
春日井,会社情報|学校支援システムの株式会社EDUCOM,https://www.educom.co.jp/company,https://www.educom.co.jp/contact
春日井,会社概要 - 株式会社aio,https://aio-ne.info/company/,
春日井,三精システム - 三精システム,http://sansei-system.jp/,
春日井,Webシステム開発 | 春日井流通マシン,https://k-rm.jp/case/category/web-system/,https://k-rm.jp/contact/
春日井,会社概要|六合システム電子工業,https://rdk.rokugo-g.co.jp/company/,https://rdk.rokugo-g.co.jp/contact
春日井,ソリトンと名古屋大学、自動運転を遠隔から簡易な操作で走行 ...,https://www.soliton.co.jp/news/2024/006246.html,https://www.soliton.co.jp/contact/
春日井,電子応用機器の制御装置 基板開発 試作の有限会社エムケイ ...,http://m-k-system.com/,
春日井,会社概要・沿革|マッハシステムの導入は信頼と実績の ...,https://fh-a.net/company/,https://fh-a.net/contact/
春日井,会社案内 -会社概要-|株式会社エス・アール,http://www.sr-inc.co.jp/kaisha-annai/gaiyo.html,
春日井,システム開発・プログラミングデザイン - 春日井商工会議所青年部,https://www.kyeg.net/industry/%E3%82%B7%E3%82%B9%E3%83%86%E3%83%A0%E9%96%8B%E7%99%BA%E3%83%BB%E3%83%97%E3%83%AD%E3%82%B0%E3%83%A9%E3%83%9F%E3%83%B3%E3%82%B0%E3%83%87%E3%82%B6%E3%82%A4%E3%83%B3/,https://business.form-mailer.jp/fms/1f10897323653
春日井,"""「知の拠点あいち重点研究プロジェクトiv期」 国内初",自動 ...",
安城,安城市のソフトウェア開発|リアルシステム株式会社,https://real-system.co.jp/,https://real-system.co.jp/contact/
安城,株式会社screen | 安城itシステム,https://www.screen-anjo.com/,https://www.screen-anjo.com/
安城,BULiT | 会社概要,https://www.bulit.co.jp/company.html,https://www.bulit.co.jp/contact.html
安城,会社概要 愛知県安城市のコンピュータシステム開発と労働者 ...,http://www.ksc-ksc.co.jp/company-profile,
安城,研究開発の施設・設備|研究開発|クラボウ,https://www.kurabo.co.jp/rd/facility.html,https://www.kurabo.co.jp/contact/
安城,Worldsystem - 株式会社ワールドシステム,https://www.world-system.co.jp/,https://www.world-system.co.jp/consult/
安城,株式会社 ケー・ティー・システム,https://www.ktsystem.jp/,
安城,Live Agent - 名古屋市・安城市・豊橋市でシステム開発 / Hp ...,https://l-agent.net/,
安城,会社案内 - 株式会社ワールドシステム,http://www.worldsys.co.jp/company.html,
豊川,コムカム|愛知県豊川市のソフトウェア制作会社,https://www.com2.co.jp/,https://www.com2.co.jp/contact
豊川,事務処理ソフト・システム開発・事務代行のアールビーピー,http://rbp-system.com/,
豊川,システム開発 | システル株式会社システム開発 | システル ...,https://www.systel.co.jp/,https://www.systel.co.jp/
豊川,(仮称)豊川駅前複合ビル開発計画起工式を開催|ハクヨ ...,https://www.hakuyo-ps.co.jp/news/detail.php?id=105,https://www.hakuyo-ps.co.jp/contactform/
豊川,PDF 豊川駅東口における複合ビル開発計画について,https://www.m-cd.co.jp/pdf/250312_release.pdf,
豊川,株式会社パシフィックシステム,http://p-sys.jp/,https://p-sys.jp/contact-us/
豊川,キントーンcm放映中 | ノーコードで 業務アプリを つくろう ...,https://kintone.cybozu.co.jp/jp/lets-no-code/,
豊川,【豊川市公式】 豊川市 あいち電子申請・届出システム - くらし ...,https://ttzk.graffer.jp/city-toyokawa,
豊川,会社紹介 | Ants Engineering【アンツエンジニアリング】,https://ants-engineering.co.jp/profile/,https://ants-engineering.co.jp/form/
豊川,Home | 株式会社 メイン,https://www.main-inc.biz/home/,https://www.main-inc.biz/contact/
豊川,株式会社one Web | 愛知・名古屋・豊川のwebサイト制作会社,https://1web.co.jp/,https://1web.co.jp//#page05
西尾,"""日本でソフトウェア専門企業を""""当たり前""""に、そしてsiの形を ...""",https://innovationhub.cac.co.jp/n/ned3f0f2fb755,https://note.com/innovationhub/message
西尾,西尾開発株式会社,https://www.nishio-rent.co.jp/n-kaihatsu/,
西尾,会 社 概 要,http://www.nishiosystem.co.jp/gaiyou.html,
西尾,事例|西尾レントオール 株式会社 ~C/S型、Web型、iOS ...,https://www.imagazine.co.jp/%E8%A5%BF%E5%B0%BE%E3%83%AC%E3%83%B3%E3%83%88%E3%82%AA%E3%83%BC%E3%83%AB-%EF%BD%9C-c-s%E5%9E%8B%E3%80%81web%E5%9E%8B%E3%80%81ios%E3%83%8D%E3%82%A4%E3%83%86%E3%82%A3%E3%83%96%E5%9E%8B%E6%B7%B7%E5%9C%A8/,https://www.imagazine.co.jp/contact/
西尾,会社情報|株式会社システムデザイン|機械設計・Fa機器 ...,https://www.system-ds.co.jp/kaisya/index.html,https://www.system-ds.co.jp/contact/
西尾,モビシステム|西尾レントオール,https://mobi-system.com/,https://mobi.nishiorent.com/user/regist_contact
西尾,主要施設 | 西尾ニュータウン開発株式会社<公式>,https://www.nishio-newtown.jp/facility/,https://www.nishio-newtown.jp/contact/
西尾,パソコンのトラブルからシステム開発まで |Wish 有限会社 ...,https://www.wish-system.com/,https://www.wish-system.com/contact.html
西尾,開発への思い | Nano Link System(ナノリンク システム) | 淀川 ...,https://www.yodogawa.co.jp/nanolink/story/,https://www.yodogawa.co.jp/nanolink/contact/
西尾,当社について | 株式会社sbr テクノロジー,https://sbr.technology/company,https://sbr.technology/contact
西尾,東海空圧機器 株式会社,https://tokaikuuatsu.com/,https://tokaikuuatsu.com/contact/
西尾,西尾レントオール、Aiによるスケートボーダー検知システムを ...,https://evesul.jp/cspi2025-nishio-rentall/,https://s.evesul.jp/contact
西尾,PDF 西尾レントオール、 Dmp 製「Ai スケートボーダー検知システム ...,https://tdnet-pdf.kabutan.jp/20250616/140120250616590237.pdf,
西尾,株式会社シーエスイー - あなたのitを支えるソリューション ...,https://www.cseinfo.co.jp/,https://www.cseinfo.co.jp/cgi-bin/contact/index.cgi
西尾,西尾 禎治 - 研究者情報 | J-global 科学技術総合リンクセンター,https://jglobal.jst.go.jp/detail?JGLOBAL_ID=201901018741966974,https://jglobal.jst.go.jp/info/contact
西尾,※ テクノロジテム西尾:最先端テクノロジーと持続可能な開発,https://kantanteku.quest/263/,https://kantanteku.quest/contact/
西尾,株式会社彦文開発 | 土木工事のプロフェッショナル集団が未来 ...,https://hikobun.com/,https://hikobun.com/page-1009/
西尾,課題に寄り添うシステム開発 サイボウズ広島オフィス 西尾陽平 ...,https://www.chugoku-np.co.jp/articles/-/414269,https://www.chugoku-np.co.jp/articles/-/146800
刈谷,システム開発で,https://www.inspeedia.com/,https://www.inspeedia.com/contact/
刈谷,刈谷事務所 | 第一システムエンジニアリング,https://www.dse-corp.co.jp/company/point/kariya/,https://www.dse-corp.co.jp/contact/
刈谷,刈谷スマートシティ,https://kariya-smartcity.jp/,https://kariya-smartcity.jp/inquiry
刈谷,【刈谷】システム開発(電動パワーステアリング)/自動車 ...,https://tennavi-job.com/systemengineer/jobdetail/02-971324/,https://scouting.mynavi.jp/help/
小牧,三峰システム開発 | 会社概要,http://sanpohsys.co.jp/company/index.html,
小牧,JR東海の成長を支える技術開発,https://company.jr-central.co.jp/company/technology/growth.html,https://jr-central.co.jp/info/
小牧,住理工情報システム株式会社,https://www.is.sumiriko.co.jp/,https://www.sumitomoriko.co.jp/contact/index.php?ctg=15&page=input
小牧,つくるプロセス|新規開発・シミュレーションなら株式会社 ...,https://www.sinkoh.com/capability/,
小牧,"""有限会社コンタクト",ソフト開発,
小牧,株式会社三峰システム開発 愛知県小牧市 | 全国82職種が登録 ...,https://web.suke-dachi.jp/cl/aichi-052887,https://suke-dachi.jp/contact?utm_source=viola&utm_medium=organic
小牧,技術開発・技術力強化への取組み | 戦略・事業紹介 | 会社と ...,https://saiyo.jr-central.co.jp/company/business/technology.html,
小牧,DX・デジタル推進をサポートするタクトシステム株式会社,https://www.tactsystem.co.jp/,https://irodori.tactsystem.co.jp/contact/
小牧,サン・エンジニアリング株式会社 | 小牧市の自動機械開発専門会社,https://sun-eng-komaki.com/,https://sun-eng-komaki.com/contact/
小牧,株式会社 京都アイティソリューション - 会社概要,http://kyotoit.com/company,
小牧,ファーストシステム株式会社 - Firstsystem,http://www.firstsystem.co.jp/works/,
