番号,タイトル,URL,問題
1,"株式会社トリココシステム 福島県郡山市のWebシステム開発 ...","https://toricoco.com/#home_inquiry","⚠️ message が 6回重複入力されている"
2,"アプリ・システム開発 | ホームページ制作・福島県郡山市のweb ...","https://www.multi.ne.jp/contact","⚠️ subject が 6回重複入力されている"
3,"会社概要 | システム開発 アプリケーション開発 技術者派遣 ...","https://www.cioweb.co.jp/contact/","⚠️ tel が 3回重複入力されている"
4,"有限会社川口システム開発(埼玉県さいたま市南区) 概要","https://data-link-plus.com/jp/inquiry","⚠️ message が 3回重複入力されている"
5,"株式会社システムアイ|2次元・2.5次元cad・Camソフトの開発販売","https://www.system-i.co.jp/app/contact/","⚠️ subject が 5回重複入力されている; ⚠️ company が 3回重複入力されている"
6,"越谷のWebシステム開発 パソコンサポート","https://pc-koshigaya.com/contact.php","⚠️ subject が 3回重複入力されている"
7,"Drc株式会社 (埼玉県越谷市) システム機器の企画・開発・製造 ...","https://www.1saito.biz/contact","⚠️ subject が 5回重複入力されている"
8,"埼玉県越谷市、システム機器の企画・開発・製造・販売「Drc ...","https://www.bizloop.jp/b581321/est/?s=s1","⚠️ email が 3回重複入力されている"
9,"株式会社トラストシステム","https://www.trustsystem.co.jp/contact","⚠️ tel が 4回重複入力されている; ⚠️ email が 4回重複入力されている; ⚠️ message が 4回重複入力されている"
10,"会社概要|株式会社シンワ機械 | パックシーラー トレー ...","https://www.shinwa-kikai.co.jp/inquiry/index.html","⚠️ email が 8回重複入力されている"
11,"企業概要 | (株)キューブシステム","https://www.cubesystem.co.jp/contact/","⚠️ tel が 3回重複入力されている"
12,"会社紹介 | 株式会社システムアドバンス","https://www.sys-ad.com/contactus/","⚠️ tel が 3回重複入力されている"
13,"システム・ホームページ制作 千葉|中小企業・個人事業主向け ...","https://www.element-system.co.jp/contact/","⚠️ message が 6回重複入力されている"
14,"神奈川県、千葉県のシステム開発会社 | 株式会社ウィザード","https://wiz-t.co.jp/contact/","⚠️ tel が 3回重複入力されている; ⚠️ email が 3回重複入力されている; ⚠️ message が 3回重複入力されている"
15,"Bonds Labo | 千葉県松戸市のWEB制作、システム開発","https://bonds-labo.com/contact/","⚠️ message が 6回重複入力されている"
16,"株式会社クレッジの制作実績と評判 | 千葉県松戸市のホーム ...","https://web-kanji.com/contact?cta=companies_002","⚠️ company が 3回重複入力されている"
17,"株式会社ソフトエイジ|仙台|柏|東京|IT|システム開発","https://www.softage.co.jp/contact","⚠️ company が 3回重複入力されている"
18,"株式会社Cuon | 業務システム開発をRuby on Railsで","https://www.cuon.co.jp/contact","⚠️ message が 3回重複入力されている"
19,"会社情報:Core Create System コア・クリエイトシステム","https://www.corecreate.com/contact/contact.php","⚠️ subject が 3回重複入力されている"
20,"東京システムリサーチ|tsr","https://www.tsrweb.co.jp/contact/","⚠️ tel が 3回重複入力されている"
21,"東京・福岡でソフトウェア開発/システム開発をご検討中の ...","https://system-kaihatu.com/inquiry","⚠️ message が 5回重複入力されている"
22,"東京Laravel開発:Webサービス、業務システム、API開発まで対応","https://dx.shiro-holdings.co.jp/contact/","⚠️ message が 4回重複入力されている"
23,"株式会社システム・キープ・ヤード | システム開発のご相談は ...","https://www.sky-net.co.jp/contact","⚠️ tel が 3回重複入力されている"
24,"システム研究開発センター 横浜オフィス|企業情報|日鉄 ...","https://www.nssol.nipponsteel.com/cgi-bin/form/inquiry.pl","⚠️ email が 3回重複入力されている; ⚠️ tel が 3回重複入力されている"
25,"システム設計・開発・保守|株式会社プロシードエンタープライズ","https://www.proceed-e.com/contact/","⚠️ subject が 4回重複入力されている; ⚠️ message が 5回重複入力されている"
26,"会社情報|株式会社ウィンシステム","https://www.winsystem.jp/contact/index.php","⚠️ message が 3回重複入力されている"
27,"川重、ショベルを知能化 自律稼働システム開発 - 日刊工業新聞","https://www.nikkan.co.jp/inquiries/index","⚠️ subject が 8回重複入力されている; ⚠️ message が 8回重複入力されている"
28,"相模原市のWebアプリ・業務システム開発| 株式会社プーズネット","https://system.poos.net/contact.php","⚠️ message が 3回重複入力されている"
29,"システム開発事業 | 株式会社キャロットシステムズ|神奈川県 ...","https://www.carrotsys.co.jp/contact/","⚠️ subject が 3回重複入力されている"
30,"株式会社wown(ワオン) - 湘南でitといえばwown","https://www.wown.co.jp/contact","⚠️ tel が 3回重複入力されている"
31,"Fusic、AVILENとAIインテグレーション分野で戦略的業務提携 ...","https://fusic.co.jp/contact","⚠️ email が 20回重複入力されている"
32,"ソフトウェア開発|サービス|S.p.w. 株式会社システムプラン ...","https://spw.co.jp/contact/","⚠️ tel が 3回重複入力されている"
33,"0462977602は豊和繊維工業株式会社厚木システム開発センター ...","https://media.ivry.jp/peoplytics/inquiry/32/new/","⚠️ message が 15回重複入力されている"
34,"大和システム(やまとシステム)株式会社 | システム開発 ...","https://www.yamato-sys.com/contact/","⚠️ tel が 3回重複入力されている; ⚠️ message が 8回重複入力されている"
35,"小田原市 | 企画部:情報システム課","https://www.city.odawara.kanagawa.jp/request.php?page_url=https%3A%2F%2Fwww.city.odawara.kanagawa.jp%2Fmsec%2Findex.php%3Fmsection_id%3D43&contact_msection_id=43","⚠️ email が 3回重複入力されている"
36,"業務アプリケーション、組込み制御システムなら ...","https://www.hm-net.co.jp/contact","⚠️ email が 3回重複入力されている"
37,"JCCソフト|企業課題をシステムで解決・支援","https://jccinc.co.jp/contact/","⚠️ message が 6回重複入力されている"
38,"「長岡システム開発センター」を開設しました - Kasix","https://www.kasix.co.jp/contact","⚠️ message が 7回重複入力されている"
39,"会社概要 | 株式会社システムコム","https://www.system-com.co.jp/contact/","⚠️ tel が 3回重複入力されている"
40,"会社概要 | 株式会社システムエース-新潟県三条市","https://www.system-ace.co.jp/contact/","⚠️ message が 3回重複入力されている"
41,"三条印刷株式会社-社内システム開発 プログラマー リモート要 ...","https://1049.co.jp/contact/","⚠️ message が 7回重複入力されている"
42,"会社情報 | Jシステム","https://www.activ-system.com/contact/","⚠️ message が 3回重複入力されている"
43,"ウェーブシステム | ウェーブシステム オリジナルソフト開発 ...","https://wave-system.com/form/contact.php","⚠️ email が 3回重複入力されている"
44,"トップページ - サン・ライズ・システムズ株式会社","https://srsys.jp/contact","⚠️ message が 3回重複入力されている"
45,"会社概要 | 株式会社白山システム","https://hakusan-system.co.jp/contact","⚠️ tel が 3回重複入力されている"
46,"Sqlによるシステム保守(石川県白山市漆島町)|北電産業 ...","https://csc-staff.com/member-inquiry","⚠️ message が 8回重複入力されている"
47,"福井システムズ株式会社 / 自治体・教育機関向け ...","https://www.fukui-systems.co.jp/contact/","⚠️ tel が 3回重複入力されている"
48,"株式会社甲府情報システム","https://www.kofujoho.co.jp/toiform","⚠️ fullName が 3回重複入力されている; ⚠️ company が 3回重複入力されている; ⚠️ email が 3回重複入力されている; ⚠️ tel が 3回重複入力されている; ⚠️ message が 3回重複入力されている"
49,"長野日本ソフトウエア株式会社丨長野県諏訪市に拠点を置くitと ...","https://www.nnsk.co.jp/contact/","⚠️ company が 3回重複入力されている"
50,"長野県上田市のシステム開発ならCruw(クルー)","https://cruw.co.jp/contact","⚠️ message が 3回重複入力されている"
51,"クラウド型健康データ管理システム「クラウドチェックアップ ...","https://jgc-healthcare.com/contact/","⚠️ tel が 3回重複入力されている"
52,"創業8カ月のaiスタートアップが、日本のdx推進に自信を持つこれ ...","https://www.businessinsider.jp/contact/","⚠️ message が 3回重複入力されている"
53,"システム開発・内製化支援 | Ok Computer 岐阜","https://www.ok-computer.jp/contact/","⚠️ tel が 3回重複入力されている"
54,"タック株式会社/【岐阜】システム開発se(イビデン及び製造業 ...","https://www.geekly.co.jp/inquiry/?route=globalnavi","⚠️ company が 4回重複入力されている"
55,"コンパクトなit化が地域住民の「足」を支えるーコミュニティ ...","https://www.digital-gyosei.com/contact","⚠️ fullName が 3回重複入力されている; ⚠️ company が 3回重複入力されている; ⚠️ email が 3回重複入力されている; ⚠️ tel が 3回重複入力されている"
56,"会社概要 - 株式会社イシダシステム開発","https://www.ishida-sd.co.jp/contact/","⚠️ tel が 3回重複入力されている"
57,"WEBシステム開発の株式会社レジアス","https://www.rexius.co.jp/contact/index","⚠️ message が 3回重複入力されている"
58,"企業情報 - 株式会社東海情報システム","https://www.tokai-is.co.jp/contact/","⚠️ company が 4回重複入力されている; ⚠️ message が 4回重複入力されている"
59,"会社概要|株式会社フジシステムズ","https://www.fujisystems.co.jp/contact/","⚠️ tel が 3回重複入力されている"
60,"静岡県焼津市 | Smart at | kintoneの機能拡張、システム開発 ...","https://m-sol.co.jp/smapro_pub/_link.do?i=TRNTOIAWASE_input&p=001","⚠️ company が 3回重複入力されている"
61,"名古屋のシステム・アプリ開発 | creato(クリート)","https://creato-c.jp/contact","⚠️ message が 3回重複入力されている"
62,"株式会社エスエスアイ|企業向けシステム開発 - 東海・名古屋","https://ssi.ne.jp/contact","⚠️ message が 3回重複入力されている"
63,"株式会社アブソリュート・システム - 名古屋にオフィスを構え ...","https://abs-inc.co.jp/contact/","⚠️ tel が 3回重複入力されている"
64,"東京・名古屋・大阪のシステム開発やSES|株式会社GEクリエイティブ","https://mghd.ge-creative.co.jp/contact/","⚠️ message が 8回重複入力されている"
65,"アクティブシステム株式会社 | 名古屋のソフトウェア開発 ...","https://activesystem.co.jp/contact/","⚠️ company が 4回重複入力されている"
66,"パートナー募集 株式会社アイティユニバース","https://ituni-web.co.jp/contact/index.html","⚠️ email が 12回重複入力されている"
67,"次世代コネクティッドカー向けOTA(Over the Air)※システム開発を ...","https://www.toyota-tsusho.com/inquiry/input/","⚠️ message が 8回重複入力されている"
68,"Ttsとは | 豊田通商システムズ株式会社","https://www.ttsystems.com/contact/","⚠️ message が 4回重複入力されている"
69,"企業案内 -レックスシステム","https://www.rex-system.co.jp/Scripts/Inquiry/input.aspx","⚠️ email が 3回重複入力されている"
70,"愛知県一宮市のWEB制作・システム開発 | tiny-p","https://tiny-p.com/#contact","⚠️ message が 3回重複入力されている"
71,"システム開発 | オークシステム株式会社","https://www.oac.co.jp/contact/","⚠️ subject が 8回重複入力されている"
72,"愛知県豊橋市で格安ホームページ制作やシステム開発なら ...","https://mixq.net/contact.php","⚠️ message が 5回重複入力されている"
73,"会社概要・沿革|マッハシステムの導入は信頼と実績の ...","https://fh-a.net/contact/","⚠️ message が 7回重複入力されている"
74,"会社紹介 | Ants Engineering【アンツエンジニアリング】","https://ants-engineering.co.jp/form/","⚠️ tel が 3回重複入力されている"
75,"当社について | 株式会社sbr テクノロジー","https://sbr.technology/contact","⚠️ email が 3回重複入力されている"
76,"システム都市開発(株) | 大津町ポータルサイト","https://ozu-portal.com/contact/","⚠️ tel が 3回重複入力されている"
77,"Pivot - Web・アプリ・システムのui・Uxデザイン企画・開発","https://pivot.jp/contact","⚠️ message が 4回重複入力されている; ⚠️ company が 10回重複入力されている"
78,"京都・滋賀のシステム開発|Auto-IDフロンティア株式会社","https://www.id-frontier.jp/contact","⚠️ tel が 3回重複入力されている"
79,"システム開発・運用管理 | 京都工業株式会社","https://www.kyotokogyo.co.jp/contact/","⚠️ tel が 3回重複入力されている"
80,"亀岡 文彦 | メンバー | 株式会社先駆|ウェブサイト制作 ...","https://senku.jp/contact/","⚠️ message が 9回重複入力されている"
81,"日本初、高速道路 Ic 直結「次世代基幹物流施設」開発計画 ...","https://www.presscube.jp/inquiry/create","⚠️ message が 8回重複入力されている"
82,"大阪のシステム開発会社 コアース","https://coeure.co.jp/contact.html","⚠️ company が 3回重複入力されている"
83,"株式会社ウイズ | 大阪/システム開発/Web企画構築/営業販促 ...","https://www.wiznet.co.jp/contact/","⚠️ tel が 3回重複入力されている"
84,"オーダメイドのWEBシステム開発|ジョイディア","https://joydea.jp/contact","⚠️ subject が 3回重複入力されている"
85,"Code-base | 大阪府堺市 | Web制作・システム開発・It顧問","https://code-base.jp/contact/","⚠️ tel が 3回重複入力されている"
86,"株式会社ファイン | Webシステム・スマホアプリ・ゲームの開発会社","https://www.fine-net.com/contact/","⚠️ tel が 3回重複入力されている"
87,"webシステム開発:::ホームページ制作 大阪府堺市 デジタルファクトリー","https://www.digital-factory.jp/inquiry/index.cgi","⚠️ email が 4回重複入力されている"
88,"株式会社ワックシステム - 吹田商工会議所","https://suitacci.or.jp/contact","⚠️ subject が 11回重複入力されている"
89,"会社概要 - Web制作会社ネコシステム","https://www.neko-system.com/otoiawase/index.html","⚠️ company が 7回重複入力されている"
90,"会社概要|システム開発のポラリス","https://polaris-inc.jp/contact/","⚠️ tel が 3回重複入力されている"
91,"株式会社バース|システムコンサルティング、ソフトウェア ...","https://www.birth-inc.co.jp/contact.php","⚠️ message が 4回重複入力されている"
92,"株式会社relation - システム開発からデザインまでワンストップで ...","https://www.relation2012.com/contact/","⚠️ company が 3回重複入力されている; ⚠️ subject が 10回重複入力されている"
93,"Adkマーケティング・ソリューションズ、コンサル事業や ...","https://www.adkms.jp/ask/","⚠️ message が 5回重複入力されている"
94,"Itシステム開発「契約」の教科書 第2版 - 丸善ジュンク堂書店 ...","https://corp.maruzenjunkudo.co.jp/webcontact/","⚠️ subject が 5回重複入力されている"
95,"Itシステム開発「契約」の教科書/池田聡/著 本・コミック ...","https://www.e-hon.ne.jp/inquiry/","⚠️ tel が 3回重複入力されている"
96,"オーバルクリエイティブソフト株式会社|システム開発 ...","https://www.ovalcs.co.jp/contact/","⚠️ message が 3回重複入力されている; ⚠️ company が 3回重複入力されている"
97,"会社案内 | システム神戸合同会社","https://systemkobe.com/contact/","⚠️ company が 3回重複入力されている"
98,"株式会社システムステージ","https://www.tesmic-ss.co.jp/contact/","⚠️ subject が 6回重複入力されている"
99,"日本システム開発株式会社(Jsd) | 役員改選のお知らせ","https://www.jsdnet.co.jp/contactus/","⚠️ message が 5回重複入力されている"
100,"鉄道車両システム開発における安全性と設計最適化との両立事例","https://www.zuken.co.jp/contact/","⚠️ tel が 3回重複入力されている"
101,"東京本社|会社情報|システムづくりにおもいやり 株式会社 ...","https://www.humansystem.com/contact/","⚠️ message が 8回重複入力されている"
102,"港区のit企業でシステム開発を行っている会社9選 | 物販 ...","https://nextjp.co.jp/next-contact/","⚠️ tel が 3回重複入力されている"
103,"Ndiソリューションズ株式会社: 会社概要","https://www.ndisol.jp/contact/","⚠️ email が 7回重複入力されている"
104,"会社概要|システム開発・Web制作・システム運用・技術者派遣 ...","https://cta-na2.hubspot.com/web-interactives/public/v1/track/click?encryptedPayload=AVxigLJM4SbS1vg6p0F%2F1RqyetIeAfBFIA5XhpkdA%2BYkbWgTiOmF%2Fr2kIsWcyd8punK%2Bw158bDyPUW%2FbGTMZHRXpt5JKT%2FSUa8UV4E%2F165Nt5DBlCWs1vL5RLUCHP9R5CEAIH2xiiC%2BqYhZXbPnZjYn3OSpJjV8UX85x8jukGM75ebuizazU&portalId=22534194&webInteractiveContentId=247474692837&webInteractiveId=567535107821&containerType=EMBEDDED&pageUrl=https%3A%2F%2Fwww.3s-sys.co.jp%2Fcompany&pageTitle=%E4%BC%9A%E7%A4%BE%E6%A6%82%E8%A6%81%EF%BD%9C%E6%A0%AA%E5%BC%8F%E4%BC%9A%E7%A4%BE%E3%82%B9%E3%83%AA%E3%83%BC%E3%82%A8%E3%82%B9%E3%82%B7%E3%82%B9%E3%83%86%E3%83%A0%E3%82%A2%E3%83%B3%E3%83%89%E3%82%B5%E3%83%BC%E3%83%93%E3%82%B9&referrer=&userAgent=Mozilla%2F5.0+%28Macintosh%3B+Intel+Mac+OS+X+10_15_7%29+AppleWebKit%2F537.36+%28KHTML%2C+like+Gecko%29+Chrome%2F142.0.0.0+Safari%2F537.36&hutk=7f958ec615944cadeb9a4c9c0bc72ee5&hssc=82271177.1.1765331664807&hstc=82271177.7f958ec615944cadeb9a4c9c0bc72ee5.1765331664807.1765331664807.1765331664807.1&pageId=251526735551&analyticsPageId=251526735551&hsfp=2232238641&canonicalUrl=https%3A%2F%2Fwww.3s-sys.co.jp%2Fcompany&contentType=standard-page","⚠️ message が 5回重複入力されている; ⚠️ company が 3回重複入力されている"
105,"システム販売/開発 | 奈良oaシステム株式会社","https://www.naraoa.co.jp/contact.html","⚠️ company が 3回重複入力されている; ⚠️ message が 5回重複入力されている"
106,"生駒市公式ホームページ","https://www.city.ikoma.lg.jp/module/shareform.php?so_cd=19-0-0-0-0","⚠️ email が 3回重複入力されている"
107,"会社概要 - 一般社団法人生駒システムサポート","https://www.ikomasystemsupport.com/question/","⚠️ company が 3回重複入力されている"
108,"株式会社鳥取メカシステム - 自動機製造を設計から ...","https://torimeka.jp/inquiry/","⚠️ message が 3回重複入力されている"
109,"米子アリーナ | Web制作&システム開発 - 有限会社Willさんいん","https://www.will3in.co.jp/production/contact/","⚠️ email が 15回重複入力されている"
110,"和幸情報システム株式会社","https://www.wisys.co.jp/contact/","⚠️ email が 8回重複入力されている"
111,"Itoc しまねソフト研究開発センター","https://www.s-itoc.jp/form/inquiry/","⚠️ message が 4回重複入力されている"
112,"チーム出雲オープンビジネス協議会|【全国対応】システム ...","https://www.team-izumo.shimane.jp/contact/index","⚠️ email が 15回重複入力されている"
113,"株式会社システムエンタープライズ | 岡山のシステム開発ならsec","https://www.s-enter.com/contact","⚠️ message が 3回重複入力されている"
114,"50年以上前のコンピュータ黎明期から社会を支え続けるit企業 ...","https://ikikata-dappi.jp/contact?post_id=7716","⚠️ tel が 3回重複入力されている"
115,"岡山 Dx・It活用 | ちぃと気が利く玄人集団 エムアンドシー ...","https://www.mandc.co.jp/contact.html","⚠️ tel が 3回重複入力されている"
116,"株式会社ワードシステム | 【公式】岡山県津山市移住・定住 ...","https://life-tsuyama.jp/contact/","⚠️ email が 3回重複入力されている"
117,"nics.ne.jp - 株式会社NICS|岡山県玉野市のシステム開発 - Nics","https://sur.ly/contacts","⚠️ email が 4回重複入力されている"
118,"株式会社サンエスシステム | モノづくりの現場のシステム開発 ...","https://www.3s-system.co.jp/contact","⚠️ tel が 3回重複入力されている"
119,"株式会社NextCode - 福山市のHP制作・システム開発","https://next-code.jp/contact","⚠️ message が 6回重複入力されている"
120,"株式会社srs - Itソリューションで未来を創協","https://srs-inc.co.jp/contact.html","⚠️ message が 4回重複入力されている"
121,"広島県福山市のecサイト・オークション・アプリ制作会社 ...","https://www.dreamnets.co.jp/contact/","⚠️ message が 17回重複入力されている"
122,"Dxの取り組み | 福山通運","https://corp.fukutsu.co.jp/corp/inquiry/entry/","⚠️ message が 15回重複入力されている"
123,"企業詳細|ひろしまワークス - 広島で見つける仕事と暮らし","https://www.hiroshimaworks.jp/check/form/1","⚠️ company が 30回重複入力されている"
124,"システム開発・ホームページ制作・Itコンサルティング | 有限 ...","https://tt-inc.co.jp/contact/","⚠️ tel が 3回重複入力されている"
125,"帝人株式会社 岩国開発センター | 革新的セパレータ「リエル ...","https://inquiry.teijin.co.jp/form/contact_li_jp.html","⚠️ message が 14回重複入力されている"
126,"日本システム開発株式会社 | Turn Up 徳島","https://turnup.tokushima.jp/entry","⚠️ email が 3回重複入力されている"
127,"システム開発エンジニア/未経験から3カ月研修でitエンジニア ...","https://job.selva-i.co.jp/entry/form/step","⚠️ tel が 3回重複入力されている"
128,"会社概要 - K システム ソリューション","https://www.ksysllc.co.jp/contact","⚠️ email が 3回重複入力されている"
129,"\DX推進・システム開発/土日祝休&車通勤OK!@香川県丸亀市","https://job.fellow-s.co.jp/contact","⚠️ email が 4回重複入力されている"
130,"コンピューターシステム(株)|愛媛県松山市のソフトウェア ...","https://www.jcsc.co.jp/contact/","⚠️ message が 5回重複入力されている"
131,"【プレスリリース】今治市とbemacが共同開発したai治水監視 ...","https://www.bemac-fr.com/contact","⚠️ tel が 3回重複入力されている"
132,"株式会社ijc - 四国のuiターン応援サイト Switch★Shikoku ...","https://e-uturn.jp/contact/","⚠️ tel が 3回重複入力されている"
133,"会社案内 | 株式会社 ゼロシステム","https://zerostart.jp/zerosystem/contact/","⚠️ message が 6回重複入力されている"
134,"【消防科学総合センター理事長賞】Fmラジオを活用した防災情報 ...","https://www.bousaihaku.com/contact/start","⚠️ tel が 3回重複入力されている"
135,"株式会社ビットキューブ|福岡のシステム開発会社","https://www.bitqube.co.jp/%E3%81%8A%E5%95%8F%E3%81%84%E5%90%88%E3%82%8F%E3%81%9B","⚠️ email が 3回重複入力されている"
136,"福岡のシステム開発は株式会社ブラテック","https://www.bratech.co.jp/contact/","⚠️ message が 4回重複入力されている"
137,"福岡システム開発会社|株式会社ノードキャスト|トップページ","https://nodecast.jp/contact/formmain","⚠️ email が 3回重複入力されている"
138,"トップページ|Azureに強い福岡のシステム開発会社 | 株式会社 ...","https://withwonder.co.jp/contact/","⚠️ company が 3回重複入力されている; ⚠️ tel が 3回重複入力されている; ⚠️ message が 4回重複入力されている"
139,"久留米情報システム株式会社","https://www.kisc.co.jp/contact/","⚠️ email が 27回重複入力されている"
140,"福岡県筑紫野市のSE・システムエンジニア(Web・オープン系 ...","https://www.hatarakuzo.com/inquiries/question","⚠️ message が 11回重複入力されている"
141,"システム開発 | 株式会社サインズ | 佐賀のホームページ制作会社","https://sainsweb.jp/contact/index.html","⚠️ tel が 3回重複入力されている"
142,"Sagaのit産業 | Saga立地ナビ","https://www.saga-kigyorichi.jp/contact/","⚠️ email が 11回重複入力されている"
143,"会社情報|株式会社グローブネットシステム","https://www.globenetsys.co.jp/contact/","⚠️ fullName が 4回重複入力されている"
144,"Nbc情報システム株式会社|長崎県 長崎市のシステム開発 ...","https://www.nbcis.co.jp/contact/","⚠️ message が 5回重複入力されている"
145,"熊本のアプリ開発・システム開発・ホームページ制作 ...","https://www.nt-studio.com/contact-us/","⚠️ message が 7回重複入力されている"
146,"会社概要 - 八代市の太陽開発株式会社","https://taiyo-develop.com/contactus","⚠️ tel が 3回重複入力されている"
147,"業務内容 - 有限会社中道環境開発","https://y-nkk.jp/contact","⚠️ tel が 3回重複入力されている"
148,"八代市立図書館システム賃貸借に係る公募型プロポーザル ...","https://www.city.yatsushiro.lg.jp/dynamic/entry/pub/ansform.aspx?c_id=55&entry_ins=61","⚠️ message が 11回重複入力されている"
149,"株式会社 オーロラユニオン / 天草市","https://www.city.amakusa.kumamoto.jp/dynamic/asc/entry/pub/default.aspx?c_id=40","⚠️ message が 19回重複入力されている"
150,"株式会社mob | 鹿児島県姶良市のweb制作会社","https://mobinc.jp/contacts","⚠️ message が 4回重複入力されている"
151,"会社案内 - 日東システムズ","https://nitto-systems.co.jp/inquery","⚠️ tel が 3回重複入力されている"