会社名,サービスURL,住所,電話番号,お問い合わせURL
中野行政書士事務所,https://nakano-gyoseishoshi.com/,東京都大田区西蒲田8-24-1 ミマツビル4F,,https://nakano-gyoseishoshi.com/contact/
行政書士事務所アジア経営革新等支援機関,https://asiasupport.biz/,東京都新宿区西新宿7丁目17-7 廣田ビル402号,,https://asiasupport.biz/contact/
行政書士三浦一朗事務所,https://miurai-gyouseioffice.com/,鳥取県西伯郡南部町鴨部1598-1,,https://miurai-gyouseioffice.com/#contact-txt
行政書士事務所ロータス,https://office-lotus.com/,櫛引町2－162　NYビル１階,,https://office-lotus.com/inquiry
宗岡行政書士事務所,http://www.office-muneoka.com/index.html,東京都豊島区南池袋2-29-12　ＨＦ池袋ビルディング6F,,https://www.office-muneoka.com/contact.html
松本行政書士事務所,http://gyosei.officematsumoto.net/index.php?FrontPage,東京都杉並区高円寺南４－２３－１,,https://gyosei.officematsumoto.net/index.php?%E3%81%8A%E5%95%8F%E5%90%88%E3%81%9B
駒沢公園行政書士事務所,https://ootsuka-houmu.com/,東京都大田区上池台1-34-2,,https://ootsuka-houmu.com/contact-2/
エールZEAL国際行政書士事務所,http://yellzeal.com/,埼玉県比企郡滑川町大字羽尾3874番地１,,https://yellzeal.com/contact-us/
行政書士新宿総合法務事務所,https://shinjuku-lawyers.com/,東京都新宿区西新宿７－１１－１５　ミヤコビル３０５,,https://shinjuku-lawyers.com/contact/
行政書士さかもと綜合事務所,https://legal-skmt.com/,大阪府大阪市中央区本町橋２-２３ 第7松屋ビル3階,,https://legal-skmt.com/contact/
行政書士法人畠山事務所,https://www.hatakeyama-office.co.jp/,千葉県千葉市千城台西1丁目34番10号,,https://www.hatakeyama-office.co.jp/contact.html
行政書士事務所Link-Up,https://www.kitagawa-office.jp/,神奈川県茅ヶ崎市南湖5−6−1第二南湖ビル201,,https://www.kitagawa-office.jp/%E3%81%8A%E5%95%8F%E3%81%84%E5%90%88%E3%82%8F%E3%81%9B/
島岡和雄行政書士事務所,https://shimaoka-office.com/,埼玉県さいたま市大久保領家458番地8,,https://shimaoka-office.com/#contact
さくらい行政書士事務所,https://www.sakurai-gyouseisyoshi.com/,千葉県佐倉市山王2-11-6,,https://www.sakurai-gyouseisyoshi.com/%E3%81%8A%E5%95%8F%E3%81%84%E5%90%88%E3%82%8F%E3%81%9B/
ハピネス行政書士事務所,https://www.sugawara4976.com/,東京都江戸川区西葛西6-13-12　第一大高ビル5F,,https://www.sugawara4976.com/inquiry/
行政書士事務所ＲＥＡL,https://real.or.jp/,埼玉県上尾市大字平塚3115-6,,https://real.or.jp/contact/
行政書士佐藤千秋事務所,https://sato-office.com/,千葉県佐倉市千成三丁目30番9号,,https://sato-office.com/contact/
大村行政書士事務所,http://omuraoffice.jp/,東京都新宿区西新宿1-25-1 新宿センタービル49階,,https://omuraoffice.jp/html/main/contact.html
行政書士法人エベレスト,http://www.gyouseishoshi-everest.com/,愛知県名古屋市中村区名駅五丁目3番6号 神谷ビル6階,,https://www.gyouseishoshi-everest.com/contact-us/
ワークスハブ行政書士事務所,https://works-hub.jp/,東京都江戸川区鹿骨2-32-12,,https://works-hub.jp/contact-form/
巣鴨地蔵行政書士事務所,https://sugamojizo.com/,東京都豊島区巣鴨4-22-26 光マンション202,,https://sugamojizo.com/contact/
竹田紘己行政書士事務所,https://www.takedagyousei.com/,東京都北区赤羽西1-39-8コーポ遠山201,,https://www.takedagyousei.com/contact
鎌倉小町行政書士事務所,https://tsunekioffice.com/,小町1-9-3島森ビル3階,,https://tsunekioffice.com/%e3%81%8a%e5%95%8f%e5%90%88%e3%81%9b/
浅井行政書士事務所,https://asaioffice.com/,鶴屋町2-27-7ピュアハイツ台町307,,https://asaioffice.com/contact/
行政書士野崎明穂事務所,https://nozaki-gyousei-office.com/,埼玉県川口市東川口１丁目15－4,,https://nozaki-gyousei-office.com/contact/
あいきょう行政書士事務所,https://aikyo-gyosei.jp/,千葉県船橋市東船橋４丁目３０番地８号サンビレッジ２０７号室,,https://aikyo-gyosei.jp/inquiry/
まつど行政書士事務所,https://matsudo-office.jp/,千葉県松戸市根本452 篠崎建物305号,,https://matsudo-office.jp/contact
いろは行政書士事務所,https://www.irohagyosei.jp/,千葉県松戸市五香1丁目12ｰ10,,http://www.irohagyosei.jp/contact/
サポート行政書士法人,https://www.shigyo.co.jp,東京都新宿区西新宿2-3-1 新宿モノリスビル2F,,https://www.shigyo.co.jp/contact_us/
沼田裕子行政書士事務所,https://numatanet.com/,埼玉県越谷市北越谷2丁目21番10号,,https://numatanet.com/contact.php
稲田堤行政書士事務所,https://www.office-inadazutsumi.com/index.html,神奈川県川崎市菅稲田堤1-3-25レジデンス稲田堤301,,https://www.office-inadazutsumi.com/contact.html
下川原行政書士事務所,http://www.shimokawara-office.com/,神奈川県座間市相模が丘1-36-55 クリオ小田急相模原弐番館109号室,,https://www.shimokawara-office.com/contact
株式会社シンセシスリーガルファミリア　望月綜合法務事務所グループ,http://gift-m.com/,大阪市北区南森町1丁目3番29号,,https://gift-m.com/contact/
行政書士金子里見事務所,http://kanejim.com,秋田県秋田市将軍野東二丁目22番56号,,https://kanejim.com/contact.html
後藤行政書士事務所,https://www.gotoh-gyoseishoshi.jp/,埼玉県越谷市越ヶ谷一丁目３番１４号文省堂ビル５階,,https://www.gotoh-gyoseishoshi.jp/contact.html
行政書士法人スマートサイド,https://www.shinjuku-kensetsu.jp/,東京都文京区小石川1-3-23　ル・ビジュ-601,,https://www.shinjuku-kensetsu.jp/contact
行政書士ひるかわ事務所,http://hirukawa-office.com/,神奈川県横浜市原宿3-14-14-A,,https://www.hirukawa-office.com/#contact
行政書士法人クリムゾンパートナーズ札幌,https://www.crimson-sapporo.com/,北海道札幌市中央区南一条東２丁目１１－１　ノーザンヒルズ大通東９階,,https://www.crimson-sapporo.com/contact
アンド・ワン司法書士行政書士事務所,https://andone-ueki.jp/,東京都中央区銀座1丁目20番14号　KDX銀座一丁目ビル 1階,,https://andone-ueki.jp/contact
WINDS行政書士事務所,https://www.windsgyosei.com/,東京都新宿区西新宿7－17－14　 新宿シティ源ビル,,https://www.windsgyosei.com/contact/
谷島行政書士事務所,https://tanishima.net/,東京都港区六本木2-4-9アソルティ六本木1丁目1階,,https://tanishima.net/%e3%81%8a%e5%95%8f%e5%90%88%e3%81%9b/
JAPAN行政書士事務所,https://japan-sk.com/,東京都台東区東上野三丁目１７番８号　大野屋ビル３階A号室,,https://japan-sk.com/contact/
吉岡俊二行政書士事務所,http://www.g-yoshioka.jp/,日本橋人形町2-7-5-1405,,https://www.g-yoshioka.jp/contact/
せとうち行政書士事務所,https://setouchigyousei.com/,東京都大田区山王2-5-6 山王ブリッジ5階45号室,,https://setouchigyousei.com/contact/
行政書士平成国際法務事務所,https://www.heiseikokusai.com/,東京都渋谷区千駄ヶ谷5丁目21番8号 代々木第10下田ビル9階,,https://www.heiseikokusai.com/%E3%81%8A%E5%95%8F%E3%81%84%E5%90%88%E3%82%8F%E3%81%9B/
大門行政書士事務所,http://officedaimon.com/index.html,東京都中野区上鷺宮２－４－１－１３０３,,https://officedaimon.com/contact.html
ユニ行政書士法務事務所,https://office-uni.com/,神奈川県平塚市袖ヶ浜 1-12-1,,https://office-uni.com/contact/
北川行政書士法務事務所,https://kitagawa-office.com/,神奈川県横浜市保土ケ谷区権太坂1-41-6,,https://kitagawa-office.com/contact/
行政書士法人 オーシャン,https://www.ocean.jpn.com/,神奈川県横浜市高島2丁目14-17 クレアトール横浜ビル５階,,https://www.ocean.jpn.com/contact/
オリ行政書士事務所,https://oli-gyosei-shien.com/,蒲生南町24-36-209,,https://oli-gyosei-shien.com/contact/
小笠原薫子行政書士事務所,https://ogasawara-accounting.com/,金明町446-8,,https://ogasawara-accounting.com/contact
服部俊明行政書士事務所,https://office-hattori.net/,日進町3丁目99番地1　ライオンズガーデン大宮日進402号室,,https://office-hattori.net/contact/
ところさわ行政書士事務所,https://kigyou-net.com/,緑町3-29-9ヒルズ緑町201,,https://kigyou-net.com/contact.html
OBI行政書士事務所,https://obi-office.com/,埼玉県さいたま市本太3丁目13番地15号 303,,https://obi-office.com/contact/
行政書士アンフィニ法務事務所,https://office-infini-h.com/,埼玉県所沢市西所沢1丁目10番11号ビルズ吉祥西所沢駅前201号,,https://office-infini-h.com/contact
飯塚行政書士事務所,https://gyousei1.jp/,高砂２－８－４市川ビル４階,,https://gyousei1.jp/contact/
行政書士法人中央合同事務所,http://www.nouten.jp/,千葉県千葉市中央4丁目12−9 1F,,https://www.nouten.jp/contact.php
行政書士法人サークレスト,https://circlest.co.jp/,西馬橋幸町132-3-2F,,https://circlest.co.jp/#contact
いそご法務小竹行政書士事務所,https://www.kotake.net/,東町15-32 モンビル503,,https://www.kotake.net/contact/
みなも行政書士事務所,https://www.minamojimusyo.net/index.html,三番町20番地2 三番町パークライフ503号,,https://www.minamojimusyo.net/contact.html
行政書士武藤事務所,https://gyouseishoshi-muto.com/index.html,神奈川県茅ヶ崎市高田4-21-51,,https://gyouseishoshi-muto.com/contact.html
行政書士丸山理事務所,https://gyousei-maruyama-office.com/,神奈川県横浜市保土ケ谷区初音ヶ丘26-18,,https://gyousei-maruyama-office.com/contact/
C. S. AND P. 行政書士事務所,https://workingvisa.csap.tokyo/,永田町2－17－17 AIOS永田町 2F,,https://workingvisa.csap.tokyo/contact/
司法書士行政書士 日暮里上野法務事務所,https://www.s-shihoushoshi.com/,東京都荒川区東日暮里５－５２－２神谷ビル４０６,,https://www.s-shihoushoshi.com/%E3%81%8A%E5%95%8F%E5%90%88%E3%81%9B/#anchorMailform
行政書士小出事務所,http://koide-office.com/index.html,山下町73山下ポートハイツ701,,https://koide-office.com/contact/index.html
増村行政書士事務所,https://m-kensetsu.com/,東京都台東区三筋1-9-4　中央クレセントビル2階,,https://m-kensetsu.com/contact.html
田口行政書士事務所,https://jetgyousyo.com/,東京都豊島区南大塚2丁目35-3　鴨志田ビル　5階,,https://jetgyousyo.com/contact
ムーブ行政書士事務所,https://office-kmb.com/,本町３丁目２４－２ニュー本町ビル5階C号室,,https://office-kmb.com/contact
行政書士入学事務所,https://newgaku.net/,神奈川県秦野市渋沢三丁目１番１号,,https://newgaku.net/contact
大戸行政書士事務所,https://www.ototoshikatsu.com/,神奈川県相模原市相生1-11-8 ＭＢＣ第二ビル,,https://www.ototoshikatsu.com/contact/
戸田行政書士事務所,https://todagyosei.jimdofree.com/,豊野町１丁目１８−２７,,https://todagyosei.jimdofree.com/%E3%81%8A%E5%95%8F%E5%90%88%E3%81%9B/
深佐行政書士事務所,https://fukasa.com/,埼玉県北足立郡伊奈町寿2-149,,https://fukasa.com/%E3%81%8A%E5%95%8F%E5%90%88%E3%81%9B/
OTB行政書士事務所,https://otb-goffice.com/,埼玉県熊谷市弥生２丁目42番３ 大久保ビル３号室,,https://otb-goffice.com/contact/
CTC行政書士法人,https://www.ctc-cc.jp/,本町6-4-23　船橋ケイウッドビル703,,https://www.ctc-cc.jp/office/contact/
トーク行政書士法人,https://talk-group.co.jp/,千葉県千葉市若葉区都賀3-9-1,,https://talk-group.co.jp/contact/
司法書士・行政書士ベル総合事務所,https://bell-souzoku.com/,東京都千代田区九段南二丁目２番３号 九段プラザビル８階,,https://bell-souzoku.com/contact
スタートライン行政書士事務所,https://st-line-isansouzokusoudan.jp/,東京都港区三田2-14-5　フロイントゥ三田904号,,https://st-line-isansouzokusoudan.jp/contact/
佐野社会保険労務士・行政書士事務所,http://sano-syaroshi.com/,東京都渋谷区渋谷2-7-13大一ビル2C,,http://sano-syaroshi.com/html/contact/index.html
大田行政書士事務所,http://www.ohta-gyosei.jp/,神奈川県横浜市梅が丘21-12アベニュー21-303号室,,https://www.ohta-gyosei.jp/contact/
行政書士伊藤智子事務所,https://www.itotomoko-office.com/,上鶴間本町2丁目25番20-801号,,https://www.itotomoko-office.com/contact/
横田行政書士事務所,https://k-yokota.com/index.php?FrontPage,神奈川県座間市入谷東4丁目15-14,,https://k-yokota.com/index.php?%E3%81%8A%E5%95%8F%E3%81%84%E5%90%88%E3%82%8F%E3%81%9B
かやはら行政書士事務所,https://kayaharajimusyo.com/,埼玉県春日部市牛島９４－８,,https://kayaharajimusyo.com/contact.html
行政書士法人マイリーガル,https://mylegal.jp/,埼玉県東松山市大字上唐子1418番地3,,https://mylegal.jp/info/contact.html
行政書士星山信明事務所,https://mtstar-gs.com/,埼玉県行田市持田2240-23,,https://mtstar-gs.com/contact/
行政書士法人タッチ,https://touch.or.jp/,宮町一丁目86番地1大宮イーストビル5階,,https://touch.or.jp/inquiry/
まさひろ行政書士事務所,https://office-masahiro.com/,千葉県佐倉市染井野７－７－２,,https://office-masahiro.com/contact_here
千葉サポート行政書士事務所,https://tanaka-office.net/,栄町36番10号甲南アセット千葉中央ビル6F2,,https://tanaka-office.net/contact7.html
すがわら行政書士事務所,https://sugawara-gs.com/,千葉県船橋市高野台3-23-8ダウンタウン323-101号,,https://sugawara-gs.com/contact
行政書士わたなべ相続相談室,https://chiba-souzokusoudan.com/,栄町36-10甲南アセット千葉中央ビル9F,,https://chiba-souzokusoudan.com/contact/
Amie国際行政書士事務所,https://amie-visa.com/,千葉県千葉市稲毛区小仲台1-5-26,,https://amie-visa.com/contact/
株式会社ウェイビー,http://www.wavy-kigyou.com,東京都渋谷区代々木１丁目３６−４ 全理連ビル 5階,,https://www.wavy-kigyou.com/contact/
行政書士法人あさひ法務,http://www.asahihoumu.com/,千葉県柏市柏4丁目5番10号サンプラザビル2階,,https://www.asahihoumu.com/contact/
行政書士法人内田総合事務所,https://www.uchidajimusyo.or.jp/,千葉県千葉市新港203,,https://www.uchidajimusyo.or.jp/contact.html
服部行政書士事務所,http://www.hattori-office.jp/,東京都千代田区岩本町3-2-2　マルトモ東京ビル2階,,https://www.hattori-office.jp/contact
行政書士柴田法務会計事務所,https://www.yuigonsyo.biz/,東京都板橋区大谷口2-24-13,,https://www.yuigonsyo.biz/contact/
行政書士三雲法務事務所,http://www.mikumo-houmu.com/,東京都港区高輪二丁目１４番１４号高輪グランドハイツ８０１,,https://www.mikumo-houmu.com/contact
行政書士藤野法務事務所,https://f-suguru.com/,公田町931-126,,https://f-suguru.com/contact.html
行政書士渡辺事務所,https://www.souzoku-watanabe.jp/,埼玉県さいたま市下落合5-10-5 アステリVIP228,,https://www.souzoku-watanabe.jp/contact
アキ・オフィス,https://www.aki-office.com/,埼玉県さいたま市針ヶ谷4-7-33,,https://www.aki-office.com/contact/
ものえ行政書士事務所,http://monoe.biz/,宮崎町235-1,,https://monoe.biz/contact/
にしざわ行政書士事務所,http://nishizawa-office.biz/,千葉県千葉市東千葉1-3-2-404,,https://nishizawa-office.biz/contact.html
松戸パートナー行政書士事務所,https://matsudo-partner.jimdofree.com/,千葉県松戸市小根本91-1-308,,https://matsudo-partner.jimdofree.com/%E3%81%8A%E5%95%8F%E3%81%84%E5%90%88%E3%82%8F%E3%81%9B/
中曽根ゆかり行政書士事務所・社会保険労務士事務所,https://nakasone-office2021.com/,千葉県柏市柏3-3-3フォレストかしわ２０１号,,https://nakasone-office2021.com/contact/
和田行政書士事務所,http://kaishahojin.com,大分県別府市上野口町2番37号,,https://kaishahojin.com/contact/
木村行政書士事務所,https://kimura-gyouseishosi.com/,神奈川県茅ヶ崎市共恵１−５−２８−２０３,,https://kimura-gyouseishosi.com/contact/
あいりん行政書士事務所,https://souzoku-yokohama.net/,神奈川県横浜市神奈川区鶴屋町2-12-1 カリオカビル2階,,https://souzoku-yokohama.net/contact
株式会社プランベース,https://planbase.co.jp/,東京都新宿区揚場町2番18号 ブリエ飯田橋4F,,https://planbase.co.jp/contact/
大阪うぐいす行政書士事務所,https://osaka-uguisu.com/,淡路町1丁目3番6号 日宝淡路町ビル3階5号,,https://osaka-uguisu.com/contact/
株式会社事業パートナー九州,https://jigyo-partner.com/,北九州市戸畑区浅生１丁目３－３,,https://jigyo-partner.com/contact/
グッドラック行政書士事務所,https://office-inobe.com/,田の湯町3番7号 アライアンスタワーZ6階1号室,,https://office-inobe.com/contact/
エバーラスティング株式会社,https://everlasting-japan.co.jp/,〒590-0943 大阪府堺市堺区車之町東1-1-2 井上ビル202,,https://everlasting-japan.co.jp/contact
スタートアップ行政書士事務所,https://start-up22.com/,愛知県あま市森6丁目9－7,,https://start-up22.com/contact/
Man to Man株式会社,https://www.man-to-man-g.com/landing_pages/online/,愛知県名古屋市中区新栄1丁目7番7号RTセンターステージビル,,https://www.man-to-man-g.com/contact-us/
ソック株式会社,https://wallenge.co.jp/index.html#link2,山形県長井市栄町10番1号,,https://wallenge.co.jp/contact/
行政書士法人アイサポート総合法務事務所,http://www.ai-support.biz,末広町4番1号　鈴木ビル5階,,https://www.ai-support.biz/contact/
米井行政書士事務所,http://yonei-office.com,東京都墨田区東向島3-10-9-403,,https://www.yonei-office.com/contact
行政書士法人アッパーリンク,http://hassin.net,広島県広島市西区観音新町2丁目4番25号,,https://hassin.net/inquiry/
行政書士井原総合法務事務所,http://www.office-ihara.com,兵庫県神戸市中央区元町通4丁目6番21号　ジュネスビル3-2号室,,https://www.office-ihara.com/contact.html
はなみずき司法書士事務所,http://www.8732ki.com,愛知県長久手市杁ヶ池106番地2　1階,,https://www.8732ki.com/contact/
アイビー行政書士事務所,http://www.ivy-g.com,埼玉県日高市下鹿山502-15,,https://www.ivy-g.com/sogo-contact.html
尾上拓郎行政書士事務所,http://onoue-gyousei.com,福岡県福岡市博多区美野島１-１３-１１,,https://onoue-gyousei.com/inquiry/
行政書士塩永健太郎事務所,http://shionagaoffice.jp/,熊本県熊本市中央区水前寺１丁目9番6号,,https://shionagaoffice.jp/contact/
かけい行政書士事務所,http://www.kakei-office.com,神奈川県川崎市幸区下平間204 倉田ビル301,,https://www.kakei-office.com/contact
山田博和行政書士事務所,http://kaiketsu-yamada.com,東京都足立区本木南町3-15,,https://kaiketsu-yamada.com/%e3%81%8a%e5%95%8f%e3%81%84%e5%90%88%e3%82%8f%e3%81%9b/
行政書士法人きずな徳島,http://www.gyousei-naruto.net,徳島県板野郡藍住町勝瑞字成長54番地2,,https://www.gyousei-naruto.net/contact
行政書士　磯野法務事務所,http://www.isono-houmu.jimusho.jp,茨城県水戸市東桜川1-29,,https://www.isono-houmu.jimusho.jp/contactform2.html
エフォート行政書士事務所,http://effort-office.net,滋賀県大津市赤尾町4番24号,,https://effort-office.net/contact/
平島国際行政書士事務所,http://www.hirashima-igs.com,東京都豊島区東池袋1-39-15 シャトレー東池袋8階 805,,https://www.hirashima-igs.com/contact.html
愛テラス法務事務所,http://aiterasu.com,新潟県新潟市西区小針6丁目6-6,,https://aiterasu.com/contact-me/
シーサイド行政書士法人,http://seaside-agency.com/index.html,神奈川県横浜市金沢区富岡東 2-1-32-1006,,https://seaside-agency.com/contact/index.cgi
悠里司法書士・行政書士事務所,http://www.shihou-syoshi.net/,大阪府大阪市福島区海老江5丁目2-２大拓ビル７F,,https://www.shihou-syoshi.net/inquiry/
行政書士篠原たかゆき事務所,http://selfemployed.jp,富山県高岡市明園町9-30,,https://selfemployed.jp/index.php?%E3%81%8A%E5%95%8F%E5%90%88%E3%81%9B
岩井優税理士事務所,http://www.zeikaikei.com,神奈川県横浜市中区不老町1-6-9　第一HBビル3F,,https://www.zeikaikei.com/contact.html
行政書士みやこ事務所,http://www.miyako-office.net,京都府京都市上京区千本中立売西入四番町122番地1 ディオ・フェルティ北野東402号,,https://www.miyako-office.net/inquiry/
社会保険労務士・行政書士蔭山行伸事務所,http://www.kageyama-sr.com,神奈川県横浜市大岡1-59-3,,https://www.kageyama-sr.com/contact/
毛見会計事務所,http://www.kemikaikei.com,群馬県前橋市下石倉町20番地5,,https://www.kemikaikei.com/contact/
株式会社イズミ経営,http://izumikeiei.com,大阪府大阪市中央区瓦町1-4-6　市岡宏産ビル7階,,https://izumikeiei.com/contact/
行政書士なかじま事務所,http://www.llc-b.com,兵庫県西宮市馬場町4-4いすず西宮ビル3F,,https://www.llc-b.com/contact/
川口市民法務事務所,http://www.touki-mitsumori.com/,埼玉県川口市並木2-37-2,,https://www.touki-mitsumori.com/mail_01/contact.html
gsoj行政書士大島法務事務所,http://officeooshima.web.fc2.com,京都府京都市中京区西ノ京東月光町4番地26,,https://officeooshima.web.fc2.com/inquiry/index.html
行政書士宮田知章事務所,http://miyata-legal.com,東京都豊島区目白2丁目3番18号 目白レジデンス3０5,,https://miyata-legal.com/contact.html
行政書士高橋幸也うめさと駅前事務所,http://www.umesato-office.com,千葉県野田市山崎1861-1ルネサンス梅郷駅前302,,https://www.umesato-office.com/contact.html
横尾行政書士事務所,http://www.e-gyosei.com,東京都板橋区板橋1-46-2シャロン新板橋603,,https://www.e-gyosei.com/%E3%81%8A%E5%95%8F%E3%81%84%E5%90%88%E3%82%8F%E3%81%9B/
行政書士山田経営法務事務所,http://www.kabushiki-co.com,東京都多摩市南野3-7-26,,https://www.kabushiki-co.com/contact-ask/index.html
行政書士ハーツ事務所,http://2hearts.sakura.ne.jp,東京都立川市錦町1-5-25第3丸岩ビル2F,,https://2hearts.sakura.ne.jp/contactus.html
友貴総合法務事務所,http://yuki-legal.com/index.html,埼玉県坂戸市関間4-4-39ライオンズガーデン若葉604,,https://yuki-legal.com/#contact
アイリス行政書士法人,http://www.iris-gyosei.com,大阪府大阪市淀川区西中島5丁目13番24号アンシャンテ新大阪503号,,https://www.iris-gyosei.com/contact/
行政書士三浦事務所,http://www.miura2580.jp,埼玉県坂戸市南町24-5長久保ビル202,,https://www.miura2580.jp/contact/
青木行政書士事務所,http://n-aokioffice.com,愛媛県松山市森松町1068番地ビッグウエスト105号,,https://n-aokioffice.com/contact/
行政書士　影浦法務事務所,http://kg-lo.jp,大阪府大阪市中央区瓦町3-4-10　日宝御堂ビル4F,,https://kg-lo.jp/index.php/contactus/
行政書士雨堤孝一事務所,http://amazutsumi.jp,大阪府大阪市北区梅田1-1-3大阪駅前第三ビル12階1号室,,http://amazutsumi.jp/contact.html
みつおか行政書士事務所,http://www.mitsuoka-gyousei.com,兵庫県川西市清和台西5丁目4-99,,https://www.mitsuoka-gyousei.com/contact
井戸行政書士法務事務所,http://www.idojimu.jp,愛知県一宮市浅野大西59-1,,https://www.idojimu.jp/inquiry/
行政書士ＯＦＦＩＣＥノムラ,http://www.office-n.bz,兵庫県尼崎市東園田町9丁目８−９Ｒｏｏｔｓビル２Ｆ,,https://www.office-n.bz/contact.html
行政書士三田寺大輔事務所,http://www.office-mitadera.com,茨城県土浦市小松三丁目24番26号,,https://www.office-mitadera.com/contact-html/
行政書士　堀総合法務事務所,http://office-hori.com,京都府長岡京市滝ノ町１丁目３番１４号　１階,,https://office-hori.com/contact/
OKUMURA OFFICE　行政書士 奥村泰久事務所,http://okumura-office.net,東京都荒川区荒川６−３−２,,https://okumura-office.net/contact/
井田ゆみこ行政書士事務所,http://www.ida-yumiko.com,千葉県習志野市大久保2−14−5−408,,https://www.ida-yumiko.com/contact/index.html
国際行政書士事務所アウィリーズ,http://www.officeawi.com,大阪府大阪市城東区新喜多1-1-18　京橋辰田ビル4B,,https://www.officeawi.com/contact
竹中行政書士事務所,http://takenaka-eiken.com,大阪府八尾市竹渕西4-238-7,,https://takenaka-eiken.com/%e3%81%8a%e5%95%8f%e3%81%84%e5%90%88%e3%82%8f%e3%81%9b/
中田典子行政書士事務所,http://www.nakatagyousei.com,奈良県大和郡山市小泉町２１０４-１６,,https://www.nakatagyousei.com/%e3%81%94%e7%9b%b8%e8%ab%87%e3%83%bb%e3%81%8a%e5%95%8f%e5%90%88%e3%81%9b-2/
東梅田行政書士法務会計事務所,http://www.iteya-office.com,大阪府大阪市北区中崎1-2-6　エスリード東梅田603,,https://www.iteya-office.com/inquire/contact.html
行政書士いしがみ事務所,http://www.office-ishigami.com,東京都江戸川区篠崎町5-1-3,,https://www.office-ishigami.com/index.php?%E7%84%A1%E6%96%99%E7%9B%B8%E8%AB%87%EF%BC%86%E3%81%8A%E5%95%8F%E3%81%84%E5%90%88%E3%82%8F%E3%81%9B
山寺行政書士事務所,http://y-gyousei.com,神奈川県川崎市高津区諏訪１−７−２,,https://y-gyousei.com/%E3%81%8A%E5%95%8F%E3%81%84%E5%90%88%E3%82%8F%E3%81%9B
イトウ行政書士法務事務所,http://www.jigyousei.com,千葉県山武郡芝山町小池2491番地4,,http://www.jigyousei.com/index.php?%E3%81%8A%E5%95%8F%E3%81%84%E5%90%88%E3%82%8F%E3%81%9B%E3%83%BB%E3%81%94%E7%9B%B8%E8%AB%87
井筒行政書士事務所,http://office-izutsu.com,兵庫県明石市硯町３丁目６番３８号,,https://office-izutsu.com/contact/
みしま社会保険労務士行政書士事務所,http://www.office-mishima.com/data/joseikin.html,大阪府大阪市中央区徳井町2-2-2  テツタニビル407号,,https://www.office-mishima.com/contact/
松井行政書士事務所,http://matsui-g-office.com,奈良県奈良市中山泉ヶ丘200番地の111,,https://matsui-g-office.com/index.php?%E3%81%8A%E5%95%8F%E3%81%84%E5%90%88%E3%82%8F%E3%81%9B
ミウラ行政書士事務所,http://www.teikan-consul.com,神奈川県横浜市西区戸部本町16番4号301,,https://www.teikan-consul.com/contact/
山崎行政書士事務所,http://gyouseishoshi.fast-hp.com,千葉県我孫子市我孫子2丁目6番935号,,https://gyouseishoshi.fast-hp.com/contact.php
ライフ・リーガル松中　良行政書士事務所,http://www.life-legal.com,愛媛県新居浜市坂井町1丁目７番38号,,https://www.life-legal.com/contact
井上勇夫税理士事務所,http://www.inoue13tax.com,奈良県生駒市谷田町870-2 中谷ビル503,,https://www.inoue13tax.com/contact.html
松島行政書士事務所,http://www.matsu-gyosei.com,埼玉県志木市中宗岡2-7-50,,https://www.matsu-gyosei.com/contact
いけもと行政書士事務所,http://ikemoto-office.biz,千葉県印旛郡酒々井町　東酒々井1-1-133-101,,https://ikemoto-office.biz/contact.php
行政書士大藤法務事務所 大藤社会福祉士事務所,http://office-ohfuji.com,千葉県成田市中台6-14-6,,https://office-ohfuji.com/contact/
荒木行政書士事務所,http://www.gyouseishoshi-araki.com,千葉県千葉市中央区新千葉3-2-1 新千葉プラザマンション505号室,,https://www.gyouseishoshi-araki.com/contact
行政書士河田悟事務所,http://gyouseisyosi.main.jp/index.php,新潟県長岡市蔵王1-1-31　ダイアパレス長岡蔵王305号,,https://gyouseisyosi.main.jp/index.php?%E3%81%8A%E5%95%8F%E3%81%84%E5%90%88%E3%82%8F%E3%81%9B
ＫＬＥＥ行政書士事務所,http://klee-gyousei.com,東京都港区新橋6-5-5　新生ビル２Ｆ,,https://klee-gyousei.com/inquiry/
行政書士クアルテート事務所,http://cuarteto.jp,東京都東村山市秋津町4−37−17,,https://cuarteto.jp/contact/contact_02.html
株式会社レバレッジ,http://www.sigyo.net/list/archives/gyouseisyoshi-horiuchi-masayuki.html,東京都港区芝2-12-13 ASITIS芝4F,,https://www.sigyo.net/quick-contact/
フロンティア総合国際法務事務所,http://www.visa-specialist.com,大阪府大阪市北区芝田1丁目4-17梅田エステートビル2F,,https://www.visa-specialist.com/visa-inquiry-form.html
行政書士ましこ事務所,http://syakuyousyo.com,新潟県新発田市東新町2丁目3-28,,https://syakuyousyo.com/contact.html
ランドマーク税理士法人,http://www.zeirisi.co.jp,東京都千代田区丸の内2丁目5番2号三菱ビル9階,,https://www.zeirisi.co.jp/soudan-contact/
行政書士松浦総合法務オフィス,http://www.rikonsos.com,東京都足立区千住3-61-1,,https://www.rikonsos.com/contact/
税理士法人　入江会計事務所,https://irie-office.com/,兵庫県神戸市中央区京町74番地　京町74番ビル 4階,,https://irie-office.com/contact/
しのだ行政書士事務所,http://www.souzoku-madoguchi.com,埼玉県三郷市新和2-292-8,,https://www.souzoku-madoguchi.com/inquiry/
不動産法務サポートオフィス行政書,http://www.fudosanhoumu.com,東京都台東区蔵前四丁目30番7号タイガ-ビル52号室,,https://www.fudosanhoumu.com/contact/
行政書士工藤法務コンサルタント事務所,http://www.office-kudo.com,神奈川県横浜市中区翁町1-4-8Ｚ西村ビル105,,https://www.office-kudo.com/contact
彩行政書士事務所,http://ssaaii.com,神奈川県川崎市中原区井田三舞町6-1-3０3,,https://ssaaii.com/%e5%95%8f%e3%81%84%e5%90%88%e3%82%8f%e3%81%9b/
ヨネツボ北海道おおた行政書士事務所,http://www.oota-office.com,北海道札幌市中央区大通西11丁目4番地21 52山京ビル702号室,,https://www.oota-office.com/contact/
オータ事務所株式会社,http://www.ota.co.jp,東京都新宿区西新宿6-5-1 新宿アイランドタワー22階,,https://www.ota.co.jp/contact/
行政書士・社会保険労務士へんみ事務所,http://www.henmi-adm.jp,宮城県仙台市宮城野区松岡町20-61,,https://www.henmi-adm.jp/contact/
さとがおか行政書士事務所,http://www.gyousei-hp.com/ls/satogaoka2001,福島県いわき市郷ヶ丘2丁目52番地の7,,https://www.gyousei-hp.com/contact/
株式会社ドヰ福祉法務事務所,http://www.doi-office.com,千葉県船橋市薬円台4-1-25　YDビル1F,,https://www.doi-office.com/06contact/form.html
池端事務所,http://www.ikehata-office.jp,千葉県八千代市大和田新田312番地9,,https://www.ikehata-office.jp/inquiry/
行政書士 尼崎,http://www.kasahara-jimusho.com,兵庫県尼崎市武庫元町3丁目25-22,,https://www.kasahara-jimusho.com/contact.html
東京都北区赤羽 吉村行政書士事務所,http://www.gyosyo.jp,東京都北区神谷2-24-1セイワコ-ポ201号,,https://www.gyosyo.jp/contact
行政書士佐藤正巳事務所,http://www.zairyusikaku.jp,東京都千代田区内神田１−５−６エステムプラザ丸の内ノースライズ７０１号,,https://www.zairyusikaku.jp/%e3%81%8a%e5%95%8f%e3%81%84%e5%90%88%e3%82%8f%e3%81%9b/
行政書士 村松哲事務所,http://www.e-shinnsei.com,岩手県紫波郡矢巾町広宮沢第10地割501番地25,,https://www.e-shinnsei.com/contact/
行政書士法人 水戸綜合事務所,http://mitosogo.com,茨城県水戸市大工町1丁目3番地11東陽ビル7階,,https://www.mitosogo.com/contact/
内野行政書士事務所,http://www.uchino.info,東京都板橋区南常盤台2-9-20,,https://www.uchino.info/contact-us
山本行政書士・土地家屋調査士事務所,http://www.yama-office.jp,東京都江東区木場6-9-5山本工業ビル2F,,https://www.yama-office.jp/form/yama-office/contact
シャトー・カンパニー株式会社,http://www.shatow.com,東京都品川区大崎５丁目９−３ラフィネ大崎１０２,,https://www.shatow.com/inquiry/access.html
きたまち綜合事務所,http://www.eigyo-number.com,東京都練馬区北町5-10-17 ノースタウン１階Ｄ,,https://www.eigyo-number.com/contact/
森安公認会計士事務所,http://www.moriyasu-cpa.jp,東京都港区港南2-16-1　品川イーストワンタワー4階,,https://www.moriyasu-cpa.jp/contact-us
資源循環局　一般廃棄物対策課,http://www.med-ss.jp,,,https://www.med-ss.jp/contact/
行政書士法人小関事務所,http://www.ozeki-office.com/,神奈川県小田原市東町５−８−７,,https://www.ozeki-office.com/inquiry/
行政書士宮田事務所,http://www.miyata-gyousei.com,埼玉県比企郡嵐山町菅谷570-1,,https://www.miyata-gyousei.com/contact
吉川和章税理士事務所,http://www.y-ao.net,静岡県静岡市葵区若松町96-16,,https://www.y-ao.net/contact/
行政書士梅澤法務事務所,http://www.umezawa-office.net,山梨県甲府市国母3丁目11番23号,,https://www.umezawa-office.net/contact/
おぐり行政書士事務所,http://souzoku8.com,岐阜県中津川市本町1丁目1番7号　毛糸のオグリ2階,,https://souzoku8.com/contact/
司法書士・行政書士　アシスト合同事務所,http://shoshi.info,大阪府大阪市城東区新喜多1-1-2　京橋岡村ビル2F,,https://shoshi.info/contact/
行政書士秦総合事務所,http://www.tetuduki-shien.com,大阪府岸和田市別所町三丁目１０番４号,,https://www.tetuduki-shien.com/contact.html
行政書士西尾法務事務所,http://e-npo240.com,兵庫県神戸市中央区北長狭通4-2-5 ローレル元町ビル4階,,https://e-npo240.com/contact
社会保険労務士法人牧江＆パートナーズ事務所,http://www.makie-office.com/subsidy/index.html,兵庫県西宮市和上町５番９号　西宮ビル,,https://www.makie-office.com/contact/
行政書士辻法務事務所,http://www.gyosei-tsuji.biz,大阪府大東市寺川５ー１８−７３,,https://www.gyosei-tsuji.biz/#%E3%81%8A%E5%95%8F%E5%90%88%E3%82%8F%E3%81%9B
行政書士法人トライスター法務事務所,http://tri-star.jp/,神奈川県横浜市中区元浜町3-21-2ヘリオス関内ビル1110,,https://tri-star.jp/contact/
石口美子行政書士事務所,http://ishiguchi-office.com,神奈川県相模原市中央区富士見1-5-2,,https://ishiguchi-office.com/%E3%81%8A%E5%95%8F%E3%81%84%E5%90%88%E3%82%8F%E3%81%9B/
行政書士　原　達芳　事務所,http://thara.a.la9.jp,神奈川県川崎市川崎区渡田新町1-2-1,,https://thara.a.la9.jp/contact.html
行政書士小林法務事務所,http://www.kobayashi-houmu.com,神奈川県藤沢市片瀬海岸2丁目9-6 藤ビル401,,https://www.kobayashi-houmu.com/contact.html
税理士法人北村会計,http://www.kitamurakaikei.com,埼玉県さいたま市大宮区堀の内町3-54 北村会計ビル,,https://www.kitamurakaikei.com/contact.html
山口社会保険労務士・行政書士オフィス,http://www.sharoushi-net.com/business/subsidy/post_5.html,埼玉県さいたま市上落合2-3-2 mio新都心,,https://www.sharoushi-net.com/contact/
司法書士・行政書士・土地家屋調査士 川崎事務所,http://www.kawaoffice.com,愛知県尾張旭市 向町三丁目2番地12,,https://www.kawaoffice.com/contact/
安陵測量登記事務所,http://yasuoka-office.com,岐阜県本巣郡北方町高屋伊勢田一丁目64番地,,https://yasuoka-office.com/contact.html
桜行政書士法人・桜社会保険労務士事務所・さくら京都合同会社,http://www.sakura-kyoto.net,京都府京都市中京区油小路通竹屋町下ル橋本町487-16,,https://www.sakura-kyoto.net/#%E3%81%8A%E5%95%8F%E5%90%88%E3%81%9B
山田法務行政書士事務所 所在地,http://solicitoryamada.web.fc2.com/,神奈川県伊勢原市東成瀬46-2-14-606,,https://solicitoryamada.web.fc2.com/yso/contact.html
行政書士　青崎法務事務所,http://aosaki.com/,福岡県福岡市博多区御供所町1-18　リビング博多ビル　4-C,,https://aosaki.com/contactus/
前原正人行政書士事務所,http://maehara-office.com/index.html,沖縄県那覇市泉崎2丁目1番地4 大建ハーバービューマンション501号室,,https://maehara-office.com/contact/
コンドー行政書士事務所,http://kondoj.com/,東京都港区芝大門2-4-4中根ビル9F,,https://kondoj.com/contact/
プレシャス総合法律事務所,http://precious-law.jp,東京都新宿区四谷4丁目3番地,,https://precious-law.jp/contact/
フェイス総合法務事務所,http://www.ksconsul.jp,神奈川県横浜市保土ケ谷区常盤台86番地,,https://www.ksconsul.jp/contact/
行政書士佐藤隆廣事務所,http://gyouseimie.client.jp,三重県員弁郡東員町笹尾西二丁目22番11,,https://gyouseimie.client.jp/contact.html
リーフ法務事務所,http://leaflegal.net,大阪府吹田市広芝町4-34　江坂第一ビル4F,,https://leaflegal.net/contact/
行政書士ゆうだい法務事務所,http://www.g-youdai.com,山口県熊毛郡平生町竪ケ浜367-1,,https://www.g-youdai.com/contact.html
行政書士玉田事務所,http://www.visa-aichi.com/,愛知県稲沢市駅前２－４－４スカイル２１　１０１,,https://www.visa-aichi.com/contact/
サニー行政書士事務所,http://www.sunnygyosei.com/,東京都八王子市別所2-35-12,,https://www.sunnygyosei.com/contact/
行政書士法人Climb,http://www.client-partners.jp/,東京都新宿区高田馬場1丁目17-16　スタープラザ高田馬場8Ｆ,,https://www.client-partners.jp/contact/
ヘリテージ行政書士事務所,http://heritage-souzoku.com/,大阪府大阪市北区堂山町1-5 三共梅田ビル6階センターオフィス15号,,https://heritage-souzoku.com/contact/
行政書士事務所 アイズオフィス,http://isoffice.web.fc2.com,東京都荒川区西尾久7-12-4,,https://isoffice.web.fc2.com/contact.html
行政書士法人長澤事務所,http://www.office-nagasawa.com,埼玉県熊谷市筑波3-67 パレスクラシーゼ201,,https://www.office-nagasawa.com/form/office-nagasawa/contact
行政書士佐藤秀樹事務所,http://www.hideki-office.com/,北海道札幌市中央区南１０条西１４丁目１－２５,,https://www.hideki-office.com/contact/
奈良社会保険労務士・行政書士事務所,https://www.office-nara.jp/,山口県山口市宮野下30,,https://www.office-nara.jp/contact/
木下税理士事務所,https://www.kinonet.jp/gyouseisyosi.html,山口県宇部市明治町一丁目8-11,,https://www.kinonet.jp/contact.html
三輪行政書士事務所,http://miwa-office.com/,山口県防府市松原町5-30,,https://miwa-office.com/contact/
行政書士法人青森総合法務事務所,http://shakoshoumei.jp/,青森県青森市浜田豊田509,,https://shakoshoumei.jp/contact/
赤石行政書士事務所,https://akaishi-gyousei.jp/,青森県青森市浪岡大字浪岡字平野１３７番地３９,,https://akaishi-gyousei.jp/contact-2/
行政書士 逸見正事務所,https://www.htoffice.jp/,山形県山形市小立2-7-1,,https://www.htoffice.jp/contacts/
行政書士佐藤陽介事務所,https://www.yamagata-shakoshoumei.com/,山形県天童市大字矢野目2529番地の2,,https://www.yamagata-shakoshoumei.com/%E3%81%8A%E5%95%8F%E3%81%84%E5%90%88%E3%82%8F%E3%81%9B/
行政書士法人きずな神戸,http://www.kizuna-group.com/,兵庫県神戸市東灘区魚崎浜町27-21（神戸印刷センター本館4階）,,https://www.kizuna-group.com/contact
Green行政書士事務所,http://car-manual-fxxk.com/,香川県高松市香西東町 278-1-2F,,https://car-manual-fxxk.com/contact/
行政書士谷口法務経営事務所,https://www.tanikei-soudan.jp/,茨城県石岡市石岡２２０６－1,,http://www.tanikei-soudan.jp/%E3%81%8A%E5%95%8F%E3%81%84%E5%90%88%E3%82%8F%E3%81%9B/
いしがみ敦子法務事務所,http://ishigami-legal.info/,茨城県牛久市柏田町　3047-22,,https://ishigami-legal.info/contact.html
加藤亜希行政書士事務所,http://kato-aki.com/,三重県鈴鹿市柳町1706番地の1,,https://kato-aki.com/contact/
行政書士やまぐち事務所,https://gyousei-yamaguchi.com/,三重県伊勢市小俣町明野290-8,,https://gyousei-yamaguchi.com/menu/contact/
行政書士はぎわら事務所,http://kensetsugyou.biz/,埼玉県新座市野火止5-1-20 アーバン201,,https://kensetsugyou.biz/%e3%81%8a%e5%95%8f%e5%90%88%e3%81%9b%e3%83%95%e3%82%a9%e3%83%bc%e3%83%a0/
行政書士つむぐ法務事務所,https://kensetsugyoukyoka-soudan.com/,埼玉県越谷市赤山本町6番地9－1階,,https://kensetsugyoukyoka-soudan.com/contact-us/
行政書士諸井佳子事務所,http://moroi-office.com/,埼玉県上尾市原市中3-6-16 シルクロード原市101,,https://moroi-office.com/nktt/contact/
行政書士法人地域交通プラネッツ,http://www.ck-planets.jp/,宮城県仙台市宮城野区扇町3丁目2番25号,,https://www.ck-planets.jp/contact/
行政書士宮城中央事務所,https://www.kuruma-sendai.jp/,宮城県仙台市若林区荒井7丁目2-8,,https://www.kuruma-sendai.jp/%E3%81%8A%E5%95%8F%E5%90%88%E3%81%9B/
黒田行政書士事務所,https://gyousei-kuroda.com/,宮城県仙台市泉区南光台2丁目11番64号,,https://gyousei-kuroda.com/home/contact/
ミツノブ行政書士事務所,https://www.mitsunobu-gyosei.com/,東京都世田谷区北沢3-6-12-101,,https://www.mitsunobu-gyosei.com/contact
ありすEP行政書士オフィス,https://alice-ep.com/,東京都大田区下丸子2-13-5-516,,https://alice-ep.com/contact/
川邉行政書士事務所,https://kawabeyr.com/,東京都大田区西六郷４－３０－７　音金六郷マンション１Ｃ,,https://kawabeyr.com/contact/
東京下町事務所,http://tokyo-shitamachi.net/,東京都江東区富岡1丁目12番6号,,https://tokyo-shitamachi.net/inquiry/
Clefarray Factory,https://beans-g.jp/,東京都江東区東陽2-4-39 新東陽ビル4F 31号室,,https://beans-g.jp/contact/
司法書士法人ヤマト,https://www.yamato-legal.com/,大阪府大阪市北区梅田1丁目2番2 大阪駅前第2ビル11Ｆ12号,,https://www.yamato-legal.com/contact/index.html
行政書士こんどう法務事務所,https://office-kondo.net/,大阪府寝屋川市昭栄町１７番１３号,,https://office-kondo.net/contact/
アイノン行政書士事務所,https://www.of-ishikawa.com/,沖縄県うるま市安慶名1-8-55 安慶名店舗10,,https://www.of-ishikawa.com/contact/index.php
税理士常住事務所,https://www.tsunezumi.jp/,東京都北区赤羽西1-5-1-606 アビレ・赤羽アボードIビル内,,https://www.tsunezumi.jp/cms/contact
あさひ行政書士・社会保険労務士事務所,https://www.asahi-shinsei.com/,東京都東久留米市本町1－4－22－503,,https://www.asahi-shinsei.com/contact
司法書士・土地家屋調査士・行政書士前原事務所,http://maehara-j.com/,東京都中野区中野四丁目３番１号オフィスサンクォーレ３０３号,,https://maehara-j.com/page-193/contact/
行政書士エスポワール法務事務所,http://tokyo-espoir.com/,東京都中野区本町6-27-12　豊国ビル401号室,,https://tokyo-espoir.com/inquiry
株式会社リサーチセンター,http://researchcenter.co.jp/,岐阜県羽島郡岐南町八剣北4-111 奥田ビル3階,,https://researchcenter.co.jp/%e3%81%8a%e5%95%8f%e3%81%84%e5%90%88%e3%82%8f%e3%81%9b/
野上司法書士事務所,https://nogamitakuji.jimdofree.com/,岡山県岡山市北区久米267番地26,,https://nogamitakuji.jimdofree.com/%E3%81%8A%E5%95%8F%E3%81%84%E5%90%88%E3%82%8F%E3%81%9B/
真行政書士事務所,http://makoto-gyouseishoshi.com/,岡山県岡山市中区江崎11番地8葦原ビル3階301号,,https://makoto-gyouseishoshi.com/contact-us/
さいとう行政書士事務所,http://saitou-gyousei.com/,岡山県岡山市北区惣爪１４番地６,,http://saitou-gyousei.com/contact/
税理士法人日暮里総合事務所,https://nippori-sogo.com/,東京都荒川区西日暮里２－２０－１ ステーションポートタワー３階,,https://nippori-sogo.com/%e3%81%8a%e5%95%8f%e3%81%84%e5%90%88%e3%82%8f%e3%81%9b/
独立コンサルAJ行政書士事務所,https://kensetukyoka.org/,東京都荒川区東尾久5-12-10-301,,https://kensetukyoka.org/contact.html
行政書士田中事務所,https://www.k-tanaka-office.jp/,京都府京都市伏見区竹田向代町36-1,,https://www.k-tanaka-office.jp/contact
行政書士 服部行政法務事務所,http://www.gyoseihoumu.com/,京都府京都市下京区上平野町460番地２,,https://www.gyoseihoumu.com/contact.html
行政書士法人Asumia,https://e-jimusho.com/,広島県広島市東区光町2丁目6番41号　セネスビル4階,,https://e-jimusho.com/contact/
三品行政書士事務所,http://www.msn-office.com/,広島県福山市若松町4-21,,https://www.msn-office.com/contact/
行政書士沖元事務所,https://www.okimoto-gyousei.com/,広島県広島市南区皆実町五丁目１番３７－１７号,,https://www.okimoto-gyousei.com/%E3%81%8A%E5%95%8F%E3%81%84%E5%90%88%E3%82%8F%E3%81%9B/
税理士法人ウィズラン,https://withrun.co.jp/,長崎県佐世保市木場田町8-6,,https://withrun.co.jp/#contact
行政書士中村法務経営事務所,http://www.gyosei-nakamura.com/,長崎県長崎市赤迫３丁目６番３４号,,https://www.gyosei-nakamura.com/contact/
小寺行政書士事務所,http://kodera.biz/,新潟県上越市栄町７番６号３Ｆ,,https://kodera.biz/contact/
Asocia行政書士法務事務所,https://fumio-h-office.com/,新潟県新潟市西区平島2丁目13-11 2F,,https://fumio-h-office.com/contact/
佐藤栄作行政書士事務所,http://www.sato-eisaku.jp/,東京都足立区綾瀬4-13-20 ドルフ綾瀬103,,https://www.sato-eisaku.jp/contact/
静野行政書士事務所,https://shizuno-office.com/,長野県長野市三輪9-43-18-1F,,https://shizuno-office.com/contact/
かすや法務行政書士事務所,http://www.gyousei-kakogawa.com/,兵庫県加古川市加古川町平野343番地　橋本ビル202号,,https://www.gyousei-kakogawa.com/inquiry.html
ディライト行政書士事務所,http://delight-gyousei.com/,兵庫県姫路市飾磨区加茂198-1-908,,https://delight-gyousei.com/contact/
行政書士稲葉事務所,http://i-kaisha-setsuritsu.com/,兵庫県芦屋市大桝町7番9-402号,,https://i-kaisha-setsuritsu.com/contact/
行政書士法人MOYORIC（モヨリック）,https://office-tsuda.net/,兵庫県神戸市東灘区向洋町中6丁目9番地  神戸ファッションマート6F,,https://office-tsuda.net/contact
行政書士とやま事務所,http://gyosei-toyama.com/,神奈川県横浜市神奈川区六角橋2丁目14－2 クレインビル305,,https://gyosei-toyama.com/contactus/
行政書士法人Withness,https://www.kumamoto-kensetsu.com/,熊本県熊本市中央区新大江1丁目7-45　2F,,https://www.kumamoto-kensetsu.com/contact/
行政書士森本法務事務所,http://morimoto-office.com/,熊本県熊本市中央区南熊本1丁目3番24号,,https://morimoto-office.com/contact/
行政書士コヤマ事務所,https://www.ofnon.com/,群馬県高崎市請地町６－８,,https://www.ofnon.com/contact
行政書士事務所Office Arai,http://office-arai-gunma.com/,群馬県前橋市亀里町1299番地7 エスコンビル2F,,https://office-arai-gunma.com/inquiry/
西村土地家屋調査士・行政書士事務所,https://www.office-nk.com/,滋賀県長浜市五村２１５番地,,https://www.office-nk.com/%E3%81%8A%E5%95%8F%E3%81%84%E5%90%88%E3%82%8F%E3%81%9B/
うらやす行政書士こうら事務所,https://kourajimusyo.com/,千葉県浦安市北栄4-21-1-102,,https://kourajimusyo.com/contact.html
宮本会計事務所,https://www.m-zei.jp/,千葉県千葉市中央区弁天1-2-8 四谷学院ビル（旧：千葉CTビル）4階,,https://www.m-zei.jp/contact.html
西馬行政総合事務所,http://nishiuma.sakura.ne.jp/,大分県別府市上原町11番30号,,https://nishiuma.sakura.ne.jp/contact.html
税理士法人羽生会計事務所,http://h-fledge.jp/,大分県別府市楠町19-12,,https://h-fledge.jp/contact.html
さむらい行政書士法人,https://samurai-law.com/,東京都豊島区池袋1-1-3豊ビル7階,,https://samurai-law.com/contact/
行政書士法人ふたば,http://g-futaba.jp/,東京都豊島区南池袋1-16-15 ダイヤゲート池袋5階,,https://g-futaba.jp/contact
大矢社会保険労務士・行政書士事務所,https://www.ooya-sr.net/,新潟県新潟市中央区万代3-1-1 新潟日報メディアシップ12階,,https://www.ooya-sr.net/contact/
のばら行政書士事務所,http://www.nobara-gyousei.com/,新潟県新潟市秋葉区北上新田376番3号 菜の花 2階2号室,,https://www.nobara-gyousei.com/contact/#form
ストレート行政書士事務所,http://www.kensetsukyoka.tokyo/,東京都日野市豊田3丁目40番地の3レジェイドサザンゲート1階,,https://www.kensetsukyoka.tokyo/contact/
リーガルコンサルティング行政書士事務所,https://www.leco-gyosei.com/,神奈川県川崎市  川崎区藤崎1-21-12,,https://www.leco-gyosei.com/contact
司法書士・行政書士彩の森事務所,http://sainomori.jp/,埼玉県入間市豊岡1-3-26,,https://sainomori.jp/contact_us/
行政書士・社会保険労務士とみの法務事務所,https://car-kitaq.com/,福岡県北九州市小倉北区上富野五丁目8番14号,,https://car-kitaq.com/contact/
アモンド法務事務所,http://amondo.jp/,大阪府堺市堺区中安井町３丁４番１０号　堺東八千代ビル６F,,https://amondo.jp/contact.html
シャイン司法書士法人行政書士事務所,http://osaka-kyoninka.com/,大阪市中央区大手前一丁目７番３１号 ＯＭＭビル１２階,,https://osaka-kyoninka.com/#contact
瀬戸口行政書士事務所,http://aiza.jp/,大阪府堺市南区原山台1-6-1 原山台C団地 1F,,https://aiza.jp/contact
VALL行政書士法人,https://www.kensetsugyou-support.com/,東京都港区西新橋2丁目18番1号弁護士ビル2号館406,,https://www.kensetsugyou-support.com/inquiry/
コンチネンタル国際行政書士事務所,https://continental-immigration.com/,東京都港区赤坂2-16-6 BIZMARKS赤坂,,https://continental-immigration.com/contact/
行政書士まき事務所,http://mukae.me/,埼玉県熊谷市久保島2305番地,,https://mukae.me/contact/
渡辺行政書士事務所,http://take-nabe.jp/,埼玉県熊谷市筑波2-20 木村ビル3F 熊谷オフィス,,https://take-nabe.jp/contact/
行政書士寺主事務所,https://teraji-office.net/,香川県丸亀市西本町1丁目3番34号,,https://teraji-office.net/contact/
行政書士 柿崎崇 事務所,http://kakijimu.com/,秋田県秋田市外旭川字大畑５９番地９,,https://kakijimu.com/contact.html
行政書士法人アドミンイノベーション,https://www.miyamoto-offices.com/,熊本県熊本市北区龍田陳内3-3-55,,https://www.miyamoto-offices.com/%E3%81%8A%E5%95%8F%E5%90%88%E3%81%9B/
だんだん行政書士事務所,https://www.dandangyouseisyosi.com/,島根県松江市東朝日町206-7,,https://www.dandangyouseisyosi.com/%E3%81%8A%E5%95%8F%E3%81%84%E5%90%88%E3%82%8F%E3%81%9B/
行政書士西島法務事務所,https://www.gyoseisyoshi-nishijima.com/,北海道札幌市中央区南4条西23丁目1-27ウェイヴ２３ 105号,,https://www.gyoseisyoshi-nishijima.com/%E3%81%8A%E5%95%8F%E3%81%84%E5%90%88%E3%82%8F%E3%81%9B/
行政書士村上労働行政事務所,https://gyoseisyoshi-murakami.com/,北海道石狩市花川南1条2丁目295番地,,https://gyoseisyoshi-murakami.com/inquiry/index.html
行政書士FP河合伸哉法律事務所,https://www.office-kawai.jp/,福井県吉田郡永平寺町松岡薬師3-85-2,,https://www.office-kawai.jp/contact
行政書士おの事務所,https://ono-office.com/,福井県福井市灯明寺3丁目4403番地1,,https://ono-office.com/contact/
高川・冨士尾 行政書士事務所,http://takagawa-office.jp/,和歌山県和歌山市松ヶ丘2丁目6-15,,https://takagawa-office.jp/contact
あなん司法書士／行政書士事務所,https://yamadaoffice.info/,徳島県阿南市日開野町谷田510-6,,https://yamadaoffice.info/inquiry/
行政書士松田法務事務所,http://gyousei-matsuda.com/,佐賀県武雄市北方町大崎2144-7,,https://gyousei-matsuda.com/contact/contact.html
南里行政書士事務所,https://www.g-nanri.com/,佐賀県杵島郡白石町坂田194-3,,https://www.g-nanri.com/contact/
行政書士法人きずな佐賀,http://office-tomino.com/,佐賀県佐賀市高木瀬西2丁目15-17 SERAI五番館 1F,,https://office-tomino.com/contact/
おか行政書士・社会保険労務士事務所,https://www.oka-office.com/,佐賀県鹿島市大字高津原4375番地 モードNEXT21ビル2F,,https://www.oka-office.com/contact/index.html
行政書士アドヴァンス法務事務所,http://advance-office.com,兵庫県神戸市中央区熊内町3-5-31　T'sコート熊内1階,,https://advance-office.com/contact
前田行政書士事務所,http://office-maeda.info,兵庫県伊丹市西台5丁目7-25土井ビル2F,,https://office-maeda.info/contact.html
おかの行政書士事務所,http://office-okano.com,広島県広島市中区白島九軒町1-14,,https://office-okano.com/#contact
社会保険労務士 行政書士 岩元事務所,http://www.rockroumu.com,東京都葛飾区高砂5-27-6-201,,https://www.rockroumu.com/contact/
酒巻行政書士事務所,http://www.sakamaki-g.com,千葉県千葉市美浜区新港202番地,,https://www.sakamaki-g.com/contact/
わさだ行政書士事務所,http://www.wasada-lawsupport.jp,福岡県福岡市城南区樋井川4丁目40-4,,https://www.wasada-lawsupport.jp/inquiry/
海原行政書士事務所,http://www.kaibara-gyosei.com,神奈川県横浜市中区太田町一丁目20番 三和ビル3-C,,https://www.kaibara-gyosei.com/inquiry/
会社設立代行＠名古屋センター,http://www.mission-nagoya.com,愛知県名古屋市天白区植田東2-1207-302,,https://www.mission-nagoya.com/contact-us/
折茂事務所,http://www.office-orimo.com,埼玉県児玉郡神川町熊野堂155-25,,https://www.office-orimo.com/contact.html
社会保険労務士法人 ルーチェ,https://sr-luce.jp/,愛知県名古屋市中区丸の内2丁目15番12号-2 ザ・テラス丸の内903号,,https://sr-luce.jp/contact/
行政書士山本法務事務所,http://moto-office.net,神奈川県高座郡寒川町岡田３丁目２３番２３号,,https://moto-office.net/f_contact.html
行政書士うどう綜合事務所,http://e-gyousei.com,熊本県山鹿市山鹿1045番地1,,https://e-gyousei.com/contact/
小野行政書士・ 社会保険労務士事務所,https://www.yakushoya-honpo.com/joseikin.html,東京都品川区東品川2-5-6　天王洲ビュータワー3106,,https://www.yakushoya-honpo.com/cgi-bin/formmail/contact.html
あさひ新日本総合法務事務所,http://www.atlo.jp,埼玉県春日部市大沼４丁目１番地,,https://www.atlo.jp/inquiry/
海事代理士・行政書士　高松海事法務事務所,http://takamatsu-office.com,神奈川県川崎市高津区久末1417番地 リブェ-ル峰美202,,https://takamatsu-office.com/contact.html
有限会社オフィスササガワ,http://www.sasa-office.com,新潟県加茂市石川2-1-22,,https://www.sasa-office.com/contact.html
折本徹行政書士事務所,http://www.toruoriboo.com,東京都世田谷区宮坂2-22-3,,https://www.toruoriboo.com/inquiry.html
税理士法人経営支援,https://www.hiruta-kaikei.com/,東京都品川区西五反田8-3-6 TK五反田ビル6F,,https://www.hiruta-kaikei.com/contact/#soudanshitara
東京ワールド行政書士事務所,http://www.tkwd.net,東京都千代田区神田佐久間町2-8,,https://www.tkwd.net/contact.html
行政書士諸田法務事務所,http://www.jiko7.jp,静岡県静岡市葵区追手町10番218-1号新中町ビル2F,,https://www.jiko7.jp/contact/
行政書士・川添国際法務事務所,http://www.gaikoku-jin.com,大阪府枚方市西禁野１丁目1-25-701,,https://www.gaikoku-jin.com/contact/
ひかり行政書士法人,http://kyoto-kika.com,京都府京都市左京区聖護院山王15番地,,https://kyoto-kika.com/contact/
行政書士うえだ事務所,http://ueda-gyo.com,千葉県千葉市稲毛区稲毛東２丁目３－９,,https://ueda-gyo.com/contact
岩本行政書士・社労士総合オフィス,http://www.isan-souzoku.com,大阪府大阪市北区西天満五丁目1番15号 西天満パークビル2号館,,https://www.isan-souzoku.com/contact/index3.html
最首総合事務所グループ,http://www.s-s-j.co.jp/gyou/index.html,千葉県千葉市中央区弁天1丁目15番1号　細川ビル4階,,https://www.s-s-j.co.jp/contact/
濱元行政書士事務所,http://www.office-hamamoto.com,大阪府大東市谷川２丁目７番９０５号,,https://www.office-hamamoto.com/contact/
吉本税理士事務所・吉本社会保険労務士事務所,http://www.yosimoto-tax.com,京都府京都市右京区太秦奥殿町29番地,,https://www.yosimoto-tax.com/contact/
庄司茂事務所,http://www.roumpro.com,兵庫県神戸市中央区中山手通5-1-1 神戸山手大木ビル6Ｆ,,https://www.roumpro.com/contact.html
縁（ゆかり）法務事務所,http://www.kaisya-soudan.com,東京都港区芝浦三丁目7番13号エスパース田町アネックス801号,,https://www.kaisya-soudan.com/contact.html
行政書士　田島事務所,http://www.t-syoshi.com,大阪府豊中市庄内東町6-4-14,,https://www.t-syoshi.com/contact.html
いずみ税理士法人,http://mac-con.tkcnf.com/pc,新潟県三条市泉新田３０２８番地,,https://mac-con.tkcnf.com/form/mac-con/inquiry
税理士法人モザワ事務所,http://www.tax-mozawa.com/pc/,新潟県長岡市川崎町568番地5,,https://www.tax-mozawa.com/form/tax-mozawacom/inquiry
篠塚行政書士事務所,http://www.meihen.jp,栃木県小山市花垣町1-13-2,,https://www.meihen.jp/contact/
税理士法人柴会計事務所,http://www.shibakaikei.jp/pc/,栃木県真岡市並木町3-11-10,,https://www.shibakaikei.jp/form/shibakaikeijp/inquiry
菊池税理士事務所,https://accounting-web.net/,茨城県日立市本宮町三丁目18番6号,,https://accounting-web.net/inquiry/1
行政書士SUZUKI合同事務所,http://www.business-counselor.net,東京都中野区弥生町3-24-11学術事務センター202号室,,https://www.business-counselor.net/contact.html
アルメリア税理士法人,http://www.armeria-tax.jp,千葉県千葉市弁天１－１６－９　T-FORTアネックス,,https://www.armeria-tax.jp/jp/page_contact.html
行政書士アイテラス法務事務所,http://gyousei-watanabe.com,千葉県柏市明原４−４−２１−１０３号室,,https://gyousei-watanabe.com/contact/
中村法務行政書士事務所,http://officenakamura.com,岐阜県大垣市今宿6-52-16ソフトピアジャパンドリーム・コア505号室,,https://officenakamura.com/contact/index.html
藤波行政書士事務所,http://www.fujinami.biz,三重県伊勢市二見町溝口425,,https://www.fujinami.biz/#contact
行政書士牛島総合事務所,http://gyu-sou.com,福岡県福岡市博多区東公園2-20　ウイング平松屋2F,,https://gyu-sou.com/index.php?%E3%81%8A%E5%95%8F%E3%81%84%E5%90%88%E3%82%8F%E3%81%9B
大地,http://www.daichi-co.net,三重県四日市市東日野町181-1,,https://www.daichi-co.net/contact.html
あかつき行政書士事務所,http://akatsuki.tekoteko.com,大阪府堺市北区黒土町20-1 サンライズSAKAI 101号,,https://akatsuki.tekoteko.com/contact/
株式会社マスネットワーク,http://www.souzoku-shinsyu.com,長野県松本市巾上9番9号,,https://www.souzoku-shinsyu.com/contact.html
西村事務所,http://www.nisi-office.com,東京都江東区東陽3-28-9　山屋東陽ハイツ904,,https://www.nisi-office.com/contact.html
斎賀会計事務所,http://www.saiga-kaikei.com/pc/,東京都江東区森下1-3-13,,https://www.saiga-kaikei.com/form/saiga-kaikeicom/inquiry
社会保険労務士　山浦事務所,http://www.office-yamaura.com,東京都千代田区内神田2-16-8　第五氏家ビル7階,,https://www.office-yamaura.com/contact/
行政書士荒牧法務会計事務所,http://www.aramaki-office.jp,東京都荒川区荒川7-34-7-302 エ-ルハイツ町屋,,https://www.aramaki-office.jp/contact.html
木村行政書士事務所,http://kimura-gyosei.com,埼玉県狭山市新狭山3‐7‐28新狭山ビル,,https://kimura-gyosei.com/contact/
和田労務管理事務所,http://www.wadaoffice.com,千葉県千葉市稲毛区穴川2-13-17,,https://www.wadaoffice.com/contact.html
門脇税務会計事務所,http://www.kadowaki-kaikei.com,神奈川県海老名市門沢橋2丁目4番33号,,http://www.kadowaki-kaikei.com/form/kadowakikaikei/contact
有限会社MSWプラニング,http://mikachin.com,神奈川県相模原市南区相武台2-17-3,,https://mikachin.com/#contact
アミ・インターナショナル行政書士事務所,http://www.ami-inter.com,大阪府岸和田市西之内町29-20,,https://www.ami-inter.com/english/contact/contact.html
株式会社エル・オフィス,http://loffice.jp,鳥取県鳥取市湖山北1丁目427番地1 西寿館 2階,,https://loffice.jp/contact/contact.html
行政書士法人 深見豪事務所,http://office-legal.org,愛媛県松山市勝山町2丁目3-1,,https://office-legal.org/contact/
行政書士山下克哉事務所,http://www.visa-office-for-asians.com,東京都豊島区池袋2-67-10-3B,,https://www.visa-office-for-asians.com/fn/contact.html
上江洲正美行政書士事務所,http://gyosei-uezu.main.jp,沖縄県那覇市字上之屋４０９−１０,,https://gyosei-uezu.main.jp/contact.html
税理士法人KMCパートナーズ,http://www.kaikeinet.jp/,東京都渋谷区道玄坂一丁目16番7号  ハイウェービル9階,,https://www.kaikeinet.jp/contact/
笹原敏浩行政書士事務所,http://office-sasahara.com,神奈川県横浜市中区長者町５丁目６８番地 山形金庫ビル６階,,https://office-sasahara.com/contact.html
行政書士法人ウエダ事務所,http://ueda-jimusho.jp,神奈川県横浜市泉区緑園3-25-9,,https://www.ueda-jimusho.jp/contact
行政書士 北浜合同事務所,http://www.kitahama-godo.com,大阪府大阪市中央区久太郎町1-6-15　特織会館102,,https://www.kitahama-godo.com/%E3%81%8A%E5%95%8F%E3%81%84%E5%90%88%E3%82%8F%E3%81%9B/
行政書士川本法務事務所,http://office-kawamoto.com/,神奈川県川崎市中原区上小田中５−５−６　イーストヒルズ弐番館３階事務所,,https://office-kawamoto.com/contact.html
神戸相続サポートセンター,http://www.kobe-souzoku.com/,兵庫県神戸市中央区江戸町８５－１,,https://www.kobe-souzoku.com/contact/
こだち行政書士事務所,https://www.k-gyousei.net/,栃木県鹿沼市栄町１丁目２番１号 グリーンベイビル２０２,,https://www.k-gyousei.net/%E3%81%8A%E5%95%8F%E3%81%84%E5%90%88%E3%82%8F%E3%81%9B/
グリーン司法書士法人・行政書士事務所,http://green-osaka.com/,大阪府大阪市中央区高麗橋四丁目５番２号高麗橋ウエストビル２階,,https://green-osaka.com/contacts/
坂川達志税理士・社会保険労務士・行政書士事務所,https://www.ikg.jp/,山形県新庄市鉄砲町9-17,,https://www.ikg.jp/contact/index.html
いらみな司法書士事務所,http://i-o-office.com/,沖縄県那覇市樋川1-1-68 2階,,https://i-o-office.com/contact.html
佐竹行政書士事務所,http://sg-office.biz/,岐阜県岐阜市細畑塚浦65-5グリーンパーク細畑102,,https://sg-office.biz/mailformpro320/contact_form.html
司法書士法人永田事務所/行政書士永田妙子事務所,http://nagata-souzoku.jp/,岡山県倉敷市白楽町２４９番地５　倉敷商工会館４階,,https://nagata-souzoku.jp/contact
松川行政書士事務所,https://www.office-matsukawa.com/,熊本県熊本市中央区八王寺町１４－４ ＭビルⅡ２０２,,https://www.office-matsukawa.com/%E3%81%8A%E5%95%8F%E3%81%84%E5%90%88%E3%82%8F%E3%81%9B/
OMI税理士法人,https://setsuritsu-zeirishi.com/,滋賀県大津市梅林1-4-1 プレシャスビル2F,,https://setsuritsu-zeirishi.com/contact.html
はぎもと行政書士事務所,http://www.hagimoto-office.com/inshoku,千葉県浦安市東野2-30-22,,https://www.hagimoto-office.com/contact.html
神山行政書士事務所,http://gyosei-syoshi.org/,岩手県奥州市水沢区字桜屋敷36番地1　3号,,http://gyosei-syoshi.org//inquiry
行政書士うめだ法務事務所,https://intl.umedajimusyo.com/,福岡県朝倉市甘木2020‐5,,https://intl.umedajimusyo.com/contact/
K国際行政書士法務事務所,https://www.k-immigration-lawyer.com/,神奈川県横浜市鶴見区鶴見中央1-19-5  新栄ビル403,,https://www.k-immigration-lawyer.com/%E3%81%8A%E5%95%8F%E3%81%84%E5%90%88%E3%82%8F%E3%81%9B/
行政書士吉田茂和事務所,https://www.shigekazu-yoshida.com/,福井県福井市真木町18-21,,https://www.shigekazu-yoshida.com/contact.php
行政書士法人GOAL,http://go-al.co.jp/,東京都中央区銀座1丁目15-7 マック銀座ビル402,,https://go-al.co.jp/contact/
行政書士 菊地法務事務所,https://office-yoshihito.com/,札幌市西区二十四軒4条5丁目12番8-308号,,https://office-yoshihito.com/index.php?%E3%81%8A%E5%95%8F%E3%81%84%E5%90%88%E3%82%8F%E3%81%9B
あおば行政法務事務所,https://aobajim.com/,神奈川県横浜市青葉区市ケ尾町１１５３－３　第２カブラギビル６０６,,https://aobajim.com/contact/
日本橋行政書士あおき法務事務所,https://www.gyosei-aoki.com/,東京都中央区日本橋本町４-６-１０　サトービル５階　ソフィエ日本橋,,https://www.gyosei-aoki.com/%E3%81%8A%E5%95%8F%E3%81%84%E5%90%88%E3%82%8F%E3%81%9B-2/
行政書士横山国際法務事務所,http://lawoffice-yokoyama.com/,東京都中央区日本橋茅場町1-10-6 マツモトビルディング2階,,https://lawoffice-yokoyama.com/inquiry/
鈴木圭介税理士・行政書士事務所,https://www.samurai946.com/,北海道釧路市春採3丁目1番20号,,https://www.samurai946.com/form/samurai946com/inquiry
税理士法人トップマネジメント釧路事務所・甲賀伸彦行政書士事務所,https://www.ninja.ac/,北海道釧路市城山1丁目10番15号 NINJAビル,,https://www.ninja.ac/form/ninjaac/inquiry
くにや司法書士法人,https://www.kuniya.biz/,北海道函館市堀川町6番15号,,https://www.kuniya.biz/mailformpro4/contacts.html
行政書士志水法務事務所,https://www.shimizu-gyosei.com/,桜丘町4-17 PAAP603,,https://www.shimizu-gyosei.com/contact/,請求.*させていただ,１　当事務所の保有個人データに関して、ご本人様から開示の請求があった場合は、確認をさせていただいたうえで、原則として適切な期間内に書面にて開示いたします。