会社名,URL,住所,お問合せURL
税理士法人小林会計事務所,http://www.kobayashi-jp.com/,神奈川県横浜市港北区新横浜2-6-13 新横浜ステーションビル1F,
服部会計事務所,http://www.hattori-tax.jp/,埼玉県所沢市寿町16-8,
税理士法人AQUA,http://www.aqua-dentaltax.jp/,東京都新宿区下落合1-4-18　彰文ビル1階,
山口俊文税理士事務所,http://www.yamaguchi-zeirishi.jp/,大阪府大阪市中央区南船場2-3-4　日宝長堀ビル705,
立川税務会計事務所,http://www.tachikawakaikei.jp/,東京都八王子市明神町2-20-9 立川ビル3階,
アネーラ税理士法人横浜事務所,http://www.kawamurakaikei.com/,神奈川県横浜市西区南幸2-18-8西澤ビル3F,
うえだなおき事務所,http://www.office-ueda.com,大阪府枚方市朝日丘町4番18号,
つばさ税理士法人,http://www.tsubasa-p.co.jp/,宮城県仙台市青葉区一番町1-1-41　カメイ仙台中央ビル８階,
吉川孝税理士事務所,http://www.nissei-consulting.com/company.html,北海道札幌市中央区大通西11丁目4番地 大通藤井ビル9F,
株式会社タックスクリニック　細川税理士事務所,http://www.hosokawa-keiri.com/,大阪府大阪市中央区谷町2丁目2-20　大手前類第一ビル９階,
淵江会計事務所,http://www.fuchie-act.com/,埼玉県さいたま市南区別所1-22-11-3,
税理士法人ティーダ総合会計,http://www.zeirisi-matuoka.jp,埼玉県さいたま市大宮区桜木町4-419-8　アストライズビル4階,
第一経理グループ(司法書士法人 第一法務),http://www.career-staff.jp/,東京都豊島区南池袋1-13-2　第一経理ビル,
いろは税理士法人,http://www.iroha-tax.jp/,東京都港区虎ノ門5丁目11番13号 虎ノ門RICHビル9F,
一法師税理士事務所,http://fukuoka-kaisyaseturitu.com/,福岡県福岡市博多区元町1丁目7番16号,
大平税務会計事務所,http://www.ohira-tax.jp/,東京都渋谷区代々木2-27-15　高栄ビル１F,
竹内会計事務所,http://takeuchiac.com/,大阪府大阪市東成区東小橋2丁目2番33号 2階,
G.S.ブレインズ税理士法人,http://zeimu.seityo-sien.com/,東京都千代田区有楽町1-2-2 東宝日比谷ビル17F,
下田会計事務所,https://www.shimodakaikei.com/,埼玉県川越市東田町5-33,
かぜよみ会計事務所,http://www.kazeyomikaikei.com/,東京都荒川区西日暮里2-25-1ステーションガーデンタワー905,
越智税務会計事務所,http://ochi-kaikei.com/,東京都豊島区東池袋1-25-9 タカセビル別館 7階,
増田利幸税理士事務所,http://masuda-kaikei.com/,静岡県静岡市葵区羽鳥五丁目5番18号,
堺みらい税理士事務所,http://bb-tax.net/,大阪府堺市堺区五月町8-12大商ビル3F,
税理士法人エムズ インターナショナル,http://emzgroup.com,東京都港区六本木2-2-6　六本木福吉町ビル7F,
藤野税理士事務所,http://www.fujino-tax.jp/,大阪府大阪市北区天神橋2丁目北2番25号タキガワビル406,
税理士法人ザイムパートナーズ,https://www.zaimupartners.jp/,愛知県名古屋市中区栄2-8-12 伏見KSビル6階,
上原公認会計士事務所,http://www.uehara-kaikei.jp/,東京都渋谷区東3-6-18 プライムハウス302号,
赤沼公認会計士税理士事務所,http://www.akanuma-cpa.jp/,神奈川県横浜市中区太田町6丁目84番地2　三井生命横浜桜木町ビル508,
公認会計士税理士事務所アクセル,http://www.axlcpa.jp/,神奈川県川崎市幸区幸町2丁目593番 モリファーストビル４F　NAGAYAかわさき,
門田睦美税理士・社労士事務所,http://www.kadotaltasroffice.com/,東京都文京区千駄木2丁目26番12号,
外村税理士・公認会計士事務所,http://www.tonomurakaikei.com/,東京都大田区東矢口3-25-4外村会計ビル,
西尾武記税理士事務所,http://nishio-tax.com/,大阪府大阪市北区東天満２丁目７番１６号 インサイドビル４階,
IAU税理士法人,http://iau.tokyo/,東京都渋谷区恵比寿西1-9-6 アストゥルビル4F,
福中浩二税理士事務所,http://fukunaka.jp/kaisha/,東京都渋谷区桜丘町13-9 クリエート桜丘301,
御成門アドバイザーズ会計事務所株式会社,https://sites.google.com/view/onarimon/home,東京都港区芝公園1丁目2番17-301号,
久保会計・税務事務所,http://www.kaikei-k.com/,東京都品川区東五反田1丁目11-8　大阪屋ビル9階,
荒井会計事務所,http://www.arai-office.jp/,群馬県前橋市天川原町1−2−18　クレストビル1F,
福間税理士事務所,http://fukumazeirishi.com/,福岡県福岡市中央区天神3丁目6番36号第一黒田ビル5階,
風間税務会計事務所,http://www.kazama-taxoffice.jp/,東京都渋谷区南平台町15-12　南平台AIE AIEビル3F,
渡辺裕税理士事務所,http://gyosei.watanabeyutaka-accounting.com,大阪府大阪市北区東天満２丁目８番１号 若杉センタービル別館４階,
工藤公認会計士税理士事務所,http://www.kaishasetsuritsu-expert.com/category/1340588.html,東京都千代田区九段南3-9-14 第32荒井ビル（九段南ｾﾝﾀｰﾋﾞﾙ）3階,
五十嵐一郎税理士事務所,http://www.best-tax-navi.com/,神奈川県横浜市中区本町3-24本町中央ビル202号,
羽毛田睦土公認会計士・税理士事務所,http://tax.exinfo.biz/,東京都荒川区東日暮里6-49-17-308,
税理士法人トマソン,https://www.tomason-tax.com,埼玉県さいたま市中央区下落合6-12-20,
山尾会計事務所／岩田会計事務所,http://www.yoi-kaikei.net/,富山県富山市西田地方町二丁目5番5号,
竹内総合会計事務所,http://www.gaoffice.net/,大阪府大阪市中央区安土町2-3-13 大阪国際ビルディング8F,
田村直大税理士事務所,https://hatenabase-tax.jp/,早稲田鶴巻町520-10新宿早稲田レーベル401,
ｅ会計事務所,https://e-kaikei.osaka.jp/,大阪府大阪市北区曽根崎2-8-5 お初天神EAST BLDG 4F,
梅山税理士法人,http://www.umeyama.net,滋賀県草津市野路一丁目8番18号,
ロイヤル・タックス税理士法人,http://www.saitama-seturitu.com/,埼玉県八潮市八潮7丁目1番地13,
佐々会計事務所,http://sasa-kaikei.com/,大阪府大阪市中央区船越町１－３－４ツリーモント宝永ビル３０１,
税理士法人BASE269,https://www.sosapo.org/lp2/a-nakamori/,神奈川県横浜市青葉区青葉台2-11-1-1F,
税理士法人ネクストワン,http://www.nextone-taxco.jp/,愛知県一宮市今伊勢町本神戸無量寺東15-1,
中島眞司税理士事務所,https://www.nakajima-tax.net/,東京都千代田区二番町1番地2　番町ハイム719号,
税理士法人はてなコンサルティング,http://www.e-ouendan.com/,東京都豊島区西池袋5-17-11　ルート西池袋ビル4階,
石黒勝也税理士事務所,http://www.ishiguro-tax.com/,愛知県一宮市常願通5-12-1 ダイアヒルズ常願通1A,
ブレイブ会計事務所,https://brave-tax.com/,東京都港区北青山二丁目12番28号青山（SEIZAN）ビル３階,
北川税理士事務所,http://www.zeikinkaikei.com/,東京都新宿区西新宿8-15-15 カトルセゾン201号,
まえだ会計,http://maeda-kaikei.kense2hp.jp/,大阪府大阪市浪速区難波中2-8-65 新光ビル2階,
公認会計士税理士ワシントン州米国公認会計士 福留聡事務所,http://www.cpasatoshifukudome.biz/,東京都新宿区住吉町2－15萩野ビル6階,
ライブラ税理士法人,http://libra-tax.com/,東京都世田谷区上馬四丁目1番3号 東急上馬ビル7階,
税理士高木重利事務所,http://www.zeirishi-takagi.com/,埼玉県戸田市上戸田3丁目4番地1号 M3戸田公園204号,
いずみ会計事務所,http://www.izumigroup.jp/,大阪府大阪市天王寺区堀越町10-13　天王寺まつむらビル501号室,
井上会計事務所,http://www.rizai-ken.com/,東京都墨田区太平4-16-5-402,
今井創税理士事務所,http://www.create-tax.com/,東京都江東区豊洲4-10-18,
笹山公認会計士事務所,https://www.sasayamacpa.com/,東京都港区赤坂4-14-14,
田中会計事務所,http://www.e-office-tanaka.com/,長野県佐久市岩村田2133-4,
野上明人税理士事務所,http://www.aknogami.com/,富山県富山市向新庄227番地1,
松本裕之税理士事務所,http://matsu-tax.jp/,広島県広島市中区榎町6－3　第3中野ビル3階,
栗原会計事務所,https://itp.ne.jp/info/123359312200000899/,千葉県松戸市上本郷2677-82,
税理士法人 高松経理事務所,http://www.takazei.jdlibex.jp/,広島県広島市南区段原４－１－８ 高松ビル２Ｆ,
藤原税理士事務所,http://tax1.biz/,静岡県浜松市中区泉2丁目22-28,
秋葉原会計,https://akiba-tax.com/,東京都千代田区神田平河町1番地　第3東ビル5階,
TMC会計事務所,http://tmc-consulting.jp/,東京都港区高輪2-13-1　高輪2131ビル,
税理士原俊之事務所,http://www.hara-zei.jp/category/1188522.html,東京都千代田区飯田橋一丁目7番10号 山京ビル本館305,
芦屋会計事務所,http://www.1ashiya.com/,大阪府大阪市北区芝田２丁目２番１７号　和光ビル３F,
安島秀樹税理士事務所,http://yasujimaoffice.mods.jp/,東京都豊島区南大塚3-37-5-1209,
税理士法人耕夢　塩尻公認会計士事務所,http://shiojiri.gr.jp/,大阪府大阪市中央区南本町３丁目3-23 インペリアル船場302号,
フジヤ会計事務所,http://www.zeimusoudan.jp/,東京都練馬区練馬1-19-8　さつきビル2Ｆ,
栗栖会計事務所,http://www.kurisukaikei.com/,和歌山県海南市船尾200,
小山浩文税理士・行政書士事務所,http://www.oyama-zeirishi.com,宮城県柴田郡大河原町新南31-11,
丸森会計事務所,http://www.marumori-cpa.com/,東京都千代田区神田小川町1-8金石舎ビル４Ｆ・５Ｆ,
番場厚夫税理士事務所,http://taxbanba.com/,東京都小平市鈴木町2-161-13,
MINORASU会計事務所,https://tsubomi-kaikei.com/,群馬県高崎市江木町610-10ミノラスビル3階,
日下税理士事務所,http://kusakatax.com/,大阪府大阪市北区南森町１－３－２９ ＭＳＴ南森町６階,
公認会計士・税理士板倉麻貴事務所,http://www.m-itakura.com/,東京都港区浜松町2-1-18東亜ビル2階,
税理士法人シグマパートナーズ,http://sigma-tax.or.jp/,東京都千代田区神田多町2丁目2-22　千代田ビル8F,
渡部博徳公認会計士税理士事務所,https://watanabe-accounting-firm.com/,東京都北区東十条３－１０－２東十条サンハイツ２０５号,
岩浅税理士事務所,http://kensetukyoka.net,京都府京都市下京区仏光寺通麩屋町西入仏光寺東町129番地9,
税理士法人新日本岡山・田中会計,http://a-tanaka.co.jp/,岡山県岡山市北区駅元町15-1岡山リットシティビル6Ｆ,
えびはら会計（海老原友紀子税理士事務所）,http://www.ebi-tax.com/,茨城県筑西市甲８３７,
新日本経営会計事務所,http://jigyo-hikitsugi.com/,埼玉県さいたま市浦和区高砂 2-9-5 さくら草ビル2F,
立野経営会計事務所,http://www.tateno.gr.jp,東京都中央区八丁堀2-30-17　亀島橋ビル5階,
辻和彦税理士事務所,http://www.tsuji-kaikei.com/,愛知県一宮市高畑町1-19,
あいゆう税理士法人,http://iuoffice.jp,東京都新宿区新宿２丁目８－８,
税理士法人つなぐ,http://tsunagu-tax.or.jp/,東京都新宿区四谷1-18 高山ビル4F,
すばる会計事務所,http://www.subarukaikei.com,東京都台東区竜泉3丁目39番5号　スバル合同ビル,
押木　知義　税理士事務所,http://oshikizeimukaikei.p-kit.com,東京都足立区保木間３−１２−５　ＴＭビル２０２,
Bizer株式会社,https://bg-bizer.jp/,東京都千代田区九段南1-5-6 りそな九段ビル5F KSフロア,
中目黒総合事務所,http://www.pacifica.bz/,東京都千代田区内神田1丁目10番地9号MⅡ(エムツー)ビル５階,
税理士法人スバル合同会計,http://www.subaru-tax.com,東京都千代田区神田佐久間町3-16,
税理士法人益子会計,http://www.mashiko.co.jp/,東京都大田区大森北1-5-1JRE大森駅東口ビル7階,
木村金藏税理士事務所,https://www.kinzou.com/,東京都台東区東上野1-13-7 第二横井ビル3階,
税理士法人東京IR会計事務所,http://www.ogawa21.com/,東京都江東区亀戸1-36-8　新亀戸ビル６F,
ピアツーピアグループ,http://www.e-p2p.net/,山形県山形市成沢西一丁目8番地25号 P2Pハウス,
エース会計事務所,http://www.aceconsulting.co.jp/,東京都中央区築地２丁目１１番９号　RBM築地駅前ビル6階,
税理士法人　ひまわりFC,http://www.himawarifc.com/pc/,鹿児島県鹿児島市東開町4番地112,
ひなた会計事務所,http://www.hinatax.jp/,宮城県仙台市青葉区中山台1-11-5,
林茂明税理士事務所,http://www.hayashi-zeimukaikei.jp/,兵庫県明石市魚住町金ケ崎1608-123,
座間英明会計事務所,http://www.zama-office.jp,東京都葛飾区東四つ木4丁目14番15号,
木田会計事務所,http://www.kida-kaikei.com/,大阪府大阪市北区東天満2-9-4 千代田ビル東館3階,
後藤克己公認会計士税理士事務所,http://g-seturitu.com/,愛知県名古屋市東区芳野１－４－１,
大野公認会計士・税理士事務所,http://www.ohnokaikei.com/,岐阜県岐阜市島田東町５番地４,
梅本会計事務所,http://www.umemototax.com/,東京都新宿区下落合3-17-40-202,
税理士法人　北都会計,http://www.hokutokaikei.com/,北海道旭川市1条通12丁目右10号 化成ビル3F,
ヒルトップ税理士法人,http://www.e-fukurou.jp/,東京都品川区東五反田5-26-5ニッセイ五反田駅前ビル6階,
税理士法人MIRAI合同会計事務所,http://best-kaikei.com/,東京都国分寺市南町3-4-19 京美ビル2F,
北村尚也税理士事務所,http://www.kitamura-kaikei.net/,石川県金沢市長坂台1番38号山物ビル3F,
中根税務会計事務所,http://www.nakanekaikei.co.jp/,東京都豊島区駒込一丁目12番16号レジデンス六義園１階,
居関公認会計士事務所,http://www.koeki-nintei.com/,東京都港区赤坂3-2-2日総第24ビル6Ｆ,
税理士法人 大樹,http://taizyu.jp/office.php,愛知県名古屋市中村区名駅3-22-8大東海ビル9階,
小林会計事務所,http://www.kobayashi-cpa.com/,大阪府枚方市桜町４-１,
笠島公認会計士事務所,http://www.kasasimacpa.com/,東京都渋谷区神宮前6-18-11明治ビル6Ｆ,
株式会社日本中央会計事務所/日本中央税理士法人,http://www.roumu55.com,東京都港区西新橋2-6-2　ザイマックス西新橋ビル3F,
実り税理士法人,http://www.zeirishi-takemoto.com/,台町2-3 アトリエビズ横浜5階,
マクシブ総合会計事務所,http://www.maxiv.jp/,東京都中央区銀座3-10-9KEC銀座ビル８階,
助川公認会計士事務所,http://sukegawa.gr.jp/,東京都中央区新川１丁目２番８号 第５山京ビル７階,
税理士法人市川会計,http://www.value-field.com/,東京都渋谷区,
山本智之税理士事務所,http://www.cool-land.com/,大阪府大阪市中央区谷町９丁目２－２７　谷九ビル８０３号,
はやし会計（税理士・社労士・行政書士）,http://tsuchiuratax.jp/,茨城県土浦市大岩田931-13,
吉田尚明会計事務所,http://www.tax-yoshida.com/,神奈川県小田原市本町1-6-19 露木ビル302,
黒田会計事務所,http://www.kuroda-kaikei.com/,奈良県奈良市周南2-4-18,
アアクス堂上税理士事務所,http://www.kaisha-setsuritsu2.com/,東京都江東区豊洲5丁目5番1-3001号,
税理士法人メディア・エス,https://www.mediaes.gr.jp/,千葉県市川市市川1丁目12番22号 サークルビル6階,
曽我部会計事務所,https://www.sogabekaikei.com/,大阪府大阪市北区芝田2丁目8-31　第三東洋ビルディング502,
井上税務会計事務所,http://www.inoue-tax.jp/,北海道札幌市豊平区豊平三条2-1-29トランスビル,
税理士法人　ＴＡＣ(タック）六日町,http://www.tac-m.jp/pc/,新潟県南魚沼市六日町 436-10,
宮坂公認会計士事務所,http://www.miyasaka-acc.com/,長野県小諸市南町3-5-20,
森大志税理士事務所,http://www.moritaishi.net/,東京都豊島区東池袋5-50-6栄第一ビル6階,
斉藤信税理士事務所,http://www.saitou-kaikei.com/,埼玉県所沢市上安松1216,
中村税理士・社会保険労務士事務所,http://sn-tax.jp/social-insurance-consultant/subsidy/,神奈川県横浜市西区みなとみらい2丁目2番1号横浜ランドマークタワー43階,
寺岡伸浩税理士事務所,http://www.aha-link.com/,愛知県名古屋市北区田幡１丁目１２番９号 第一山内ビル２階,
インターブレイン税理士法人,http://www.ochiai-kaikei.com/,静岡県磐田市今之浦三丁目11番地12,
小澤会計事務所,http://www.ozawa-kaikei2002.com/,愛知県小牧市中央一丁目177番地の4,
長尾会計事務所,http://www.nagaokaikei.jp/,愛知県一宮市南印田2丁目2番15号,
大神順治税理士事務所,http://www.zeirishi-ohgami.com/,福岡県福津市津屋崎6丁目8番7号,
福田春二税理士事務所　株式会社経営合理化研究所,https://www.fukudakaikei.co.jp/,熊本県熊本市中央区大江4丁目10番24号コーナン大江2F,
LONG AGE 税理士法人/松下公認会計士事務所,http://www.matusita-ao.jp/office.html,熊本県天草市諏訪町6番22号グレイスコート本渡１－Ｂ,
公認会計士佐藤正一事務所,http://www.cpasato-firm.co.jp/,山形県鶴岡市青柳町37-20,
加藤尚弘税理士行政書士事務所,http://www.kaikei310.com,茨城県水戸市河和田町477番3　MTビル102号室,
藤野税理士事務所,http://www.fujino-office.com/,東京都中央区八丁堀2-14-6　青柳ビル５階,
公認会計士 嵜山保事務所,http://www.sakiyama.biz/,東京都文京区湯島3-21-15ユシマレミエビル３F,
税理士法人赤羽会計,https://www.akabanekaikei.com/,東京都北区赤羽南1-4-7 小山ビル4Ｆ,
関根秀子税理士事務所,http://www.sekine-kaikei.com/,東京都豊島区南池袋３－８－１ ＮＩＣハイム南池袋 ３０３,
三ッ寺税務会計事務所,http://www.mitsudera.com/,東京都東大和市中央1-598-5,
税理士 林田利夏事務所,http://hysd-tax.biz/,神奈川県横浜市中区常盤町３丁目２４番地 サンビル７Ｆ,
税理士 高橋稔事務所,http://www.mirai-produce.jp/,神奈川県横浜市港南区上大岡西2丁目8−18JPビル2F,
清水税務会計事務所,http://www.shimizuzeimu.com/,埼玉県熊谷市上之3108-5,
望月光男会計事務所　株式会社エム・コンサルティングセンター,http://www.motizuki.com/,静岡県静岡市駿河区谷田4-1アートヒルズヤダ1F,
川地会計事務所,http://www.kawachikaikei.com/,愛知県一宮市小信中島北東山55-1　スペクトル尾西202号,
土屋会計事務所,http://www.tutiya-kaikei.jp/,愛知県一宮市木曽川町外割田蓮池131,
有岡会計事務所,http://www.ariokakaikei.com/,大阪府大阪市中央区南久宝寺町１－９－６エスエルビル６０２,
森本公認会計士事務所,http://www.morimoto-cpa.com/,大阪府大阪市北区天神橋4-8-8 平川ﾋﾞﾙ6階,
堀口会計事務所,http://www.horiguchi-acc.com/,大阪府大阪市中央区内淡路町1丁目4番1号　室谷ビル6F,
宇佐美税理士・社会保険労務士事務所,http://www.usami-taxsr.com,大阪府高槻市西面中2丁目15番14号,
前田俊雄税理士事務所,http://www.furoshiki-mac.com/,福岡県北九州市八幡東区祝町2-6-8,
治田会計事務所,http://www.harutax.jp/,東京都港区南青山1-4-2,
飯塚会計事務所,http://www.iizukakaikei.jdlibex.jp/,東京都調布市多摩川 3-15-5,
金子会計事務所,https://kanekokk.wixsite.com/kanekokaikeijimusho,"""""""大阪府吹田市円山町20番21号""",
武田会計事務所,http://www.takeda-office.info/,大阪府大阪市北区西天満4丁目12-11プラザ梅新別館303号室,
藤本英樹税理士事務所,http://www.office-f.net,兵庫県神戸市長田区細田町6丁目1-4-803,
E-コミュニケーション株式会社,https://one-stop.jimdo.com/,愛知県名古屋市中区橘1丁目26番18号,
UNITS会計事務所,http://units1.jp/,大阪府大阪市北区与力町2-11-フォルテ南森町2F,
杉野泰雄公認会計士事務所,http://www.sugino-jpcpa.com/,福岡県福岡市博多区博多駅前2-2-1　福岡センタービル6F,
税理士法人みらい,http://www.tax-mirai.or.jp/,東京都西東京市ひばりが丘北3-4-1みらいビル2F,
税理士法人 名古屋石田会計事務所,http://www.jimusyo.ne.jp/ishida/,愛知県名古屋市中区丸の内二丁目19番25号 MS桜通ビル２E,
渡辺会計事務所,http://watanabe-kaikei.com/,大阪府大阪市北区梅田１－３－１－２００,
山本憲明税理士事務所／H＆Cビジネス株式会社,http://www.rakuzei.com/,千葉県船橋市西船2-22-21-105,
須田幸英税理士事務所,http://sudazeirisi.com/,新潟県阿賀野市天神堂352番地2,
高橋聡公認会計士事務所,http://www.takahashi-cpa.jp/,東京都千代田区麹町3-3-8　丸増麹町ビル3階,
平川昌彦会計事務所,http://www.c-assist.net/,静岡県浜松市中区神田町461-8,
磯谷会計事務所,http://isogaikaikei.com/,愛知県春日井市六軒屋町６－８２,
山田会計事務所,http://www.yamadakaikei.net/,岐阜県岐阜市加納南陽町2丁目55番地3,
エールパートナーズ会計株式会社,http://www.aile-pa.co.jp/,東京都千代田区紀尾井町3-10紀尾井町ガーデンタワー #2402,
税理士法人しんぼ会計,http://www.corevalue.jp/,東京都世田谷区赤堤2-9-4,
税理士法人無十,https://muto-kaikei.tkcnf.com/,東京都大田区蒲田５－４４－５　蒲田プライム５階,
小篠会計事務所,http://www.ozasa-tax.com/,東京都板橋区三園1-48‐10‐801,
よつば綜合事務所,http://www.yotsuba.com/,三重県四日市市泊山崎町13-3,
合同会社オフィスダックス,http://www.office-dachs.com/,東京都中央区日本橋茅場町2－16－6－1001,
角陸会計事務所,http://www.kadoriku.com/,東京都新宿区西新宿3-1-4 第2佐山ビル10F,
税理士法人長沼税務会計事務所,http://www.naganuma.com/,兵庫県西宮市甲風園1丁目5−7　西宮北口東洋ビル4階,
税理士法人　村田経理事務所,http://www.muratakeiri.com/,長崎県佐世保市城山町２番４号,
吉田篤生会計事務所,http://yoshida-ahq.com/,東京都千代田区麹町2-10-7　アイルランドハウス3F,
小松由和公認会計士・税理士事務所,https://komatsu.pro/,東京都中央区銀座7丁目2番6号 銀座アステルビル 8階,
酒井税務会計事務所,http://www.zeirisi.com/,東京都品川区戸越5-7-5 アヴェニール戸越1F,
柳堀税理士事務所・有限会社シンエー不動産鑑定,http://www.yta-srea.com/,千葉県千葉市中央区本町2-9-14,
税理士法人　石黒会計事務所,http://www.ishiguro-kaikei.jp/,神奈川県逗子市桜山4-2-25 杉山ビル2階,
北村税理士社会保険労務士事務所,http://www.kitamura-office.com/,京都府京都市伏見区東大手町７７８ＭＯＭＯＹＡＭＡ　ＨＩＬＬＳ　２Ｆ,
はた会計事務所,http://www.yasuikaikei.com/,東京都江戸川区瑞江4-20-25,
細谷有子 税理士事務所,http://www.hosoya-kaikei.com/,東京都中央区日本橋茅場町2-7-2 佑昌ビル3階,
高橋会計事務所,http://takahasikaikei.com/,東京都町田市森野2-27-12　ローゼンビルE号室,
株式会社エム・エス・コンサルティング,http://www.ms-cpa.co.jp/,神奈川県横浜市神奈川区片倉3-29-15MSビル,
伊藤公認会計士・税理士事務所,http://itoh-cpa.com/,大阪府大阪市北区曽根崎新地１丁目１番４９号梅田滋賀ビル１０階,
税理士法人アフェックス,http://www.s-machiyama.co.jp/,東京都千代田区岩本町2-18-3 NBS岩本町ビル,
鳳友グループ,http://www.hor-u.jp/,東京都千代田区九段北1-4-1 日本地所ブルックスビル 7階,
税理士宮田敏弘事務所,http://www.miyata-tax.jp/,東京都千代田区内神田２－８－１ 冨高ビル６階,
税理士法人松澤会計事務所,http://www.matsuzawa-co.com/,東京都千代田区神田淡路町1-9-7 茗渓ビル3階,
石川孝税理士事務所,http://www.chuoac.net/,埼玉県川口市西川口2-2-1 新堀ビル202,
田中文夫税理士事務所,http://www.tanaka-zei.jp/,愛知県名古屋市千種区田代本通5丁目9　ジュネス佐久間201,
田中靖直税理士事務所,http://www.officetanaka.co.jp/,愛知県豊橋市菰口町六丁目53番地1,
金子会計事務所・有限会社金子コンピューター会計,http://www.kanet.co.jp/,愛知県みよし市東陣取山85,
税理士法人大阪合同会計事務所,https://www.hoei-hk.co.jp/,大阪府大阪市北区紅梅町6番19号,
京都御池税理士法人,http://www.kyotooike-tax.com/,京都府京都市中京区烏丸通二条下ル秋野々町514番地清栄ビル京都烏丸6階,
林貞治税理士事務所,http://hayashi-tax.jp/,滋賀県守山市岡町261-1,
三矢達朗税理士事務所,https://www.mitsuyakaikei.jp/,岡山県岡山市北区辰巳421-1 エトリール大森201,
川上智也税理士事務所,http://www.benefit-creation.jp/,香川県高松市鶴市町1035番地7鶴市ビル2階,
税理士法人未来税務会計事務所,http://miraizeimu.com/,熊本県熊本市東区小峯1丁目1番106号,
小林磨寿美税理士事務所,http://tax.tinyforest.jp/,神奈川県厚木市中町二丁目１３番１４号サンシャインビル　２階,
石川会計事務所,http://www.i-kaikei.com/,大阪府大阪市北区梅田1丁目3番1 大阪駅前第一ビル10階6-2,
滝口税理士事務所,http://www.takiguchi-kaikei.jp/,東京都北区赤羽西4-26-10,
加藤公認会計士事務所,http://katoh.nohp.biz/,千葉県千葉市中央区中央３丁目１５番３号　朝日プラザ千葉中央５０１号,
高橋税理士事務所,http://takahashi.zei-mu.net/,埼玉県熊谷市上之2068番地,
高橋公認会計士事務所,http://taka-accounting.jp/,宮城県仙台市青葉区国分町1丁目6番18号 東北王子不動産ビル７F,
株式会社猪俣会計センター,http://www.inomata.cyber-kaikei.jp/,福島県会津若松市宮町7番４２号,
岩田会計事務所,http://www.iwatakaikei.net/,栃木県小山市西城南3-7-20,
塩浜会計事務所,http://www.shiohamakaikei.com/,栃木県宇都宮市幸町3-1　金田ビル2階,
公認会計士税理士三浦会計事務所,http://www.miura-cpa.jp/,東京都新宿区四谷本塩町7番9号四谷ニューマンション501,
大橋公認会計士事務所,http://www.ohashikaikei.com,東京都渋谷区東１丁目１６番-６,
田上公認会計士事務所,http://www.taue.jp/,東京都板橋区板橋3-6-17 SKT板橋ビル3F,
平野公認会計士事務所,http://www.ac-hirano.com/,東京都港区東新橋1-5-2汐留シティセンター33階,
吉田邦彦 税理士事務所,http://www.f-east.com/,東京都中央区日本橋茅場町1-13-13 七宝ビル7階,
クレド公認会計士税理士事務所,http://www.nagai.ne.jp/,神奈川県横浜市戸塚区品濃町551-4 ネオポリストキワⅠ-202,
清水洋平税理士事務所,http://www.shimizu-office.biz/,東京都世田谷区世田谷1-11-17 ベルスリー世田谷1F,
清水明夫税理士事務所,http://www.shimizutax.com/,東京都三鷹市上連雀2-8-20　グランドメゾン三鷹南201,
下田義嗣税理士事務所,http://www.shimotax.com/,東京都三鷹市下連雀3-23-1 フォルテューヌ三鷹　102,
山本裕二税理士事務所,http://www.y-yamamoto.biz/,東京都小平市仲町102-6,
池谷会計事務所,http://zeirishi-ikeya.com/,神奈川県川崎市幸区下平間48 扇ビル1Ｆ,
有森純税理士事務所,http://www.arimori.jp/,神奈川県横浜市西区平沼1-4-22 横浜平沼ダイカンプラザⅢ 703,
みらい会計　巻幡直美税理士事務所,http://www.miraikaikei.com/,神奈川県横浜市南区中里1-19-12,
税理士法人鈴木会計事務所,http://www.s-chugo.com/,神奈川県横浜市港南区上大岡西2-9-20シャンローゼ上大岡 402号室,
安藤由紀税理士事務所,http://www.ando.jdlibex.jp/,千葉県柏市柏２－７－２３　コササビル2階,
税理士法人あんしん合同会計,http://www.jna-anshin.jp/,千葉県船橋市湊町2-6-31グランシティ船橋2階,
税理士法人　曽根会計事務所,http://www.sonetax.com/,埼玉県熊谷市本石1-269,
株式会社セントラルコンサルタンツ・セントラル税理士法人,http://awiny.com/,愛知県名古屋市中村区中島町3丁目3番地セントラルコンサルタンツ3F,
石川誠税理士事務所,http://www.office-i.biz/,愛知県豊橋市西高師町小谷７８－２,
鈴木教浩税理士・社労士事務所,http://www.tax-suzuki.biz/,愛知県豊川市御津町広石船津111番地1,
渡村会計事務所,http://tomura-kaikei.com/,静岡県静岡市駿河区高松2-4-35,
杉本直樹税理士事務所,http://www.zeirishi-sugimoto.com/,愛知県海部郡蟹江町八幡1-80,
金井公認会計士事務所,http://www.kanai-cpa.com/,大阪府大阪市中央区北久宝寺町4丁目2番12号本町御堂パークビル9Ｆ,
那須税理士事務所,http://www.nasu.gr.jp/,大阪府大阪市北区西天満5-9-16ダイアパレス西天満401号,
中原会計事務所,http://www.nakahara-office.com/,大阪府堺市堺区車之町西2-2-5　ロイヤルコートビル6階,
三木泰税理士事務所,http://miki-hiroshi.zei-mu.com/,大阪府貝塚市海塚 3－9－17,
税理士法人三宅事務所,http://www.miyake-tax.net/,京都府京都市北区小山北大野45番地,
総合経営グループ,http://www.sogokeiei.co.jp/,京都府京都市中京区烏丸通二条下ル秋野々町529番地ヒロセビル9F,
田中久代税理士事務所,http://www.tanaka-tax.jp/,京都府京都市左京区北白川東瀬ノ内町29番地,
京都税理士法人,http://www.jinji-sk.co.jp/,京都府京都市南区吉祥院九条町30番地1 江後経営ビル,
弁護士法人金沢税務法律事務所,http://www.zeimuhouritsu.com/,石川県金沢市鞍月3丁目32番地,
北村労務会計事務所,http://www.kitamura.gr.jp/,石川県金沢市涌波2丁目14番10号,
朝山税理士事務所,http://www.tax-as.net/asayama,福井県福井市文京7丁目19-6,
株式会社トータル財務プラン,http://www.topp.ecnet.jp,兵庫県神戸市中央区御幸通3丁目1－8　ライオンズ三宮ビル2F,
近江清秀公認会計士税理士事務所,http://marlconsulting.com/,兵庫県神戸市中央区御幸通8-1-6　神戸国際会館17階,
税理士法人ベルダ,http://www.kh-kaikei.com/,徳島県鳴門市瀬戸町堂浦字浦代41番地,
エンペランサ税理士法人,http://www.esp.or.jp/,福岡県福岡市中央区天神1丁目1番1号アクロス福岡11階,
佐野税理士事務所,http://www.sano-tax.jp/,佐賀県佐賀市鍋島2-2-13,
畠山博子税理士事務所,http://www.okanenoiroha.com/,茨城県筑西市幸町2丁目32番5号,
杉山会計事務所,http://www.ysk.gr.jp,東京都新宿区筑土八幡町2-11,
緒方会計事務所,http://www.ogatakaikei-go.jp/,東京都新宿区神楽坂6-8-31DeLCCS神楽坂ビル5階,
中央会計事務所,http://www.chuo-kaikei.biz/,東京都杉並区高円寺南1-6-5　サマリヤビル2F,
税理士法人あかいけい,http://www.aaf.gr.jp/,東京都杉並区荻窪5-30-12　グローリア荻窪705号,
イノベンス税理士法人,http://www.icpao.com/,東京都中野区東中野2-1-6　東中野NHビル,
税理士法人 宮木会計事務所,http://www.miyaki.co.jp/,東京都中央区日本橋浜町３－１－６,
佐藤紀彦税理士公認会計士事務所,https://www.sato-tax-tokyo.com/,東京都目黒区原町１丁目１７－２　ＴＨＫビル,
曲渕税理士事務所,http://www.mag-acctg.jp/,東京都中央区銀座4-9-5 銀昭ビル3階,
西透税理士事務所,http://www.nishi-tax.jp/,東京都渋谷区笹塚1-56-5 Ｔ・Ｋビル3階,
和田公認会計士事務所,http://home.j01.itscom.net/cpa/,東京都目黒区中目黒5-10-3,
水垣公認会計士事務所,http://www.mizugaki-kaikei.com/,東京都足立区綾瀬4丁目24番13号,
奥居会計事務所,http://k-okui.jp/,東京都品川区南大井6-17-7 正栄プラザ303,
河西税理士事務所,http://www.ak-tax.jp/,東京都千代田区神田駿河台3-2-6　A・Plaza御茶の水ビル5階,
野口和寛会計事務所,http://www.noguchitax.jp,埼玉県越谷区瓦曽根2-7-14　カサベルテ越谷300号室,
川津公認会計士事務所,http://i-egao.com/,神奈川県相模原市緑区西橋本５－４－２１さがみはら産業創造センター　Ⅰ－３２１,
芝山利秀税理士事務所,http://www.shibayama-office.jp/,幕張町5丁目186-5,
鈴木税務会計事務所,http://www.suzux.biz/,千葉県千葉市稲毛区作草部1-1-86,
青木周一税理士事務所,http://www.pat.hi-ho.ne.jp/zeirisi-aoki/,神奈川県川崎市川崎区昭和２丁目１番１０号,
大澤会計事務所,http://www.osawatax.com/,神奈川県横浜市南区新川町5-32　ライオンズマンション吉野町６-211,
橘川幹男税理士事務所,http://www.kitsukawa-tax.jp/,神奈川県厚木市下荻野845-3,
鈴木義弘税理士事務所,http://www.zeirishi-yokosuka.com/,神奈川県横須賀市久里浜7-29-5,
鎌倉康裕公認会計士・税理士事務所,http://www.kamakura-ta.com/,千葉県松戸市新松戸1-493 新松戸プラザハイツ1201,
和田博税理士事務所,http://www.wadakaikei.jp/,埼玉県川口市本町3-2-7デュアルコート川口ウエストビュー203,
阿部税務会計事務所,http://www.abezeimu.net/,埼玉県川口市西川口3-29-20ライオンズマンション西川口第6 201号室,
青木公認会計士事務所,http://www.a-kaikei.jp/,埼玉県川口市芝中田2-1-6,
平光史明税理士事務所,http://www.hiramitsukaikei.com/,埼玉県志木市本町5-20-32　グランシェ志木１階,
税理士法人北村会計,http://www.kitamurakaikei.com,埼玉県さいたま市大宮区堀の内町3-54 北村会計ビル,
塩原公認会計士事務所,http://www.shiobara-accounting.com/,埼玉県さいたま市岩槻区本町3-11-8,
大沢税理士事務所,http://www.cfptax.com/,埼玉県上尾市今泉1-3-17,
石川広紀税理士事務所,http://www.ishikawa-tax.com/,愛知県名古屋市中区錦二丁目１０番１３号　ＳＣ錦ＡＮＮＥＸ６Ｆ,
丹羽俊文税理士事務所,http://www.niwazeirishi.com/,愛知県名古屋市中村区名駅5-31-10 リンクス名駅ビル10F,
野畑正博税務会計事務所,http://www.nobatakaikei.com/,愛知県名古屋市名東区勢子坊1-913,
木藤守人税理士事務所,http://www.kitoh-kaikei.com/,愛知県豊橋市弥生町字東豊和20番地の24,
大成ビジネスグループ　杉浦会計事務所,http://www.taisei-business.jp/,愛知県豊橋市東郷町99番地,
中村典司税理士事務所,http://www.norijin.com/,愛知県豊橋市春日町2丁目50-1,
税理士法人アイサポート・株式会社アイサポート,http://www.is-kaikei.com/,静岡県浜松市東区上西町14-7,
渡辺松氏税理士事務所,http://www.tax-tkc.com/,山梨県南都留郡富士河口湖町船津286-3,
丹羽和子税理士事務所,http://www.awing.jp/,愛知県豊明市西川町笹原1番地3,
笠井永寿会計事務所,http://kasaikaikeijapan.jp/company/,愛知県名古屋市西区名駅2丁目4番3号　ウエスタンビル63号,
金井会計事務所,http://kanai.zei-mu.com/,三重県桑名市新町16番地,
中島会計事務所,http://www.n-tax.co.jp/,大阪府大阪市中央区博労町2-2-13 大阪堺筋ビル,
井上健公認会計士事務所,http://cpa-ken-inoue.com/,大阪府大阪市北区天神橋2-3-8 MF南森町ビル 4B,
税理士法人たいよう総合会計事務所,http://www.taiyo-kaikei.com/,大阪府大阪市都島区片町２丁目７－２２　たいようビル,
江本誠公認会計士・税理士事務所／会計事務所,http://cpatax-emoto.jp/,大阪府大阪市北区南森町1丁目3番27号 南森町丸井ビル3階,
島田会計グループ,http://www.simd.gr.jp/,大阪府大阪市西区靭本町1-9-23,
後藤美代子税理士事務所,http://www.gotoh-tax.jp/,大阪府大阪市生野区生野西１丁目１－３２,
高砂会計事務所,http://www.takasago-kaikei.com/,大阪府東大阪市長田中 2-2-11 コム東大阪 2階,
税理士法人SAT（さっと）,http://www.sat310.com/,大阪府大阪市北区西天満1-8-9 　ヴィークタワーOSAKA406号,
湯川会計事務所,http://www.hotriver.net/,大阪府大阪市中央区玉造1丁目18-6,
倉知税理士事務所,http://www.kurachi-zeiri.com/,大阪府大阪市旭区今市1-12-30,
矢野会計事務所,http://www.yanokaikei.jp/,大阪府泉佐野市高松北1-7-24,
小柳会計事務所,http://www.koyanagi-kaikei.com/,大阪府堺市東区日置荘田中町282番地2,
竹村会計事務所,http://www.take-ac.com/,大阪府堺市北区中百舌鳥町1-238-1ＴＫアンバーフロント512,
田中会計事務所,http://www.t-m-c.co.jp/,大阪府箕面市坊島1-2-18-102　三和ミリオンハイツ１F,
坂本篤宣税理士事務所,http://www.sakamoto-zeirisi.com/,大阪府枚方市渚南町 26-28 ユニライフ御殿山301,
井関公認会計士事務所,http://www.iseki-kaikei.jp/,大阪府藤井寺市古室1-8-11,
本庄秀樹税理士事務所,http://www.honjo-tax.jp/,滋賀県彦根市中藪町634-38,
西平会計事務所,http://www.nishihira-tax.com/,京都府京都市伏見区深草大亀谷東寺町76番地の8,
牧野伸彦税理士事務所,http://www.makino-office.com/,京都府京都市左京区新丸太町通孫橋上る新丸太町74番地,
シモヤマ会計事務所,http://www.e-komon.jp/,京都府京都市中京区西ノ京中御門東町101,
橋本会計事務所,http://hashimoto-zeimu.jp/,兵庫県神戸市垂水区星陵台1丁目9-21林マンション201号室,
税理士法人りぼん会計,http://www.ribon.co.jp/,兵庫県神戸市西区伊川谷町有瀬799-11,
山根総合会計事務所,http://www.yamane-tax.jp/,広島県広島市中区幟町10番25号山根会計ビル,
通堂税理士事務所,http://tsudou.zei-mu.jp/,広島県広島市中区幟町13－24 広島税研ビル3F,
高下美幸税理士事務所,http://www.kogetax.com/,広島県広島市安芸区矢野西4丁目6番5号,
田中博之公認会計士・税理士事務所,http://www.th-kaikei.jp/,山口県下関市秋根本町2丁目10-14スカイビル3F,
後藤信三税理士事務所,http://www.zeisos.jp/,岡山県岡山市厚生町3丁目１-15岡山商工会議所ビル６Ｆ,
松本会計事務所,http://matsucpa.main.jp/top/,岡山県倉敷市上富井565-1,
株式会社ディー・エス・パートナーズ　税理士法人コスモス,http://www.dream-system.co.jp/,徳島県徳島市大道一丁目26-2 大道オフィスビル2F,
税理士法人 越智会計事務所,http://www.ochi-kaikei.co.jp/,愛媛県松山市三番町4-8-5　第7越智会計ビル,
看公税理士法人 福岡事務所,http://www.kuroiwacpa.com/,福岡県福岡市博多区博多駅南1-7-22ブックローン福岡ビル5階,
平川強税理士事務所,http://www.hirakawazei.jp/,福岡県古賀市駅東2丁目8-2,
税理士法人 西方会計,http://www.nao.or.jp/,福岡県福岡市中央区白金2-14-17,
野崎 地平 税理士事務所,http://www.nozaki-chihei.jp/,長崎県長崎市泉1丁目21番13号,
国吉浩隆税理士事務所,http://www.tax-hirotaka.com/,沖縄県中頭郡西原町千原253番地の12,
新横浜ビジネスコンサルティング,http://shinyoko-bc.com,神奈川県横浜市港北区新横浜2-12-12新横浜IKビル105号,
中島税理士事務所,http://www.nakajima-tax.com/,茨城県土浦市桜町3-8-7,
荒井努税理士事務所,http://www.arai-tax.com/,東京都千代田区神田鍛冶町3-5-207,
アイタック税理士法人,http://www.itac.or.jp/,東京都狛江市東和泉4-3-7ウェルスティビル202,
村上公認会計士事務所,http://www.murakami-cpa.jp/,東京都目黒区青葉台1-30-11 土屋ビルディング4F,
渡邊一成税理士事務所,http://tfa-office.com/jimusyowp/,東京都葛飾区亀有5-12-12　振興ビル204,
高畠税務会計事務所,http://www.takahata-office.biz/,東京都豊島区池袋3－63－7高畠ビル１階,
寺田会計事務所,http://www.terada-kaikei.jp/,神奈川県横浜市西区中央2-13-2　伊勢新ビル2Ｆ,
川口信太郎税理士事務所,http://www.kawaguchi-zeirisi.com/,神奈川県藤沢市大鋸1-17-1　柳沢ビル502,
島田会計,http://shimada.ne.jp/,愛知県名古屋市北区平安2丁目4番68号　井元ビル2Ｆ,
税理士法人松井会計事務所,http://www.matsui-kaikei.jp/,大阪府大阪市中央区南久宝寺町二丁目1番9号 船場メディカルビル7階,
井上恵仁公認会計士事務所,http://www.inouecpa.com/,兵庫県西宮市甲陽園東山町12番34号,
税理士法人えびす会計,https://www.ebisu-zei.com/,大阪府茨木市大手町11-19 ジュネス大手１F,
鈴木会計事務所,http://suzukimasashikaikei.com/,京都府京都市左京区下鴨北野々神町25-3北山ｶﾞﾄｰｼﾞｭ３階,
税理士法人谷口会計事務所,http://taniguchi-zeimu.jp/,兵庫県神戸市中央区江戸町100番 高砂ビル502号,
坂井会計事務所,http://www.sakai-kaikei.jp/,兵庫県神戸市中央区北長狭通五丁目1番2号太陽ビル702号室,
塚本会計事務所,http://www.taxoffice-tukamoto.jp/,兵庫県姫路市東延末1-24Fビルハイツ202号,
岡田浩介税理士事務所,http://www.okada-kaikei.jp/,広島県福山市霞町4丁目4番13号,
飯塚肇税理士事務所,http://shinshu-tax.or.jp/,長野県松本市島内3688-11,
COCORO税理士法人,http://yao-support.jp/,長野県長野市稲里町下氷鉋1382番地2ナカジマビル1階,
小松原会計事務所,http://www.goodluck-ek.com/,東京都杉並区久我山5-7-8,
税理士法人良知,http://www.ryochi.jp/,大阪府堺市堺区三国ヶ丘御幸通10三幸ビル3階,
大島税理士事務所（会計事務所）,http://oshimakaikei.web5.jp/,大阪府大阪市淀川区宮原2-1-17　リーガル新大阪ビル2F,
出川洋税理士行政書士事務所,http://degawa.web5.jp/blog,奈良県香芝市上中290-2,
金井公認会計士事務所,http://www.kanai-cpa.or.jp/,東京都港区赤坂3丁目21番21号 サンワット渡辺ビル3F,
第一コンサルティング株式会社,http://www.ichicon.com/,東京都千代田区九段北4-2-11第2星光ビル3階,
社会保険労務士法人エスネットワークス,https://es-ma-networks.jp/,東京都千代田区丸の内1-8-1 丸の内トラストタワーN館15F,
栄税理士法人,http://www.sakae-tax-corp.jp/,愛知県名古屋市中区栄二丁目９番３０号　栄山吉ビル４階,
柴田尚之税理士事務所,http://www.shibata-office.jp/,愛知県日進市栄2丁目1306番地ノースステージ2F,
三沢洋大税理士事務所,http://misawa.hakodate.jp/,北海道函館市川原町18番3号,
丸山昭一税理士事務所,http://www.maruyamakaikei.jp/,北海道札幌市中央区南3条東4丁目3番4号,
天野会計事務所,http://amano-z.com/,静岡県浜松市中区高丘東2-19-50,
小松原多津子税理士事務所,http://www.speed-support.com/,大阪府東大阪市吉田３-２-４６,
矢ケ崎清税理士事務所,http://www.yagasaki.co.jp/,長野県上田市中央２－１７－４,
東日本中央総合税理士法人,http://www.east-japan.or.jp/,茨城県筑西市梶内823-2,
日本橋中央税理士法人,http://www.maplan.co.jp/,東京都中央区日本橋箱崎町1－8 内田ビル5階,
梅林税理士事務所,http://www.umeling.com/,愛知県岡崎市六名3丁目5番地16,
あんしん合同会計事務所,http://www.anshin-kaikei.jp/,大阪府大阪市北区浪花町13-38　千代田ビル北館7階,
あさひ会計事務所,http://www.asahikaikei.biz/,大阪府大阪市北区芝田１－４－８ 北阪急ビル,
あいえす経営サポートグループ,http://www.aiesu.or.jp/,富山県富山市問屋町2丁目3-7,
梅田公認会計士事務所,http://www.ume-office.com/,東京都世田谷区池尻２－３１－２４　信田ビル６階,
佐藤茂税理士事務所,http://www.satousigeru.jp/,東京都豊島区池袋2-60-7 ルート池袋第３ビル４階,
三好真雄税理士事務所,http://www.miyoshi-kaikei.net/,愛知県名古屋市熱田区明野町12番4号,
税理士法人 岩田総合会計事務所,http://www.iwatakaikei.co.jp/,愛知県一宮市富士2丁目15-10,
税理士法人和栗会計事務所／ＭＭＣ総合コンサルティング株式会社,http://www.j-mmc.com/,新潟県上越市富岡3446,
佐藤奈穂里税理士事務所,http://setuzei.com/,埼玉県川越市脇田本町6-1伊東ビル5F,
菊池美菜税理士事務所,http://www.kikuchikaikei.com/,東京都世田谷区経堂１－１１－１９－２０４ライオンズマンション経堂第３,
飯島総合会計事務所,http://www.is-tax.co.jp/,東京都港区元麻布3-2-19 MOMONビル4F,
税理士法人Y.K.C.,http://kncc.co.jp/db/,大阪府大阪市淀川区西中島7-1-26　オリエンタル新大阪ビル707号,
稲清税理士法人,http://17se.jp/,大阪府大阪市中央区谷町7丁目3番4-309号（新谷町第三ビル3F）,
久保田肇税理士事務所,http://www.kubota-hajime.jp/,山口県光市浅江1丁目4-14,
徳田智美税理士事務所,http://www.tokuda-tax.com/,香川県高松市東田町20-7ロジュマン田町301,
奴田原税理士事務所,http://www.ryo-ma.co.jp/an-nai/,高知県高知市中宝永町8番11号,
池谷和久税理士事務所,http://www.money.gr.jp,静岡県静岡市駿河区 森下町1-16-301 エスカイア森下静岡駅前,
平野武文税理士事務所,http://www.office-hirano.com/,福岡県福岡市中央区舞鶴3丁目1番30号5F,
大西会計事務所,http://www.ohnishikaikei.jp,東京都墨田区錦糸3丁目2番1号アルカイースト5F,
樋田税理士事務所,http://www.tax.client.jp/,茨城県水戸市東台2-10-16,
株式会社合同会計,http://www.godo-ao.jp/,茨城県つくば市牧園2番地5,
税理士法人牧野会計,http://makinokaikei.com/,東京都千代田区神田岩本町4-5　都築ビル7階,
税理士法人M.T.総研,http://www.k-akarui-home.com,東京都千代田区麹町3丁目12-12　麹町Mビル4F,
株式会社プラス・ワン・サービス,http://www.plusoneservice.co.jp/,東京都港区西麻布4-14-14　シャンブルド西麻布201,
三井税理士事務所,http://www.mitsui.gr.jp/,東京都中央区八丁堀4丁目8番8号 斎藤ビル,
浅野亮二　税理士事務所,http://www.asano-ryoji.com/,東京都目黒区中目黒1-10-22 中目黒ハイツ1502号ニトリ中目黒店ビル15F,
税理士法人服部会計事務所,http://www.hattori-kaikei.co.jp,岐阜県岐阜市初日町2丁目22番地,
税理士山下事務所,http://www.office-y-y.com/,東京都中野区本町3-30-14コアシティ中野坂上201号,
奥山税理士事務所,http://www.okuyama-office.com/,東京都江東区豊洲 2－5－3 コート C311,
高崎 整 税理士事務所,http://tax-takasaki.com/,東京都府中市栄町2-12-33,
シン中央会計,http://www.sckaikei.com/,埼玉県所沢市久米551-3　東亜ビル1F,
加藤達郎税理士事務所,http://k-tao.com/,新町18番12号第8東ビル205,
税理士法人誠和コンサルティング,http://www.0447441230.com/,神奈川県川崎市中原区上小田中6-12-1　グ・モーニングビル 4F,
澤口合同会計事務所,https://www.bizup.jp/member/sawaguchi/index.html,埼玉県さいたま市中央区上落合３－６－１０,
葵総合経営センター,http://www.aoi-cms.com/,愛知県名古屋市中区千代田3-14-22,
岩田会計事務所,http://www.iwatax-m.com/,岐阜県羽島市足近町南之川133番地,
千葉揚美税理士事務所,http://www.chiba-kaikei.com/,岐阜県各務原市那加本町3番地1サンシャインビル1F,
金山熹章会計事務所,http://www.bizup.jp/souzoku/kanayama/07.html,大阪府茨木市上中条1丁目10-17,
ニコニコ企画合同会社,http://kaikei.client.jp/,香川県高松市塩上町１丁目２-３０ミヤケビル２Ｆ,
税理士法人　創研,http://www.souken-gr.com/pc/,福岡県福岡市中央区春吉3丁目25番13号,
福岡耕二税理士事務所,http://www.fukuoka-z.jp/,熊本県天草市東町28番地16,
株式会社オーバルマネジメント,http://www.oval-m.com/,北海道札幌市中央区南1条西6丁目21番地1センチュリーヒルズ5Ｆ,
税理士法人AMAGUCHIパートナーズ,http://www.amaguchi.com/,山形県山形市薬師町1丁目16-1,
長野税理士法人,http://www.mgspt.com/,長野県長野市上千歳町1121-1　長野OSビル6F,
斎藤会計事務所,http://accountoffice.co.jp/,栃木県足利市八幡町748番地,
麹町税理士法人,http://www.kojimachi-zeirishi.or.jp/,東京都千代田区麹町1-8-1半蔵門MKビル5F,
黒澤税理士事務所,http://www.zei110.com/,東京都江東区東陽6-2-27-917,
直井育夫公認会計士税理士事務所,http://www.naoicpa.com/,東京都江戸川区北小岩2-14-2-505,
公認会計士・税理士佐々木会計事務所,http://www.t-net2001.jp/,東京都文京区本駒込1-1-17 キュラーズ本駒込3F,
人見貴行税理士事務所,http://www.hitomi-tax.jp/,東京都文京区湯島2-31-24 湯島ベアービル1階,
芝野税理士事務所,http://www.shibano.net/,東京都足立区千住 ３－３７－７,
総合会計事務所,http://www.sogo-kaikei.co.jp,東京都中野区新井2丁目6番地6号,
杉本国際税務会計事務所,http://www.taxadvisor-plus.com,東京都杉並区久我山5-8-23,
大崎会計事務所,http://www.osakikaikei.co.jp/,東京都大田区南蒲田2-4-15 東邦本社ビル5Ｆ,
垣本税理士事務所,http://www.ykms.com/,東京都中央区日本橋蛎殻町1丁目21-7号　日本橋YTビル2階,
伊藤国際会計事務所,http://www.itoint.com/,東京都文京区本郷3-11-9　ビクセル御茶の水102,
坂幸宏税理士事務所,http://www.saka.biz/,東京都板橋区成増1-29-7-801,
税理士CMS合同事務所,http://www.cms-89.co.jp/,東京都武蔵野市中町1-23-17　武蔵野高和ビューハイツ3階,
青井会計事務所,http://www.aoi-kaikei.co.jp/,東京都小金井市本町5丁目11番7号　ALICE武蔵小金井ビル3F,
税理士池田兼男事務所,http://www.ikeda-kaikei.net,神奈川県横浜市神奈川区沢渡１－２　Ｊプロ高島台ノースビル4階,
田添税理士事務所,http://www.taxac.jp/tazoe/,神奈川県横浜市港南区上大岡西1-13-18NICアーバンハイム上大岡プラザ606,
税理士法人けやき,http://tax-keyaki.com/,神奈川県小田原市荻窪288-9,
横須賀税理士・行政書士事務所,http://www.yokosukazeirishi.jp/,千葉県松戸市新松戸３－４１２,
本田税理士事務所,http://www.zeirishi-honda.jp/,埼玉県蕨市中央3-27-7 1F,
大山税理士事務所,http://www.ohyama-office.jp/,埼玉県さいたま市浦和区常盤4-4-13,
外崎博之税理士事務所,http://tonosaki.jp/,埼玉県越谷市花田一丁目3番地27,
鈴木弘基税理士事務所,http://www.suzuki-zei.jp,埼玉県富士見市鶴瀬西３丁目３−１,
坂本貴志税理士事務所,http://www.sakamoto-kaikei.jp/,愛知県名古屋市西区花の木三丁目17番3号　ハナノキビルディング2F,
杉村税理士事務所,http://sugimurakaikei.web.fc2.com/,愛知県名古屋市千種区内山１丁目１０−２０,
祖父江修一税理士事務所,http://www.zeirisi.jp/,愛知県名古屋市千種区内山二丁目10番10号,
税理士法人ACT,http://www.act-office.biz/,三重県四日市市鵜の森2丁目4番19号,
大和隆史税理士事務所,http://www.yamato-taxoffice.jp/,大阪府大阪市淀川区西中島4丁目2－8,
仁科会計事務所,http://nishina.jp/,大阪府大阪市中央区瓦町2丁目6番1号　瓦町ASビル7階,
利他村会計事務所,http://www.sakagami-kaikei.com/,兵庫県佐用町目高・利他の花咲く村,
さこう公認会計士事務所,http://www.acc-sako.com/,東京都港区新橋６－２－９ 折田ビル５階,
前田税理士事務所,http://www.maedazei.jimusho.jp/,大阪府富田林市甲田五丁目13番12号,
税理士法人坪内会計事務所,http://www.tsubouchi.com/,大阪府茨木市東中条町1番5号,
山本税理士事務所,http://www.yamamoto-tax.com/,奈良県奈良市あやめ池北三丁目1番41号,
金田会計事務所,http://www.k-taxmeister.com/,奈良県吉野郡下市町伃邑592,
小森税理士事務所,http://www.komori-tax.com/,京都府京都市北区紫竹西野山東町36-2,
野村経営税理士事務所,http://nomura-office.jp/,石川県金沢市西念３丁目３−５ 勤労者福祉文化会館1階,
吉木税務会計事務所,http://yoshiki.zei-mu.com/,石川県金沢市東力町ニ205番地11,
二本松税理士事務所,http://www.attoh.com/,広島県広島市南区段原南２丁目１２番２号,
税理士法人 田中事務所,http://www.tanakatax.jp/,鳥取県米子市旗ヶ崎7-11-25,
税理士法人リモト,http://www.t-zeirishi.jp/,沖縄県浦添市字大平451番地,
にいむら会計事務所,http://www.niimura-kaikei.jp/,東京都千代田区九段南１－５－６ りそな九段ビル６階,
清水信行税理士事務所,http://simizu-tax.com/,東京都千代田区飯田橋4-4-8 東京中央ビル408,
石井雅也税理士事務所,http://www.zeiri-shi.com/,東京都杉並区和泉３－４６－９　ＹＳ第1ビル４階,
松下陽一税理士事務所,http://www.zeirishi-jimusyo.com/,東京都世田谷区下馬１－１－２－２Ｆ,
有限会社会計ドック・税理士舘野典久,http://www.k-doc.com/,神奈川県横浜市中区野毛町3-141DOCＩ,
井尾会計事務所,http://www.inoo.jp/,東京都墨田区江東橋4-22-10 深谷ビル,
税理士法人MUGEN,http://tac-mugen.or.jp/,東京都墨田区江東橋4丁目24番4号錦糸町グリーンプラザ 202号室,
税理士法人タクト,http://www.tact-m-kj.jp/,東京都荒川区西日暮里5-14-3　サンキエームビル501,
若宮会計事務所,http://www.waka-kaikei.jp/,東京都荒川区荒川6－37－2,
川崎会計事務所,http://zeimukaikei.tokyo/,東京都豊島区西池袋5-24-12-902,
近藤税務会計事務所,http://www.kondo-tao.com/,東京都墨田区菊川１丁目７番１１号中村ビル３階,
浅野税務会計事務所,http://www.asanokaikei.com/,東京都目黒区緑が丘二丁目１４番２２号,
海山税理士事務所,http://umiyama.zei-mu.jp/,東京都品川区南大井6丁目17番10号　レインボービル6階,
有限会社イスタンテ,http://www.istante.jp/,東京都港区南青山3‐1‐3　スプライン青山東急ビル　6F,
小林会計事務所,http://www.kkaikei.jp/,東京都練馬区練馬1-5-7　サンライズビル603,
小日向ひろみ税理士事務所,http://www.kobinata-tax.com/,東京都板橋区赤塚七丁目26番31号,
OSHIYAMATAXコンサルタントオフィス,http://www.ok-taxconsultant.jp/,神奈川県川崎市幸区南幸町3丁目11番地2,
CPA富澤会計事務所,http://www.cpatomizawa.com/,神奈川県横浜市青葉区あざみ野南4-15-29,
熊崎秀美税理士事務所,http://www.h-bearoffice.com/,神奈川県横浜市都筑区茅ヶ崎東3-17-35-206,
松山公認会計士事務所,http://www.matsuyamakaikei.com/,千葉県習志野市谷津5-18-23,
網野会計事務所,http://www.aminokaikei.com/,千葉県習志野市鷺沼台1-9-11,
山内今朝男税理士事務所,http://www.yamauchi.gr.jp/,静岡県浜松市東区丸塚町505番地の8,
中北幸夫税理士事務所,http://nakakita21.com/,愛知県常滑市飛香台7丁目12番地の6,
ネクセンチュア林会計事務所,http://www.nexenture.jp/,大阪府大阪市北区堂島1丁目5-17　堂島グランドビル4階,
中塚壽一税理士事務所,http://www.nj-tax.jp/,大阪府大阪市北区梅田1-2-2 大阪駅前第2ビル10F15番,
小西達也税理士事務所・こにし会計合同会社,http://konishitax.com/,大阪府大阪市西区西本町3-1-7日宝アワザ駅前ビル502号,
金田光世税理士事務所,http://www.kaneda-tax.com/,大阪府東大阪市永和１丁目8番3-104号,
坂田公認会計士事務所,http://www.sakata-office.biz/,兵庫県三田市武庫が丘8-14-1,
能見洋八郎税理士事務所,http://www.nomi-ta.ecnet.jp/,兵庫県朝来市和田山町東谷83番地8,
広瀬公認会計士・税理士事務所,http://www.kkvc.co.jp/kaikei/,福岡県北九州市八幡西区黒崎3-1-7 アースコート黒崎駅前BLDG．2F,
大久保泰則税理士事務所,http://www.ohkubo-tax-office.jp/,長崎県長崎市銀屋町３番７－４０２号,
税理士法人アニモ,http://iidazeirishi.jp/,熊本県熊本市帯山4丁目44-5　帯山ビル301,
香川公認会計事務所,http://www.dab.hi-ho.ne.jp/kagawa-cpa/presite/,東京都品川区南品川1-7-22,
若原税理士事務所,http://taxdesign.jp/,東京都杉並区高円寺南4-6-10プライム高円寺701,
"""""""武藤税理士事務所 野中町""",福岡県",https://imitsu.jp/ct-tax-accountant/pr-fukuoka/ci-kurume-city/supplier/52955,
高橋会計事務所,http://www.takahashi-tax.com/,大阪府大阪市天王寺区上本町6-9-14 上本町ビル3F,
森末英男税理士事務所,http://www.morisue-kaikei.com/,岡山県岡山市北区富田町1丁目5番16号,
株式会社スパイラル・アンド・カンパニー,https://spiralll.com/,東京都渋谷区道玄坂1-9-4ODAビルディング3F,
丹羽総合会計事務所,http://www.niwakaikei.com,東京都世田谷区経堂1-12-5第一吉良ビル３Ｆ,
南洲税理士法人,http://www.fujitax.com/,鹿児島県鹿児島市大竜町7番32号,
小林由忠税理士事務所,http://www.reiheishikaido.com/,栃木県栃木市大町18-10,
税理士法人アーリークロス,http://konishi-kaikei.com/,福岡県福岡市中央区天神4丁目3-30 天神ビル新館2階,
公認会計士・税理士 安田益生事務所,https://www.yasuda-cpa.com,愛知県名古屋市中区丸の内1-3-1 ライオンズビル丸の内５Ｆ,
しかた税理士・行政書士事務所,http://www.shikatazei.jp/,福岡県福岡市早良区城西3-20,
アルファ税理士法人,http://www.alfa-tax.jp/,東京都大田区大森北1-17-2　大森センタービル4F,
田尻税務会計事務所,http://www.mito-setsuritsu.com/,茨城県水戸市大工町2丁目6-24　YUZU大工町ビル2F,
かがやき税理士法人,http://www.kagayaki-tax.jp/,滋賀県大津市大萱一丁目17番5号本郷第2ビル5階,
税理士法人タックスウェイズ,http://taxways.jp/,東京都港区赤坂3丁目2番2号　日総第24ビル6階,
姫路会社設立会計サポートセンター,http://himeji-seturitu.com/,兵庫県姫路市広畑区西夢前台7-15-1,
上田洋平税理士事務所,http://ueda-zeirishi.com/,東京都八王子市横山町９−１１小泉ビル４階,
藤野佳子税理士事務所,https://fujino-kaikei.tkcnf.com/,埼玉県熊谷市桜木町2-35,
税理士法人ビジネスカツシマ,http://tax.katsushima.co.jp/,新潟県上越市栄町2丁目3番3号,
株式会社HTS,http://www.kicho-hts.com/,愛知県名古屋市緑区大高台2-1014-1,
あおい税理士法人,http://www.aoi-tac.com/,長野県長野市鶴賀345番地1,
中野克美税理士事務所,http://pappy-zeirishi.com/,東京都新宿区新宿1-6-8　新宿鈴木ビルＡ館9階,
髙橋英晴税理士事務所,http://www.takahashi-ac.jp/,大阪府和泉市万町280-1,
竹下和彦税理士事務所,http://www.takeshita-tax.com/,大阪府枚方市楠葉朝日3丁目 5-22 第４飛鳥ビル2階,
浅野・高原税理士法人,http://www.asanokaikei.jp/,東京都台東区東上野1-24-4　丸千第２ビル201,
榎本総合会計事務所,http://www.ek5011.com/,埼玉県桶川市坂田東２－８－１,
佐久間税務会計事務所,http://www.sakumakaikei.com/,東京都文京区根津1丁目4番6号 SBビル601号室,
ちよだ税理士事務所 ちよだ社労士事務所,http://www.e-zeimu.com/,東京都千代区神田駿河台3-5-1 三五ビル4階,
税理士法人 山平会計　有限会社山平企業会計センター,https://www.tkcnf.com/yamahirakaikei,福島県いわき市平南白土二丁目2番,
横山房司税理士事務所,http://www.yokoyama-kaikei.com/pc,神奈川県神奈川県大和市中央5-2-31　青柳ビル3F,
後藤大輔公認会計士事務所,http://www.goto-cpaoffice.com/,福岡県福岡市西区姪浜駅南2丁目6番7号,
植田覚税理士事務所,http://www.ueda-lta.jp/,東京都中央区築地7-18-28　築地永谷コーポラス432号,
藤下豊会計事務所,http://fujishita-office.com/,静岡県浜松市東区植松町1471-7,
駒場税理士会計事務所,http://www.komabaseiji.com,栃木県宇都宮市清住1-1-17,
横田正生税理士事務所,https://www.yokota21.com/,岡山県倉敷市稲荷町1-3,
小泉公認会計士事務所,http://www.koizumikaikei.jp/,神奈川県平塚市代官町11番41号,
株式会社長谷川会計事務所,http://www.hasegawakaikei.com,広島県広島市西区庚午中2丁目11-1,
渡辺博泰税理士事務所,http://www.w-y-zeirishi.com/,東京都江東区白河4-9-16-807,
平田会計事務所,http://hirata-kaikei.com/,東京都江東区富岡１ー４ー１１平田会計ビル,
及川総合会計事務所,http://www.kentaoikawa-tax.com,奈良県生駒市西松ヶ丘1-43　ナビールSANWA2F,
ヤマモト会計事務所,http://www.yama-tax.jp/,東京都品川区西五反田2-15-10　グリンデル五反田803,
税理士事務所スタートアップパートナーズ,http://www.startup-partners.jp/,大阪府大阪市中央区瓦町3丁目4番9号フカキ瓦町ビル3階,
山室雅三宗税理士事務所,http://yamamuro-accounting.com/,福岡県北九州市八幡西区別当町24-22,
宮崎一博税理士事務所,http://miyazaki-k.net/,鹿児島県鹿児島市西陵3-20-14,
税理士法人中村総合会計,http://nakamurakaikei.net/,北海道札幌市中央区南十一条西9-3-31　あけぼのビル3F,
税理士法人木村税務事務所,http://www.kimuratax.com/,和歌山県和歌山市毛革屋丁17番地,
税理士法人Grow Up,http://www.prorest.net/,滋賀県草津市西大路町6-2,
岡田育大税理士事務所,http://okada-tax.net/,徳島県徳島市沖浜町北畑513-3　7F,
田代税理士事務所,http://www.tax-e.biz/,東本町7−2,
杉田卓也税理士事務所,http://www.sugitax.jp/,神奈川県横浜市南区山王町4-26-3　ストークビル秋山2階,
佐藤祐介税理士事務所,http://www.sato-taxlaw.jp/,神奈川県横浜市磯子区氷取沢町150-4,
アイアンドエス税理士法人,https://www.is-tax.or.jp/,宮城県仙台市青葉区花京院2丁目1-14　花京院ビルディング12階,
税理士法人スクラムマネジメント,http://smg.or.jp/,宮城県仙台市若林区新寺5丁目７－３,
株式会社ひろさき元気会計 帯川税理士事務所,http://www.hirosaki-gnkkk.co.jp/,青森県弘前市取上２丁目2-3,
税理士法人青森さくら会計,http://www.aomori-sakura.cyber-kaikei.jp/,青森県むつ市緑町17番57号,
二瓶文隆税理士・行政書士事務所,http://www.nihei.ne.jp/,東京都江東区富岡1-10-3-307,
井口千春税理士事務所,http://chiharu-tax.com/,東京都練馬区南大泉 3-31-20 井口ビル,
齊田税理士事務所,https://saida-tax.com/,東京都豊島区南池袋3-13-9 ビスハイム池袋908号,
さくら税理士事務所,http://www.sakura-zei.jp/,東京都品川区東五反田5-24-9　吉田ビル3階,
税理士法人AOI,http://www.sakakei.com/,茨城県水戸市河和田2-1-2,
渡嘉敷唯夫税理士事務所,http://www.tokashiki.biz/,沖縄県那覇市西1-2-3,
税理士法人グランサーズ,https://grancers.co.jp/,東京都港区赤坂2-10-2 吉川ビル2階,
小西義孝税理士事務所,http://www.konishikaikei.com/,東京都墨田区向島1-26-7　メゾンドコウメ101,
岡崎正和税理士事務所,http://www.setsu-zeirishi.com/,東京都墨田区横川2丁目2番10号岡崎ビル301号,
税理士法人奥税務会計事務所,http://www.oku-zeimukaikei.jp/,東京都杉並区高円寺南4-7-5　高円寺岡本ビル6F,
青葉総合税理士法人,http://www.aoba-tax.jp/,東京都杉並区荻窪5-26-9コスモYビル5F,
安井会計事務所,http://www.yasui-kaikei.com/,愛知県名古屋市中区橘一丁目26番18号D-フラット東別院2F,
中島会計パートナーズ,http://www.nakajimakaikei.com/,東京都足立区西新井本町1-16-12 東武サンライトマンション703号,
佐藤会計事務所,http://www.sato-tax.net/,東京都足立区六月3-16-1-302号,
小出公認会計士税理士事務所,http://www.koide-cpatax.jp/,東京都千代田区麹町1丁目10番5号　澤田麹町ビル7階,
小林田中税理士法人,http://www.bizup.jp/member/furusato/,東京都葛飾区新小岩1-56-14　キャッスルマンション205,
税理士法人猪股会計,http://www.inomata-kaikei.co.jp,東京都中央区日本橋蛎殻町1-12-9-6F カモツル日本橋ビル,
舟越会計事務所,http://www.funakoshi-zeirishi.com/,埼玉県所沢市小手指町1-33-21 舟越ビル3F,
川淵税務会計事務所,http://www.seturitu-hakata.com/,福岡県福岡市博多区博多駅前3-19-5　博多石川ビル7F,
安浪会計事務所,http://www.yasunami-cpa.com/,愛知県名古屋市中村区亀島2丁目12-12コマツビル2F,
瀧澤緑税理士事務所,http://www.m-takizawa.com/,東京都文京区本郷3丁目32-7 MSKビル3階,
税理士法人glad,http://www.keieizeirishi.com/,福岡県福岡市中央区大宮2-6-10RHビル3F,
税理士事務所WALTZ,http://www.taxwaltz.jp/,東京都八王子市明神町4-6-12ホテルザ・ビー八王子3階,
税理士法人小島パートナーズ,http://www.kojima-partners.com/,福岡県北九州市八幡東区中央2-24-5　芳賀ビル本館3階,
田中会計事務所,http://xn--bnq88v1pcws0arnhvmjca8539ahehw2m.com/,東京都墨田区両国3-23-10 田中会計ビル,
並木由紀雄公認会計士・税理士事務所,https://www.minato-acc.com/,東京都港区海岸3-7-12-1104,
宮川貞雄税理士事務所,http://www.miyagawa-office.com/,熊本県菊池市森北1568,
高野博幸公認会計士税理士事務所,http://www.kn-h.com/,東京都千代田区飯田橋3丁目7番13号　諸井ビル5階,
税理士法人ナレッジラボ,http://tax.knowledgelabo.com/,大阪府大阪市中央区今橋2-5-8トレードピア淀屋橋9F,
税理士法人JNEXT,https://www.paton-l.com/,東京都豊島区東池袋3丁目23番13号池袋KSビル7F,
長谷川泰規税理士事務所,http://www.hase-tax.com/,山形県鶴岡市みどり町32－45,
岡﨑耕作税理士事務所,http://okazakizeirisi.com/,茨城県つくば市二の宮３丁目２６−２,
岩手税理士法人,https://www.iwate-tax.com,岩手県盛岡市高松４丁目１番８号,
朝日長野税理士法人,https://asahinaganotaxpartners.tkcnf.com/,長野県長野市新田町1508番地2明治安田生命長野ビル,
青木健一公認会計事務所,http://2287.q-tax.jp/,東京都世田谷区桜上水5-9-4,
宮崎税理士行政書士事務所,http://www.mrt-tax.jp/,兵庫県神戸市灘区永手町5丁目2番6号永手ビル4階,
森下敦史税理士事務所,https://morishita-zeimu.com/,東京都中央区銀座1-24-3 銀座マスキービル5F,
常盤税務会計事務所,http://www.xn----yv6aury7j0naj69b7wiy56frie.com/,東京都豊島区西池袋1丁目11－1メトロポリタンプラザビル20階,
大北圭三税理士事務所,http://www.ohkitax.com/,大阪府大阪市天王寺区大道３丁目３番１１号　筆本ビル２Ｆ,
栗山一税理士事務所,http://www.office-kuriyama.jp/,東京都豊島区南池袋２丁18番２号 池袋南ビル２階,
齊藤親亮税理士事務所,http://www.s-zeiri.jp/,東京都豊島区巣鴨2-4-2　岡田ビル403,
税理士法人みなと東京会計,http://www.total-consul.jp/,東京都港区西新橋3-5-2西新橋第一法規ビル3階,
村山明司税理士事務所,http://www.murayama-kaikei.com/,愛知県豊田市西町１丁目２００番地　豊田参合館２階,
小坂会計事務所,https://kosaka-tax.com/,東京都新宿区高田馬場4-17-17-403,
辰口弘晃税理士事務所,http://www.tax-tatsuguchi.com/,東京都新宿区西新宿3-7-1 新宿パークタワーN30階,
原浩一公認会計士税理士事務所,http://www.accountant-hara.jp/,東京都豊島区目白2-5-27　目白メディカルロード201,
松田詔一税理士事務所,http://palsystem-tax.jp/,東京都台東区上野3丁目16-3 上野鈴木ビル3階,
黄民愛税理士事務所,http://hwangtax.com,東京都中央区日本橋人形町1-18-6 岡野ビル3階,
税理士法人　伊藤会計事務所,http://www.itokaikei.jp/,愛知県大府市中央町7-198,
上前税理士事務所 上前社会保険労務士事務所,http://www.uemae.com,東京都豊島区南池袋1-25-9　今井ビル4階,
株式会社ブルーシップコンサルティング,http://blueship-con.co.jp/,東京都港区赤坂3-11-15 VORT赤坂見附2F,
森永税理士事務所,http://nagahoribashiekimae.q-tax.jp/,大阪府大阪市中央区南船場1-11-9長堀八千代ビル6階,
柴田公認会計士・税理士事務所,http://mscpa-tax.com/,東京都荒川区西日暮里2-26-9　STビル3F,
新妻公認会計士・税理士事務所,http://www.niizuma-cpaoffice.jp/,東京都品川区東五反田1-10-7　アイオス五反田ビル308号,
大屋晃税理士事務所,https://www.cskaikei.com/,東京都渋谷区東3-18-5YEBIS AWAYA BILD 4F,
神楽坂公認会計士税理士事務所,http://www.shinjuku-ku-kagurazaka-tax-cpa.com/,東京都新宿区矢来町110−3 宮川ビル3階,
税理士法人ヴィジョン・サポート,http://www.vision-support.jp/,神奈川県相模原市南区上鶴間本町9-5-8-105,
公認会計士・税理士 坂口美穂事務所,http://www.obu-cpa.jp/,愛知県大府市長草町中屋敷23-6,
税理士法人さくら中央会計,http://www.kamiya-ao.net/,長野県上伊那郡宮田村157,
星野公認会計士事務所,http://www.hoshinocpa.com/,栃木県宇都宮市簗瀬3-32-3,
鳥越明公認会計士税理士事務所,http://www.trks.jp/,兵庫県西宮市産所町4番8号 村井ビル,
吉野康幸税理士事務所,http://www.yoshinokaikei.com/,埼玉県さいたま市桜区西堀2丁目１３番１０号,
税理士法人ティータック,http://www.zaimu.co.jp/,愛知県犬山市松本町2-102,
福島会計事務所,http://www.fukushimakaikei.com/,東京都千代田飯田橋4-1-1 飯田橋ISビル5F,
公認会計士・税理士中村孝事務所,http://www.t-nakamura-kaikei.com/,東京都大田区新蒲田1-11-4,
ライトハウス税理士法人,http://www.lighthouse-tax.jp/,神奈川県厚木市水引1－1－6　サミット厚木ビル4F,
税理士法人T&S　草加事務所,https://masukokaikei.tkcnf.com/office,埼玉県草加市旭町2-4-15,
牛尾税務会計事務所,http://www.ushiokaikei.jp/,埼玉県三郷市早稲田2-17-18シャトービル2F,
仙田会計事務所,http://www.sendakaikei.com/,愛知県名古屋市天白区元植田三丁目２２０１番地,
山本信春税理士事務所,http://www.n-yama.com/,広島県福山市神辺町字徳田1167番地9,
小川維佐雄税理士事務所,http://www.chuujyo.com/,島根県浜田市長沢町3282,
山本公認会計士・税理士事務所,http://www.minatoc.co.jp/,東京都港区南青山1-3-1 パークアクシス青山一丁目タワー1413,
大橋規克税理士事務所,http://www.ohashi-kaikei.com/,東京都港区南青山６－１２－３南青山ユニハイツ＃４０６,
昭和税理士法人,http://www.showa-tax.or.jp/,神奈川県川崎市多摩区登戸2977番地 古舘ビル５、６階,
井手税務会計事務所,http://www.idezei.com/,神奈川県横浜市神奈川区入江２－１５－３２,
坂本税務会計事務所,http://www.sakamoto-kaikei.com/,埼玉県加須市土手2丁目8番16号,
税理士法人ルベール,https://www.lver-tax.com/tkc-office,埼玉県上尾市原新町１５－１７ERビル１F,
久納公認会計士事務所,http://www.kunoh-kaikei.com/,愛知県名古屋市中区栄3-27-33 ロータリー栄ビル 2F,
税理士法人 安藤会計,http://www.andou-kaikei.com/,愛知県名古屋市名東区石が根町33-1,
丸木公認会計士事務所,http://www.kmao.jp/,愛媛県松山市宮田町１３９－１４,
あさくら税理士法人（稲葉公認会計士事務所）,http://www.inaba-cpa-office.com/,福岡県朝倉市堤907-1,
税理士法人ティア－ルワイ,http://www.try-tax.jp/,神奈川県厚木市旭町２－７－２６,
株式会社覚王山総研,http://www.kakuozan-tokyo.com/gaiyou.html,愛知県名古屋市中区丸の内3-19-14　林敬ビル2F,
平山寿則税理士事務所,http://www.keiei.com/,長崎県長崎市古川町5-20 クリサンセマム菊島201号,
株式会社あかつき会計東京,http://www.akatsuki-tokyo.jp/,東京都中央区八丁堀2-15-5　第5三神ビル 4階,
楢谷清美税理士事務所,http://www.naratani.jdlibex.jp/page2.html,岐阜県各務原市三井北町3-59-3　ルネスユートピア101,
佐藤康昌税理士事務所,http://www.sato-zei.net/index.html,東京都世田谷区深沢2-9-20クレードル駒沢公園303,
信和税理士法人,http://shinwa-tax.com/,鹿児島県鹿児島市南林寺町21番20号,
須崎会計事務所,http://suzaki-kaikei.com/,東京都北区西ヶ原2丁目40番6号,
税理士西塚事務所,http://nishizukajimusho.com/,東京都中央区銀座7-12-4 友野本社ビル 302,
野畑忠好税理士事務所,http://www.nobata-kaikei.com/,岐阜県岐阜市入舟町２丁目１１番地,
ハル税理士法人,http://hal-tax.or.jp/,愛知県名古屋市千種区仲田二丁目8番1号,
大城眞徳税理士事務所,http://www.masism.com/,沖縄県浦添市伊祖1-33-1　牧港建設第二ビル3F,
大滝裕子税理士・行政書士事務所,http://yozeiri.net/,北海道札幌市中央区北12条西23丁目2-5 Ｓ．Ｄ．Ｃ．北12条ビル5F,
北坂税理士・社労士事務所,http://www.kitasaka.jp/,山口県宇部市新町9-24,
山崎豊文税理士事務所,http://yamasan-z.com/,大阪府寝屋川市出雲町3-3シャンテッセ出雲103号室,
福田税務・労務合同事務所,http://www.fukuda-j.com/aboutus/,福岡県福岡市城南区鳥飼5-20-11 ニューストリートビル,
税理士法人あかり会計,http://www.akari4.com/,北海道札幌市中央区南4条西6丁目晴ばれビル5階6階,
大林税理士事務所,http://www.obayashi-kaikei.com/,北海道滝川市東町2丁目4番15号,
株式会社大沢会計&人事コンサルタンツ,http://www.osawakaikei.co.jp/,岩手県盛岡市天昌寺町7-25,
加藤公認会計士・税理士事務所,http://kato-cpafirm.com/,東京都世田谷区池尻２丁目31-18-805,
浪花税務・会計事務所,http://www.naniwa-office.com/,京都府京都市下京区中堂寺庄ノ内町,
ホームオフィス仙台税理士法人,http://hostax.jp/,宮城県仙台市青葉区大町1丁目2番地16号 大町カープビル2階,
税理士事務所スマイルパートナー,https://smilepartner-tax.com/,高知県高知市栄田町3丁目12-19 ポルテス1階東,
森島公認会計士事務所,http://mori-kai.com/,岡山県岡山市南区彦崎2910-3,
八木健人税理士事務所,http://www.sya-yagi.com/,静岡県静岡市葵区上足洗１丁目８番２２号,
藤原会計事務所・さいとう社会保険労務士事務所,http://ftax.biz/,山梨県甲府市川田町アリア203,
丸山会計事務所,http://mktax.net/,山梨県韮崎市藤井町南下条520番,
柿沼CPA税理士事務所,http://kakinuma-cpatax.s2.weblife.me/,神奈川県横浜市磯子区汐見台2-5-13,
北野純一税理士事務所,https://keimei.tkcnf.com/,香川県高松市檀紙町1648ｰ6 カヘイビル1階,
木永会計事務所,http://www.kinaga.co.jp/,熊本県熊本市北区楠7丁目1-66,
KSC会計事務所,http://www.ksc-kaikei.com/,北海道札幌市南区澄川四条2-3-25エクセル澄川403号,
長谷川晃一税理士事務所,http://www.hasegawa-taxoffice.com/,神奈川県川崎市幸区柳町３６−８,
長公認会計士事務所,http://www.chou-acctg.com/,福岡県福岡市中央区天神3-4-5　ピエトロビル6階,
檜山税理士事務所,http://www.hiyama-tax.com/,東京都大田区西蒲田7-31-9　蒲田ＴＫハイツ２Ｆ,
畑中税理士事務所,http://asuka-fp-labo.net/,奈良県橿原市東坊城町964番地11号,
塩川税理士行政書士事務所,http://www.taxkobe.com/,兵庫県神戸市中央区元町通4丁目5番10号明賢元町ビル302号,
木元税務会計事務所,http://www.kimotokaikei.com/,東京都足立区千住仲町19-6マンション和光805号室,
株式会社アーク会計,http://www.arkkaikei.com/,福島県いわき市内郷小島町字花輪１６,
税理士法人赤津総合会計,http://www.akatsutax.com/,栃木県宇都宮市鶴田一丁目9番1号,
坂本会計事務所,http://www.skj1.com/,神奈川県川崎市高津区下作延5-3-3 上の橋丸定202号,
齋藤税理士事務所,http://www.saito777.com/,神奈川県横浜市港南区港南台2-1-16-701,
澤田税理士事務所,http://www.sd-csl.com/,神奈川県横浜市西区高島2-10-13　横浜東口ビル901,
さいたま新都心税理士法人,http://www.saitama-shintoshin.or.jp/,埼玉県さいたま市中央区新都心4-3ウェルクビル5階,
久野裕史税理士事務所,http://www.kuno-kaikei.jp/,愛知県名古屋市昭和区鶴舞二丁目1-17　鶴舞南ビル5階,
岡本会計事務所,http://www.okamoto-tax.com/,愛知県豊田市高岡町竹後13番地2,
宮園修輔税理士事務所,http://www.miyazono-ac.jp/,兵庫県三木市与呂木683-315,
呉屋悟空税理士事務所,http://www.goku-zeirishi.com/,沖縄県浦添市字前田603番地1-1F,
田中良武税理士事務所,http://www.ytoffice.com,東京都武蔵野市吉祥寺本町3-2-13コム・コールデコット102号,
税理士法人裏木総合会計,http://www.urakisougou.com/,神奈川県横浜市南区井土ヶ谷下町28-28,
田中会計事務所,http://www.tanakakaikei.com/,長崎県長崎市赤迫３丁目２番２号　シップスワンビル,
加藤輝守税理士事務所 有限会社加藤会計社,http://www.katozeirishi.jp/,新潟県糸魚川市南寺町3-7-7,
公認会計士・税理士萩谷孝男事務所,http://www.hagiya.joso.jp/,茨城県常総市水海道山田町4567番地,
税理士法人IBC事務所,http://ibcjimusho.jp/,茨城県土浦市木田余西台2-66-301　IBCビル3Ｆ,
中島祥貴税理士事務所,http://www.e-gyouseisyoshi.com,東京都港区六本木4-1-1 第二黒崎ビル6階,
税理士法人山本総合会計,http://yamamoto.zei-mu.com/,東京都目黒区碑文谷5-12-1　TS碑文谷ビル2F,
佐々木順子税理士事務所,http://www.js-cpta.ne.jp/,東京都中央区銀座5丁目6番6号　尾張屋銀座ビル4F,
税理士法人アドヴァンス会計,http://www.advance-tax.com/,東京都世田谷区太子堂1-12-39 三軒茶屋堀商ビル７階,
税理士法人トップ会計事務所,http://www.topms.co.jp/,神奈川県川崎市川崎区駅前本町11番地2 川崎フロンティアビル12階,
菊原会計事務所,http://www.kikuhara-kaikei.com/,神奈川県横浜市神奈川区平川町1-23,
税理士法人仲田パートナーズ会計,http://www.nakada-partners.or.jp/,神奈川県横浜市港北区綱島西1－17－22,
税理士法人 柳澤毛利会計　川口事務所,http://www.aykaikei.jp/,埼玉県川口市幸町1-3-31ライオンズシティ川口211,
税理士法人心,http://www.chousa.ac/,愛知県名古屋市中村区椿町１４－１３　ウエストポイント７Ｆ,
鈴木健哲税理士事務所,http://www.tax39.com/category/1545353.html,愛知県名古屋市守山区大森二丁目2029,
広段一幸税理士事務所,http://www.hm-g.co.jp/,愛知県岡崎市上地6-26-11,
南出会計企画事務所,http://oosakazeirisi.com/,大阪府大阪市中央区南本町3-3-23インペリアル船場1001号,
福長俊之税理士事務所,http://www.tax-no1.com/,大阪府大阪市淀川区十三元今里1-9-30,
税理士法人小谷会計,http://www.yotax.jp/,東京都港区南青山5丁目1番18号 ボヌール青山4階,
税理士法人大高事務所,http://www.otctax.com/,京都府八幡市男山松里12-32,
豆本義弘税理士事務所,http://www.toumoto.jp/,富山県高岡市二塚722,
高谷廣治税理士事務所,http://www.eskobe.com/,兵庫県神戸市中央区三宮町2-5-1-703号,
池端税理士事務所,http://www.ikebata.com,兵庫県神戸市垂水区五色山２－１－１４,
三保俊輔税理士事務所,http://www.sinrai-r.com/,広島県広島市東区光町1-12-20もみじ広島光町ビル3F,
杉山会計事務所,http://www.sugiyama-kaikei.jp/,広島県広島市安佐南区中筋二丁目5-25-201,
高橋会計事務所,http://www.tk-21.jp/,愛知県名古屋市千種区今池五丁目２８番地２４号,
税理士 齋藤康之事務所,http://www.zei-saito.com/,東京都新宿区新宿1-36-5　ラフィネ新宿401号室,
くのり会計事務所,http://www.kunorioffice.com/,東京都港区浜松町1-8-6　第三辻ビル3階,
中央会計事務所,http://www.chuokaikei.com/,東京都千代田区神田須田町1-5　KSビル10階,
税理士法人原会計事務所,http://www.harakaikei.com/,東京都中央区八丁堀4-13-1,
中野まさひと税理士事務所,http://www.hagakure-zeirishi.com/,千葉県市川市広尾1－6－16,
税理士法人あさひ東京本部,http://www.asahi-tokyo.jp/,東京都葛飾区亀有3-38-1,
阿部義史会計事務所,http://www.mutsuguruma.com/,東京都文京区西片1-19-9西片グリーンマンション302,
税理士法人筒井会計　筒井俊文公認会計士事務所,http://www.tutui-cpa.com/,長野県諏訪市湖岸通り4-2-4,
公認会計士堀合事務所,http://www.hao.gr.jp/horiai-jimusyo/index.html,東京都台東区台東1-26-10　中山ビル201号室,
高嶋公認会計士事務所,http://www.t-kaikei.co.jp/,東京都品川区東品川2-2-25　品川天王洲タワー1402号室,
アミール税理士法人,http://www.amiell.jp/,東京都大田区大森北1丁目11-1　柳原大森ビル,
柳公認会計士税理士事務所,http://www.yanagi-office.jp/,東京都世田谷区東玉川1丁目1番1号,
平田浩一会計事務所,http://hirata-cpa.com/,神奈川県川崎市中原区上新城２－１１－２０ 第一井上ビル２Ｆ,
税理士法人桜友会計社 高橋事務所,http://takahashi-ac.com/,神奈川県横浜市神奈川区神之木町2-35-101,
安西・田中税理士法人,https://www.at-mebius.com/office,神奈川県横浜市西区高島2-6-32横浜東口ウィスポートビル8階,
田村哲朗税理士事務所,http://www.zeirishi.or.jp/,神奈川県鎌倉市大船３丁目２番１１号大船メディカルビル3F,
徳重豊一税理士事務所,http://www.toku-zei.com/,千葉県浦安市入船４－３１－１４,
税理士法人小滝会計,http://www.kotakikaikei.jp/,埼玉県さいたま市浦和区高砂1-2-1エイペックスタワー浦和　オフィス西館306号,
ジーフロー税理士法人,http://ebara-tax.com/,愛知県東海市荒尾町下平井73,
岩崎会計事務所,http://www.iwasaki-kaikei.com/,愛知県名古屋市緑区鳴海町山下4-1,
杉本公認会計士・税理士事務所,http://www.sugimotocpa.com/,静岡県静岡市葵区水落町13-1,
波多野光裕税理士事務所,http://www.hatano-kaikei.com/,岐阜県岐阜市則武西2丁目20番10号,
菅原会計税理士法人,http://www.sannet21.co.jp/,三重県鈴鹿市西条5-40-1,
みずかぜ会計事務所,http://hayashida-kaikei.com/,大阪府大阪市浪速区難波中1-13-5 タイヨービル4階,
山口会計事務所,http://www.bizup.jp/member/yamaguchi/,大阪府東大阪市瓜生堂３丁目８番１３号　奥田ビル３階,
尾碕会計事務所,http://www.ozaki-tax.com/,大阪府大阪市都島区中野町2-1-18 　グランピア中野１F,
あさひ合同税理士法人　仲事務所,http://www.naka-kaikei.co.jp/,大阪府茨木市新庄町２－１８ 冨永ビル２階,
手島設夫税理士事務所,http://www.teshima-zeirishi.com/,兵庫県川西市小花2丁目11番25 コーポラスユニ303,
Apro's税理士法人,http://www.hayashi-kaikei.com/,大阪府枚方市大垣内町3丁目9番20号,
照山事務所グループ,http://www.teruyama.com/,京都府京都市左京区修学院沖殿町23-4,
小杉將之税理士事務所,http://kyotoshimogamo.q-tax.jp/office/,京都府京都市左京区下鴨本町12-3 洛北ビル3F,
熊谷宏臣税理士事務所,http://www.kumagai-tax.com/,京都府宇治市大久保町上ノ山41番地1アクラスビル6階,
エス・タックスパートナーズ,http://www.s-tax.com/,東京都文京区小石川1-3-11ライジング後楽園ビル4階,
新開税理士事務所　株式会社 新開経営センター,http://shinkai-tma.com/,広島県広島市中区中町6番30号　広テレプラザ4F,
税理士法人 至誠パートナーズ,http://www.okamura2010.com/,福岡県福岡市博多区博多駅東2丁目4番30号いわきビル7階705号,
林利恵税理士事務所,http://www.hayashi-office.com/,福岡県福岡市中央区薬院4-1-7　薬院プライムビル205（旧：小倉興産薬院ビル・ジェストビル）,
税理士法人 福田・安斎事務所,http://fukuda-cpa.gr.jp/,東京都台東区上野1丁目１９番１０号 上野広小路会館９階東側,
上杉雅明税理士事務所,http://www.uesugi-acc.co.jp/,福島県会津若松市城前９番２５号,
藤井茂男税理士事務所,http://www.fujii-office.jp/,東京都新宿区西新宿7-18-5　中央西新宿ビル4F,
孫税理士事務所,http://www.taxandacc.com/,東京都千代田区鍛冶町1-7-11　KCAビル9F,
小山至誠税理士事務所,http://www.koyama-ac.com/,上鶴間本町1-35-32,
村田敏宏税理士事務所,http://www.murata-office.net/,神奈川県横浜市神奈川区鶴屋町2-21-8 第1安田ビル7F,
村田由美子綜合事務所,http://www.muratayumiko-office.jp/,神奈川県横浜市中区尾上町3-35　横浜第一有楽ビル2階,
梨本･長島税理士法人,http://www.nashimotozeirishi.jp/,埼玉県幸手市東２－８－６,
木藤輝税理士事務所,http://kt-cpta.jp/,鹿児島県鹿児島市上之園町14-7　ファウンテンテラス鹿児島中央102,
菅原正明公認会計士・税理士事務所,http://www.sugahara-cpa.jp/,大阪府大阪市中央区南久宝寺町3-1-8　MPR本町ビル8階,
Ark税理士法人,http://ark-tax.com/,大阪府大阪市北区豊崎5-2-22 メジャーライフ豊崎5F,
中真一税理士事務所,http://www.zeirinaka.com/,奈良県大和郡山市塩町39,
益川公認会計士事務所,http://masukawa-cpa.com/,愛知県名古屋市中区錦3-11-25 アーク栄錦ニュービジネスビル514,
税理士法人エム・エイ・シー,http://www.mac-tax.or.jp/,福岡県福岡市博多区博多駅東1丁目18番25号第五博多偕成ビル9F,
星野会計事務所,http://www.e-armo.jp/,東京都品川区南品川５－３－２３,
安藤会計事務所,http://www.andokaikei-kasugai.jp/company.html,愛知県春日井市東野町3-10-1,
Cenxus Group（センクサスグループ）,http://www.cenxus.co.jp/,東京都港区赤坂1丁目12番32号アーク森ビル30階,
原 浩一公認会計士税理士事務所,http://www.zeirishi-esc.com/,埼玉県富士見市ふじみ野東1-11-4　オリンピア1F,
早稲田公認会計士・税理士事務所,http://waseda-kaikei.net,愛知県瀬戸市東松山町5-5,
税理士法人トライ,http://www.try.jdlibex.jp/,岐阜県岐阜市菅生1丁目5番15号,
税理士法人アイリス,http://www.iris-tax.jdlibex.jp/index.html,埼玉県さいたま市大宮区櫛引町1-69-3,
東京RS税理士法人　海老原会計事務所,http://www.ebihara-tax.jp/,東京都江戸川区東小岩6-21-3,
税理士法人合同経営会計事務所,https://godokk.net/,福井県福井市西開発１丁目２５０３番地１,
土谷税務会計事務所,http://www.tsuchiya-tax.com/,埼玉県蕨市塚越2丁目14番7-103号,
辻野税理士事務所,http://www.zet-tax.com/,大阪府大阪市天王寺区寺田町1-7-7-601,
TKD総合会計事務所,http://www.tkd-sogo.com/,大阪府大阪市東淀川区瑞光4-1-3,
北條税理士事務所,http://www.hojolta.jp/,大阪府大阪市中央区安堂寺町2-7-2-101,
塚原和恵税理士事務所,http://kaisyasetsuritsu-matsumoto.com/,長野県松本市蟻ケ崎2-5-25　アイアンビル3階,
税理士法人　あおば会計事務所,http://www.aobakaikei.jdlibex.jp/page2.html,愛知県名古屋市中区栄五丁目26番3号,
合同会社Aoba Partners,http://www.aoba-partners.com/,東京都新宿区西新宿7-20-1　プラティーヌ西新宿1401,
松浦税理士事務所,http://tax24.jp/,神田神保町3丁目25-11喜助九段ビル302号,
税理士法人 池田総合会計事務所,http://ik-tax.com/,埼玉県蕨市南町4-7-8,
横浜会計 嶋田勝文税理士事務所,http://shimadazeirishi.com/,神奈川県横浜市西区浅間町1-4-3　ウィザード701,
中山藤男税理士事務所,http://f-naka.net/,千葉県千葉市緑区誉田町2-25-29　エクセル誉田301号,
坂元公認会計士・税理士事務所,http://www.sakamotokaikei.jp/,宮崎県小林市細野474-1,
井上二郎公認会計士事務所,http://www.inoue-accounting.com/,福岡県福岡市中央区大手門3丁目4番22号OMビル５階,
櫻井税理士事務所,http://sakurai.zei-mu.com/,東京都江戸川区西小岩3-19-5,
ABC税理士法人,http://www.abc-tax.jp/,東京都荒川区西日暮里2-49-5光工芸社ビル3階,
千代田国際公認会計士共同事務所,http://www.chiyodacpa.jp/,東京都千代田区神田錦町3-17廣瀬ビル9階,
坂本守税務会計事務所,http://www.sakamoto.gr.jp/,東京都渋谷区千駄ヶ谷1-23-6　サンビューハイツ北参道203号,
東海林会計事務所,http://www.shojikaikei.jp/,東京都中央区日本橋堀留町1-11-10 堀留ファーストビル2Ｆ,
齋藤三喜男税理士事務所,http://www.saitou-tax.biz/,埼玉県さいたま市北区宮原町3-293-3　大場ビル1階,
坂井孝能税理士事務所,http://komaki.q-tax.jp/,愛知県小牧市常普請1-250,
田辺高敏税理士・行政書士事務所,http://www.tanabezeirisi-houmu.com/,福岡県うきは市吉井町富永1866-6,
谷幹夫税理士事務所,http://tani.hokkaido.jp/,北海道札幌市北区北24条西3丁目1-7　商工センタービル４F,
佐々木税理士事務所,http://sasaki-kaikei.net/,千葉県我孫子市中峠台28-16,
浅田会計事務所 ・ 税理士事務所,http://asadakaikei.com,東京都豊島区南池袋2-19-2 ユニーブル南池袋502,
山本展也税理士事務所,http://www.yamaj.jp/,東京都渋谷区宇田川町2-1　渋谷ホームズ508,
谷丸会計事務所,http://tanimaru.jp/,大阪府大阪市中央区今橋2丁目3-16THE LINKS KITAHAMA 内,
税理士法人 植村会計,http://uemura-cpa.jp/,東京都港区六本木6-2-31 六本木ヒルズノースタワー F17,
綱木保利税理士事務所,http://www.brains-t.co.jp/,北海道苫小牧市日吉町2丁目10番4号,
税理士法人 土田総合会計,http://tsuchida-sogokaikei.com/,三重県四日市市茂福160-1,
清田道子税理士事務所,https://office-kiyota.jp/,熊本県宇城市不知火町御領325-1,
税理士法人 北九州総合会計,http://omc-inc.co.jp/,福岡県北九州市小倉北区萩崎町10-15,
猪股税務会計事務所,http://zeim.jp/,東京都中央区日本橋本町1-4-2 高砂ビルⅠ 2F,
税理士法人SVC,http://www.svc-tax.com/,東京都武蔵野市境南町2-5-9 ステイタス武蔵野101,
アイシスネオ会計 税理士法人,http://isis-neo.com/,新潟県新潟市上大川前通4番町32番地1,
城間源哲税理士事務所,http://kaikou.net/s-gzei/index.htm,沖縄県宜野湾市真志喜1丁目2番7号,
中野公認会計士事務所,http://www.nakano-cpa.com/,京都府京都市上京区今出川通小川西入飛鳥井町268番地,
野部保税理士事務所,http://best72.info/,埼玉県草加市両新田西町393-17,
税理士法人東京会計,http://tokyo-kaikei.jp/,東京都港区新橋5-28-7 新橋安達ビル6F,
池田会計事務所,http://ikeda-act.jp/,大阪府堺市堺区市之町東2丁2番23号,
石上俊彦税理士事務所,http://www.ishigamikaikei.jp/,静岡県静岡市葵区呉服町一丁目１番地の14呉服町圭田ビル２階,
深沢邦秀税理士事務所,http://humanoffice.net/,山梨県甲斐市玉川199-8,
北野信成税理士事務所,http://www.kitano-office.com/,大阪府岸和田市大町１丁目７番５号,
吉本順於税理士事務所,http://www.office-ytax.com/,岡山県岡山市中区倉田716-3,
内田税理士事務所,http://www.uchida-taxoffice.com/basic/profile.html,山口県山口市小郡上郷３７９８番地,
税理士法人 木原事務所,http://www.kiharatax.com/basic/profile.html,愛媛県今治市桜井5-11-39,
太田公認会計士事務所,http://www.ohta-cpa-sapporo.com/,北海道札幌市北区北7条西4丁目 第5道通ビル602,
鈴木修二税理士事務所,http://suzuki-jimusho.com/,北海道札幌市白石区中央二条1-5-50浅沼ビル4F,
碓井公認会計士事務所,http://www.cpa-u.jp/,東京都台東区浅草2-1-2-2F,
税理士法人倉持会計,http://yaegaki-japan.com/,埼玉県川口市戸塚3丁目22−10,
根岸税務会計事務所,http://www.negishi-kaikei.net/,東京都新宿区高田馬場四丁目１２番１１号,
佐藤明博税理士事務所,http://youchien-kaikei.com/,埼玉県さいたま市南区別所7-18-13-106,
豊岡・茂垣税務会計事務所,http://toyooka-tax.tkcnf.com/,千葉県市川市湊新田1-14-2　2階,
伊東税理士事務所,http://www.office-itoh.net/,兵庫県神戸市中央区磯辺通2丁目2番3号 フジ磯辺ビル401号室,
奥村税理士行政書士事務所,http://www.okumurazeirisi.com/,鹿児島県鹿児島市小川町12-8,
音瀬泰彦税理士事務所,http://otosetax.jp/,徳島県徳島市南内町1丁目38番地,
戸田税理士事務所,http://www.toda-office.com/,熊本県熊本市中央区紺屋阿弥陀寺町10番地 千里殖産ビル2B,
税理士法人アラタ,http://www.yoshidakeiei.com/,高知県高知市二葉町4番8号,
川越税理士事務所,http://kawagoshi.tkcnf.com/,高知県高知市針木本町2番6号,
税理士法人佐賀総合会計,http://www.sgatax.or.jp/,佐賀県佐賀市白山2丁目8-10,
浜野絢也税理士事務所,http://saitamasouzoku.jp/,埼玉県さいたま市岩槻区愛宕町2-19-1,
兵藤税理士事務所　兵藤社会保険労務士事務所,http://www.hyodo-tax.jp/,埼玉県さいたま市南区曲本5-8-18,
あおぞら資産相談室,http://www.aozora-ac.jp/,香川県高松市丸亀町13番地3丸亀町参番街東館6F,
三木会計事務所,http://miki-tax.com/,香川県高松市丸の内10-21,
えひめ税理士法人,http://www.ehime-zeirishi.com/,愛媛県松山市勝山町1丁目78番地1スカイタワー勝山202号,
稲葉・高橋税理士法人,http://www.inabakaikei.net/,静岡県静岡市葵区昭府一丁目21-23,
安本吉宏公認会計士税理士事務所,http://www.zeirishi-shizuoka.com/,静岡県静岡市葵区本通1丁目3-5　フェリス本通り201,
和田正雄税理士事務所,http://www.wada-zei.com/,静岡県富士市水戸島元町14-18　WELL‘S HILL 1-E,
深尾健太郎税理士事務所,http://fukao-office.com/,静岡県静岡市葵区伝馬町3-1　5階,
税理士法人しんかわ会計,http://shinkawakaikei.com/,神奈川県川崎市川崎区新川通５－４,
税理士法人石島会計,http://www.ishijimakaikei.com/,栃木県宇都宮市北一の沢町７−８,
斉藤会計事務所,http://www.saitokaikei.jp/,山梨県甲府市山宮町2565-3株式会社アイシーティ内201号,
小池織嗣税理士事務所,http://ok-tax.com/,山梨県南都留郡富士河口湖町船津 1380-1,
豊岡桃太税理士・FP事務所,http://www.abc-advisers.com/,山梨県甲州市塩山藤木1890-1,
曽根会計事務所,http://sonekaikei.info/,愛知県名古屋市中区丸の内3-18-12ラフォーリア7F,
苅谷税理士事務所,http://www.kariya-tax.com/,千葉県千葉市緑区誉田町2-24-345,
税理士法人 日根野会計事務所,http://www.hineno-ao.com/,大阪府大阪市中央区南新町2-3-7塚本ビル7F,
税理士法人阿比留会計事務所,http://abiru-zeirishi.or.jp/,福岡県福岡市中央区渡辺通3丁目6番15号 NMF天神南ビル5階,
税理士法人ほんまち会計,http://www.tax-honmachi.com/,石川県金沢市本町1丁目2番61号ムサシ53ビル4階,
福田和晃税理士事務所,http://fukuda-tax.info/,京都府京都市中京区西ノ京両町1－45,
大野喜雄税理士事務所,http://www.oono-tax.jp/,宮城県仙台市青葉区堤通雨宮町3-18ライオンズマンション1203号,
横尾会計事務所,https://www.tkcnf.com/yokookaikei/,佐賀県佐賀市神園三丁目4番24号,
岡田泰税理士事務所,http://www.z-okada.com/,東京都荒川区西日暮里5丁目14-10 サンライズビル3,
倉持智明税理士事務所,http://medit.e-const.jp/,東京都荒川区西日暮里2-29-1-205（ｱﾄﾗｽ日暮里ｳｴｽﾄﾚｼﾞﾃﾞﾝｽ）,
和久田浩二税理士事務所,http://www.wakutax.jp/,岐阜県岐阜市美園町1-9,
仲山税理士事務所,http://www.nakajimu-tax.jp/,東京都板橋区板橋2-63-4-305,
イクシス法務会計総合事務所,http://www.kaisha-ixys.com/,東京都豊島区西池袋1-2-1 アウルスクエア4階,
エクセライク会計事務所,http://xn--u9j706h62dhwerp0bxthrj7a.com/,東京都豊島区東池袋4-21-1　OWL TOWER OFFICE 3階,
金子税務会計事務所,http://www.kaneko-kaikei.com/,東京都大田区大森西3-14-16,
冨岡潤一税理士事務所,http://www.tomioka-tax.com/,東京都荒川区西日暮里2-21-6　プロスペール日暮里 602号,
小林隆行税理士事務所,http://www.kobazei.net/,東京都練馬区東大泉3-23-12,
小嶋税務会計事務所,http://kojimaz.jp/,東京都港区新橋6-19-21 ミドリヤビル5階,
竹口税理士事務所,http://rise-ac.jp/,東京都渋谷区代々木1-38-2ミヤタビル702,
鈴木敏夫税理士事務所,http://www.suzuki-tax.org/,東京都新宿区高田馬場3-19-14　中井ビル301号室,
植﨑茂税理士事務所,http://su-tax.com/,東京都台東区東上野1-28-9 キクヤビル2F,
三村会計事務所,http://www.pro-tax.jp/,東京都豊島区駒込1-14-7　パ-クサイド木下201号,
エミタス総合事務所,http://www.emitas-tax.jp/,大分県別府市若草町１０−１５共立ビル２Ｆ,
有田信行税理士事務所,http://www.kaisyasetsuritsu-miyazaki.com/,宮崎県宮崎市松橋1丁目8番24号テルスビル4階A号,
藍税理士法人,http://www.aitax.or.jp/,茨城県水戸市柵町1-5-13,
岡田雄一郎税理士事務所,http://okada-tax-accounting.com/,群馬県前橋市六供町６５１番地１,
タクミ税理士法人,http://www.takumi-tax.or.jp/,滋賀県大津市唐崎3丁目18-22,
永山孝男税理士事務所,http://www.tn-zeirishi.jp/,東京都葛飾区白鳥4ｰ1ｰ24　白鳥ﾀﾞｲﾔﾓﾝﾄﾞﾏﾝｼｮﾝ1号館101号室,
猪瀨将一税理士事務所,http://inose-tax.com/,東京都港区元麻布二丁目14番21-104号　L.M MOTOAZABU,
税理士法人カデンツ,http://www.cadenz-edogawa.jp/,東京都江戸川区篠崎町7-29-11  メナーしのざき303,
税理士法人茂木会計事務所,http://www.mogikaikei.net/,東京都杉並区荻窪5-25-6,
佐藤修治税務会計事務所,http://shuji-zeimukaikei.com/,東京都千代田区内神田2-15-15　竹橋ビル503,
藤和税理士法人,http://www.touwa-ac.com/,大阪府大阪市浪速区難波中3丁目5番7号　藤和ナンバビル3階,
播谷慶弘税理士事務所,http://www.haritax.jp/,大阪府大阪市淀川区宮原4-1-45 新大阪八千代ビル7階,
税理士法人細田会計事務所,http://www.bizup.jp/member/hosoda/,東京都足立区綾瀬5-1-14 H-Base 3F,
木村武宏税理士事務所,http://www17.plala.or.jp/kimura-tax/,埼玉県さいたま市南区辻3-3-2　B-401,
内山俊雄税理士事務所,http://www.uchiyamazeirisi.jp/pc/,茨城県ひたちなか市高場3-20-27,
サープラス税理士法人,http://www.surplus.or.jp/,東京都新宿区市谷台町5-1　市ヶ谷台Mビル2階,
石井税務会計事務所,http://ishiikaikei.jp/,千葉県市川市高石神33-21,
税理士法人第一会計,http://www.1st-co.jp,大阪府大阪市北区天満2-7-22 コム コム,
西川一博税理士事務所,http://www.nishikawa-tax.jp,大阪府大阪市福島区鷺洲3丁目5番3号,
栗田会計事務所,http://www.kuritakaikei.com/,北海道帯広市西1条南1丁目９,
安藤一夫税理士事務所,http://www.andou-tax.jp/,愛知県名古屋市中村区竹橋町5番5号 さかえビル3階,
清水隆広税理士事務所,http://www.shimizukaikei.com/,愛知県名古屋市西区城西4-22-11 Cube220,
亀田裕志税理士事務所,http://startup.kameda-tax.com/,大阪府大阪市中央区南本町2丁目3番12号 EDGE本町3Ｆ  THE CODE　内,
小林税務会計事務所,http://www.kobayashihitoshi.net/,東京都文京区千石1丁目18番2号,
松山真美税理士事務所,http://mami-matsuyama.com/,神奈川県川崎市麻生区上麻生2-23-26,
税理士渡邉広恵事務所,http://www.zei-watanabe.com/,埼玉県越谷市レイクタウン7-3-48,
臼井俊英税理士事務所,http://usuikaikei.jp/,埼玉県春日部市大畑295-13,
ながた税理士事務所,http://www.nagatax.jp/,愛知県豊橋市西幸町字浜池３３３－９,
税理士法人内山会計,http://www.uchiyamakaikei.com/,愛知県豊橋市牛川通　2-10-5,
税理士法人タックスワン中部,http://www.taxone.or.jp/,愛知県豊橋市小畷町374,
渡邉成記税理士事務所,http://www.tax-watanabe.jp/,福岡県北九州市八幡東区中央2丁目24-5芳賀ビル別館3F,
丸尾税理士事務所,http://www.maruotax.com/,東京都中央区銀座2-10-8 マニエラ銀座ビル4階,
村田税理士法人,http://murata-zei.jp/,大阪府四条畷市美田町19番26号,
おとめ会計事務所,http://www.otome-tax.com/,東京都港区高輪2-16-52-204,
丹羽英介税理士事務所,http://double-wing.jp/,愛知県名古屋市名東区藤見が丘6番地セントラルスクエア301号,
株式会社ガルドゥ,http://tokyo-kichoudaikou.com/,東京都港区虎ノ門3丁目14番１-1506号,
東京スタートアップ会計事務所,http://tokyo-startup.com/,東京都大田区下丸子１－８－１４白﨑ビル２階,
わかさ税理士法人,http://www.wakasa-tax.com/,東京都世田谷区新町3丁目18番5号スピカ桜新町101号,
GrowthPartners税理士法人,http://growth-partners.jp/,東京都中央区日本橋室町四丁目3番18号東京建物室町ビル8階,
松葉税理士事務所／自由が丘法務行政書士事務所,http://www.matsubakaikei.com,東京都目黒区自由が丘2丁目11-10,
ネクストウィル・コンサルティング株式会社,http://www.nextwill.co.jp/about/company.php,東京都港区赤坂7丁目9番4号　赤坂Vetoro 3階,
税理士法人 栁澤会計,https://www.tax-yanagisawa.net/,長野県茅野市本町西1-40,
税理士法人銀河,http://ginga-tax.jp/,大阪府大阪市福島区海老江7-3-4,
税理士法人ALMA,http://www.alma-tax.or.jp/about/,東京都新宿区新宿六丁目29番7号 ウィステリアウッズ501号,
Nextstage税理士事務所,http://nextstage-office.jp/,東京都新宿区四谷1-18-12 坂本屋ビル401,
光本裕司税理士事務所,http://www.mitsumoto-kaikei.com/,三重県四日市市茂福町6番14号サンピセス1F,
鳥澤政幸税理士事務所,http://www.torisawa-office.com/pc/,三重県四日市市堀木2丁目7番16号,
アイ会計・平野喜章税理士事務所,http://hirano-kaikei.net/,宮城県仙台市太白区砂押町８－７,
高原公認会計士事務所,http://takahara-cpaoffice.com/,東京都江戸川区船堀3-5-1,
グラビス税理士法人,https://www.gravis-tax.com/,大阪府大阪市北区中崎3丁目1番20号,
藤森幸一税理士事務所,http://tax.ehoh.net/,長野県諏訪市小和田23-13,
平松智典税理士事務所,http://www.okayama-kigyou.info,岡山県倉敷市羽島213－12,
福井規之税理士事務所,http://fcubic2.jp/,大阪府大阪市北区野崎町7⁻8　梅田パークビル9階,
フォーオールアカウンティング株式会社（大森健一税理士事務所）,http://akihabara-kaisyasetsuritsu.com/,東京都台東区東上野3丁目15番2号第二国際ビル3階,
柴田道寛税理士事務所,http://shibata-tax.net/,京都府宇治市六地蔵町並36-1 ハイツ六地蔵206,
永易秀一税理士事務所,http://www.nagayasu-tax.net/,京都府京都市下京区東洞院通七条上ル飴屋町252,
株式会社オーエイ財務経理,http://www.intelligate.jp/,熊本県熊本市東区画図町重富858 番地,
税理士法人 新日本,https://kumamoto-kouko-yushi.com/,熊本県熊本市中央区下通1-12-11第二タカラヤビル４階,
加納税理士事務所,http://www.kanou-tax.com/,埼玉県川口市江戸3-29-33,
株式会社トラスティルグループ,http://e-kaisya.org/,東京都中央区京橋2丁目2​番1号京橋エドグラン サウス4階,
東克樹税理士事務所,http://www.higashi-zeirishi.jp/,大阪府大阪市西区北堀江1丁目1番27号　4階A/B号室,
菅原会計事務所,http://www.sugawarakaikei.jp/,東京都中野区新井2−30−11　ﾊﾟﾝﾃﾞｺﾝﾋﾞﾙ３階D号室,
ミッドランド経営,https://seturitu-mie.jp/,三重県四日市市久保田1-6-8,
税理士・行政書士・社会保険労務士　尾崎会計事務所,http://www.ozaki-office.co.jp/jyosei/,静岡県静岡市清水区二の丸町３－２１七福屋ビル２Ｆ,
森会計事務所,http://www.mrzei.jp/,東京都渋谷区渋谷1−7−1　渋谷Ｓ−６ビル４Ｆ,
稲垣税務会計事務所,http://inagaki-office.com/,東京都江東区越中島2-13-9,
齋藤明税理士事務所,http://k-tax.co.jp/saito/,東京都港区新橋２丁目１６番１ニュー新橋ビル７０２A,
税理士法人あたごコンサルティング,https://atago-cg.jp/,東京都中央区銀座七丁目15番5号 共同ビル4F,
おだき税理士法人,http://odaki.net/,東京都中央区京橋1-3-2モリイチビル,
山崎聡税理士事務所,http://www.yamazaki-kaikei.com/,東京都豊島区駒込2-3-3　駒込北口ビル601,
灘部隆志税理士事務所,https://www.enu.tokyo/,東京都豊島区西池袋3-22-14 国土西池ビル3F,
吉川みち税理士事務所,http://www.yoshikawaoffice.com/,東京都港区浜松町1-23-2　山下ビル5F,
株式会社ローツェ・コンサルティング,http://lhoze.com/,東京都港区浜松町2丁目2番6号大塚ビル3階,
藤平雅世税理士事務所,https://www.masayotax.com/,東京都北区赤羽南1丁目5番3号グランデージ赤羽南6階,
みほ会計事務所株式会社／古川敬之税理士事務所,http://www.mhao.jp/,埼玉県さいたま市中央区下落合5-10-5,
テンプラス税理士事務所,http://www.l-zeimu.com/,東京都千代田区神田神保町1-37-4 友田三和ビル5階,
橋本税理士事務所,http://www.hashitax.com/,東京都豊島区西池袋3-21-13 ウエストパークタワー池袋2307,
東郷税理士事務所,https://www.togo-ctao.com/,東京都台東区台東3-5-10-804,
税理士法人のぞみ会計社,https://nozomi-ao.com/,東京都台東区上野1丁目19番10号　 上野広小路会館2階,
和氣税理士事務所,http://www.waki-tax.com/index.html,東京都台東区上野3-18-4エムズ上野スクエア901,
GPC-Tax alliance of MA 川阪税理士事務所,http://kawasaka-tax.com/,大阪府大阪市中央区船場中央1-4-3 船場センタービル3号館 221号・222号,
東京IT会計事務所,http://tokyoitkaikei.com/,東京都千代田区永田町1丁目11-28合人社東京永田町ビル7階,
大熊朋子税理士事務所,http://www.ookuma-tax.com/,東京都渋谷区道玄坂1-12-1 渋谷マークシティW22F,
山本税務会計事務所,http://www.consul-partners.com/,東京都港区北青山３丁目５番14号青山鈴木硝子ビル６階,
有賀美保子税理士事務所,http://www.ariga-tax.jp/,東京都荒川区西日暮里5丁目14番10号サンライズビル202号室,
神戸ビズサポート総合会計,http://www.iizeirisi.com/,兵庫県神戸市東灘区向洋町中6-9 神戸ﾌｧｯｼｮﾝﾏｰﾄ4F,
税理士法人SAJ,http://www.saj-2nd.com/,愛知県名古屋市東区葵1-4-34　双栄ビル6F,
オールウィン税理士法人,https://www.allwin-tax.com/,神奈川県横浜市西区北幸2-3-19 日総第8ビル8階,
森健史税理士事務所,http://www.moritaketax.jp/,福岡県福岡市中央区六本松4-11-25　クロッシング2100六本松401,
土屋会計事務所,http://www.10-monji.com/,東京都豊島区池袋2丁目14番8号池袋ＮＳビル4階,
英和コンサルティング株式会社,https://www.anshin-keiri.jp/,東京都品川区西五反田2丁目2番10号 ポーラ第2五反田ビル7F,
汲田会計・くみた行政書士事務所,http://www.kumitax.com/,岐阜県本巣市仏生寺452番地,
税理士法人タスクマネジメント岐阜事務所,https://www.sun-souzoku.com/page1,岐阜県岐阜市市橋4-14-12,
税理士法人信越会計,http://shinetsutax.jp/,新潟県新潟市中央区鐙西2丁目35番40号,
税理士法人波多野アンドパートナーズ会計事務所,http://www.hatano-p.com/,長崎県長崎市万才町6番35号 大樹生命長崎ビル2F,
金澤税理士事務所,https://www.bizup.jp/tax/kanazawa/,神奈川県相模原市上鶴間６－７－６ 古木ビル２０５,
安土裕二郎税理士事務所,https://azuchi.tkcnf.com/,熊本県八代市旭中央通16-4,
奥村会計事務所,https://www.sok-cpa.com/,熊本県熊本市中央区出水５丁目８番３９号,
山田労務・会計事務所,https://www.yamadatax-sr.jp/,熊本県玉名市築地955-21,
税理士法人リアライズ,https://realize.tkcnf.com/index,岡山県倉敷市児島下の町1-11-45,
有吉奈津子税理士事務所,http://www.tokikaikei.jp/,岡山県岡山市北区今7丁目19番15号,
村中豊税理士事務所,http://www.souzoku-juku.jp/muranaka.html,岡山県岡山市北区野田5丁目14-13,
税理士法人メビウス,https://mebius-tax.com/,岡山県倉敷市松島1128-1,
眞木公認会計士事務所,http://www.mcpaf.com/,岡山県津山市野村315-8,
三浦会計事務所,http://www.ne.jp/asahi/miura/kaikei/,東京都中野区弥生町５ー３ー１７玉津マンション１０２号,
太田彰税理士事務所,http://otax81.com,静岡県浜松市中区高丘北二丁目５６番１０号,
税理士法人近代経営,https://kinkei-net.com/,熊本県熊本市北区龍田３丁目３２−１８,
株式会社AIF総研,http://www.profit21.co.jp/aif/,東京都豊島区西池袋１-５-３エルグビル２階,
土谷和伸税理士事務所,http://www.tsuchiya-zeimu.biz/,埼玉県さいたま市北区本郷町１７９ニューウェルハイツ１０３,
東京＠福岡税理士事務所,https://tax-attorney-660.business.site/,東京都杉並区和泉１丁目３３−１８レキシントンスクエア代田橋４０１,
讃井滋税理士事務所,http://www.sanui.net/,福岡県福岡市博多区東比恵1-2-36,
税理士法人 日本未来経営,http://www.suzuki-tax.jp/,秋田県大仙市大曲田町413番,
ステップアップ税理士事務所,http://stepup-tax.com/,神奈川県厚木市中町3-3-9　厚木アーバンプラザ5階5-A,
梅田総合会計事務所,http://www.umedakaikei.com/,大阪府大阪市北区豊崎3-20-10大明ビル4F,
渡辺耕一税理士事務所,http://www.watanabe-zeili.jp/,富山県砺波市本町2-3,
つげさか税理士事務所,http://www.tsugesaka.com/,福岡県宗像市深田552-3,
税理士法人バックオフィス・パートナーズ,http://www.backoffice-partners.jp/,東京都中央区八丁堀4-13-5 幸ビル7階,
栗城慎一税理士事務所,http://office.kuriki-tax.com/,東京都中央区日本橋人形町3-11-7　山西ビル７階,
税理士法人赤坂国際会計事務所,http://www.akasaka-tax.or.jp/,東京都港区赤坂2-10-5　赤坂日ノ樹ビル6F,
平井会計事務所,http://www.hirai-ao.com/,東京都港区芝浦4-19-1芝浦ｱｲﾗﾝﾄﾞ ｹｰﾌﾟﾀﾜｰ2305,
株式会社リードコンサルト 須黒税務会計事務所,http://www.suguro-lead.com/,東京都中央区銀座５丁目14番16号銀座アビタシオン1004号 701号,
税理士駒木根事務所,http://komakine.com/,東京都千代田区神田三崎町3-10-4千代田ビル5F,
大田浩之税理士事務所,http://www.ootaoffice.com/,東京都港区芝5-20-7GM観た04,
オイデ会計総合事務所,http://www.oide-acc.org/,東京都台東区東上野4-1-8 ザ・パークハウス上野浅草通り203号,
木島税務会計事務所,http://www.kijima-kaikei.com/,神奈川県川崎市川崎区宮前町4-12,
坂本会計事務所,http://www.sakamoto-af.com/,千葉県印西市小林3908-3,
株式会社NBNコンサルティング,http://www.nb-n.co.jp/,静岡県浜松市中区元城町216-4 6階,
アローズ税理士法人,http://www.arrows-tax.com/,東京都新宿区新宿1-6-8 新宿鈴木ビル（A館）7階,
落合会計事務所,http://www.ochiai-kaikei.jp/,岐阜県関市東門前町6番地　関サンパティオ２J,
藤田税理士事務所,http://www.fuji-tax.com/,奈良県橿原市葛本町365-26　１階西側,
桶屋泰三税理士事務所,http://okeya.zei-mu.jp/,富山県富山市舟橋北町7-15,
伊藤捨録経営会計事務所,http://www.ito-office.jp/,福井県福井市御幸3-15-7,
島田美佳税理士事務所,http://ms-tax.com/,兵庫県西宮市上大市5-10-13-202,
税理士法人明正マネジメント,http://www.meisei-m.com/,京都府中京区六角通室町西入玉蔵町119番地1,
芥川剛史事務所,http://www.akutagawa-ao.com/,東京都千代田区平河町1-5-15　平河町VISIX3階,
宇野会計事務所,http://www.unokaikei.com/,東京都文京区小石川2-1-13　後楽園ビューハイツ203号,
Ｔａｘ Ｈｏｕｓｅ駒込店,http://www.tabatakaikei.com/,東京都文京区本駒込５－７２－１１ 亀田ビル１階,
田中会計事務所,http://www.tanaka-ac.com/,東京都江戸川区西葛西6-15-20-606,
中澤美佐枝税理士事務所,http://www.nakazawa-tax.jp/,東京都練馬区中村北1-1-13-907,
根里（ねざと）税務会計事務所,http://www.nezatokaikei.com/,東京都豊島区西池袋５－２６－１６ ＣＨＩＢＡビル３階,
ART会計事務所,http://ninteishienkikan-minatoku.com/15138471292622,東京都世田谷区経堂1-19-14第六経堂ビル303,
桑原隆行税理士事務所,http://www.kuwahara-zeirishi.com/,東京都葛飾区立石32-6　ラ・フェスタ1階,
小野寺税理士事務所,http://www.onodera-tax.com/,東京都千代田区神田須田町2-2-1パークキューブ神田202,
渡辺会計事務所,http://www.j-wat.jp/,東京都武蔵野市吉祥寺本町2-23-5-302,
税理士法人おかじま会計,http://www.okajima-kaikei.com/,東京都昭島市松原町５丁目１６番１０号,
鳥飼税理士事務所,http://www.torikai-keiei.jp/,千葉県千葉市花見川区幕張本郷1-3-26八重寿ビル4F・5F,
石井幸子税理士事務所,http://ishiitax.r-cms.biz/,神奈川県横浜市南区白金町1丁目8-1巽ビル201,
宮地税理士事務所,http://www.miyazikaikei.com/,神奈川県横浜市鶴見区鶴見中央３－２２－２２ サークビルズ２０２号,
齊藤大造税理士事務所,http://www.tax-saito.com/,神奈川県横浜市港北区大倉山2-4-13 Nビル4階,
税理士法人さくら共同会計事務所,http://msyac.com/,神奈川県横浜市中区住吉町５－６２　篠原ビル,
税理士不動産鑑定士前川賢治事務所,http://www.maekawa-office.jp/,神奈川県大和市大和東１丁目５番６号　スリ－エス大和ビル602号,
山本裕子税理士事務所,https://www.yamamotohiroko-tax.com/,神奈川県茅ヶ崎市香川5-2-34,
西山税務会計事務所,http://nishiyama.zei-mu.jp/,埼玉県川口市芝樋ノ爪2-2-10,
株式会社石田経営計理,http://ikknet.com/,埼玉県さいたま市桜区神田601-5,
稲川会計事務所,http://www.inagawa-accountingoffice.com/,愛知県名古屋市中村区名駅5-33-21,
税理士法人 葵パートナーズ,http://www.aoi-p.biz/,愛知県名古屋市中区正木3-13-17 BPRレジデンス金山　1F,
本田二郎税理士事務所,http://www.honda-atm.net/,静岡県静岡市葵区川合2丁目16-1,
成田直政税理士事務所,http://www.nkkj.net/,愛知県豊田市桜町2-51,
瀬尾税理士事務所,http://seo-tax.com/,岐阜県岐阜市神田町1丁目8番地4プラドビル4Ａ,
裏野税理士事務所,http://urano-tax.com/,大阪府大阪市中央区北浜3丁目5番19号淀屋橋ホワイトビル410,
山村典之税理士事務所,http://www.yamamura-zeiri.com/,大阪府大阪市北区西天満5-9-16ダイアパレス901,
石川勝啓税理士事務所,http://www.ishikawa-tax.jp/,大阪府大阪市天王寺区上汐6-2-2　パラッツォ四天王寺1F,
山脇幹雄税理士事務所,http://www.yamawaki-kaikei.com/,大阪府大阪市中央区南船場 2-5-24 石栄ビル3階,
東和宏税理士事務所,http://www.azuma-tax.com/,大阪府枚方市田口3丁目5-8,
竹村謙一公認会計士事務所／竹村謙一税理士事務所,http://www.takemurakaikei.com/,富山県富山市根塚町三丁目4番6,
株式会社 夢みらい,http://www.yumemirai.co.jp/,広島県広島市中区鉄砲町4-7-2F,
有限会社アムデック,http://www.amdec.co.jp/,福岡県福岡市博多区博多駅南1-8-6 第5ガーデンビル5F,
税理士法人　アドバンス,http://www.am-office.co.jp/,福岡県北九州市小倉北区片野4丁目4-25,
松本信幸税理士事務所,http://www.matsumoto-zei.com/,長崎県長崎市西坂町６番１０号,
東税務会計事務所,http://www.exbala.com/,熊本県熊本市中央区水前寺1丁目21番47号,
甲斐秀康税理士事務所,http://www.hideyasu-zeirisi.sakura.ne.jp/,宮崎県延岡市大貫町6丁目214番地,
税理士法人上野の森総合会計事務所,http://www.uenonomori.com/,東京都台東区三筋2丁目21番8号 大野第1ビル201,
合同会社大田原トータル･マネージメント,http://www.ootawara.com,東京都葛飾区新小岩２－８－７,
江連祐治税理士事務所,http://www.ezure.jp/,東京都文京区小石川2-12-5-204ライオンズマンション小石川シティ,
イースト会計事務所,http://eastcts.com/,東京都新宿区西新宿8-2-5新宿ウエストビル４階,
プレシャス綜合会計事務所,http://www.precious-ac.com/,東京都千代田区神田須田町1-4-10　Y101ビル4階,
松江税務会計事務所,http://matsue.biz/,神奈川県横浜市鶴見区鶴見中央4-41-10,
南税理士事務所,http://www.y-minami.com/,千葉県市川市,
横山税理士事務所,http://www.yokoyamazeirisi.jp/,東京都台東区台東3丁目11番1号山田ビル４F,
ハヤシ税務会計,http://www.zei.ne.jp/,大阪府大阪市淀川区西中島1-9-16　新大阪ストロングビル503号,
村角末義税理士事務所,http://www.office-murazumi.com/,大阪府大阪市北区西天満３丁目１３番１８号島根ビルディング５階,
須崎公認会計士事務所,http://www.susaki-kaikei.com/,大阪府大阪市天王寺区上汐5-7-29 須崎ビル,
野中公認会計士事務所,http://asia-biz21.com/gaiyou.html,神奈川県川崎市川崎区駅前本町14-5,
税理士・行政書士猪熊勝夫事務所,http://www.tanzawa.or.jp/~inokuma/,神奈川県厚木市妻田北4-8-12,
増田勝彦税理士事務所,http://kmasuda.shakunage.net/office.html,千葉県松戸市小根本９１－１クィーンシティ松戸１０１,
蔭山会計事務所,http://www.age.jp/~kageyama/,大阪府大阪市阿倍野区王子町3－5－2,
塚元康弘税理士事務所,http://ctg.ne.jp/~tax/,福岡県北九州市門司区大里戸ノ上１－５－９,
岸菜税理士事務所,http://www.kishina-office.com/,大阪府大阪市淀川区西中島3丁目18番21号 NLC新大阪18号館5階5-F号室,
税理士法人ファミリア大阪事務所,http://familiaosaka.net/,大阪府東大阪市西堤本通東1-1-1　東大阪大発ビル922,
原口会計事務所,http://www.haraguchi-office.com/,茨城県水戸市笠原町600-41,
田邉達也税理士事務所,http://tanabetax.ec-net.jp/,東京都中央区日本橋浜町2-60-3-501,
税理士法人キロル,http://kiroru.zei-mu.net/,福島県会津若松市町北町上荒久田字鈴木152,
大川税務会計事務所,http://www.ohkawa-tax.com/jigyosyo.html,大阪府吹田市江坂町1-12-47-1107,
小川富也税理士事務所,http://ogawa-zeirishijimusyo.com/,愛媛県八幡浜市浜之町180番地,
KEN会計事務所,http://www.ken-tax.com/,大阪府大阪市北区東天満2-9-4　千代田ビル東館4F,
銀行同行税理士寺島義雄事務所,http://www.terashimayoshio.com/,大阪府吹田市豊津町1番18号  エクラート江坂ビル306号室,
半沢税理士事務所,http://hanzawa-tax.jp/,東京都目黒区上目黒3-1-2　KM中目黒ビル5F,
鴻上税理士事務所,http://www.kogamikaikei.com/,東京都千代田区神田神保町2-32-205,
税理士法人神戸会計事務所,http://www.kobekaikei.com/,兵庫県神戸市中央区海岸通３番　神戸海岸ビル９階,
北川孝税理士事務所,https://www.kitagawaoffice.com/,不老町1丁目1番地5 横浜東芝ビル4階,
山下税務会計事務所,http://www.yamashita-zeimu.com/,東京都品川区東五反田2-3-2-7F,
鎌倉会計事務所,http://www.kamakura-zei.com/,東京都立川市曙町3-7-14　曙マンション1105,
佐伯税理士事務所,http://www.office-saeki.com/,東京都練馬区豊玉北6-23-11-204,
瀬高宏行税理士事務所,http://www.office-brain.biz/,東京都中野区鷺宮3丁目19番15号 ダイアパレス鷺宮406号,
持田税務会計事務所,http://www.tamoc.jp/office/,東京都中央区日本橋大伝馬町2番1号　大伝馬町壱番地ビル6階,
西口税理士事務所,http://www.nishiguchi-tax.jp/,神奈川県横浜市港北区新横浜3-8-5-501,
岡田総合会計事務所,http://okada-zeirisi.com/,大阪府大阪市淀川区西中島3－8－14　犬飼ビル202号室,
三上会計事務所,http://www.mikami-kaikei.net/,兵庫県姫路市飾磨区構5丁目158-1,
植村税理士事務所,http://www.office-um.jp/,兵庫県神戸市中央区八幡通3-1-19,
両澤会計事務所,http://moro.zei-mu.jp/,長野県佐久市望月285-1,
鈴木忠夫司法書士・税理士事務所,http://www.j-firmsendai.com/,宮城県仙台市青葉区二日町3番10号グラン・シャリオビル5Ｆ,
税理士法人三田会計,http://www2.mita-kaikei.com/,千葉県船橋市夏見台4-8-29,
慶徳総合経営センター株式会社,http://www.keitoku-office.com/,福島県郡山市字亀田西66番地3,
税理士法人サクシーズ・株式会社M＆K,http://www.mk-morita.jp/info.html,広島県広島市東区牛田旭１丁目８－１６,
赤坂見附総合法律会計事務所,http://www.akasakamitsuke.jp/,東京都港区赤坂３－１－１６ ＢＩビル９階,
税理士法人松井会計事務所 南森町オフィス,http://www.miyamae-tax.com/,大阪府大阪市北区西天満3丁目13番9号 西天満パークビル4号館 2階,
宮川孝広税理士事務所,http://www.miyagawa-tax.jp/,愛知県名古屋市千種区振甫町2丁目51番地の2,
藤井会計事務所,http://www.fujii-kaikei.com/,愛知県名古屋市昭和区狭間町12-3,
三矢税理士事務所,http://www.mitsuyatax.com/,大阪府枚方市大垣内町2-17-5 ダイショウビル2F,
箱田税務会計事務所,http://hakoda-group.com/,群馬県高崎市新保町163番地,
清水公認会計士・税理士事務所,http://www.shimizu-cpa.biz/,大阪府大阪市浪速区難波中3-7-2 新難波ビル501,
岡田規久男税理士事務所,http://www.okadazeirisi.com/,愛知県名古屋市守山区白沢町194番地,
税理士法人横溝会計パートナーズ,http://www.yokomizo-kaikei.com/,東京都国分寺市本町2-12-2大樹生命国分寺ビル7F,
工藤総合法務事務所,http://www.m-kudo.jp/,北海道札幌市白石区東札幌2条6丁目5-1,
税理士法人熊沢会計事務所,http://www.kumazawa-kaikei.com/,東京都町田市森野1-18-10,
山田澄江税理士事務所,http://www.yamadazeim.com/,埼玉県川越市南通町9番地10,
瀬尾由紀子税理士事務所,http://www.seo-yukiko.com/,兵庫県加古川市神野町石守2-82,
税理士法人 上野会計事務所,http://www.uenokaikei.co.jp/matsumoto_index.html,長野県松本市丸の内9-34,
佐野匡司税理士事務所,http://sanozeirishi.com/,大阪府大阪市中央区東平2-4-3-202,
小澤会計事務所,http://www.kozawa-kaikei.com/gaiyou.html,大阪府大阪市中央区北久宝寺町２丁目１番７号本町和光ビル6F,
吉田英明税理士事務所,http://www.yoshida-tax.com/,大阪府岸和田市土生町5-2-7 新川第3ビル8階,
掛上税理士事務所,http://www.kakegamikaikei.com/,大阪府八尾市佐堂町1丁目8番15号,
KURE税務会計事務所,http://www.kure-zei.com/,大阪府守口市本町1丁目6番13号 守口駅前ビル602号室,
田中和寛税理士事務所,http://www.tax90133.com/,山口県山口市小郡大正町11番10号マルワビル201,
大西道臣税理士事務所,http://0024.bz/,愛媛県新居浜市八幡二丁目7番31号,
川口税務会計事務所,http://k-tax-office.jp/,熊本県熊本市中央区出水4丁目15番20号,
白石会計事務所,https://www.skaikeigo.com/,熊本県熊本市南区御幸笛田2-20-46,
増本東久税理士事務所,http://www.masumoto-tax.com/,福岡県福岡市中央区天神3丁目11-1 天神武藤ビル2階,
小森唱司税理士事務所,http://www.komori-tax.jp/,福岡県福岡市早良区西新5-15-55-201,
元山税理士事務所,http://www.motoyama-tax.com/,福岡県福岡市中央区大名2丁目2番42号サンライフ大名ビル2階,
行時税理士事務所,http://www.yukitoki-management.com/,福岡県福岡市中央区薬院４丁目１－１０共立薬院ビル４階,
木下憲昭税理士事務所,http://www.kinoshitax.jp/,福岡県福岡市中央区天神2丁目14-13天神三井ビル3F,
平野会計事務所,http://www.hirano-ao.com/,北海道札幌市清田区清田2条2丁目5番10号有楽メディカルビル805号室,
池田政弘税理士事務所,http://kibounokeiei.jp/company,岩手県盛岡市肴町4-5岩手酒類卸ビル4階,
中田税理士事務所,http://nakatax.main.jp/,大阪府大阪市中央区谷町1-5-7ストークビル天満橋302号,
倉田会計事務所,http://k-account.net/,広島県三原市皆実4丁目1番35号,
朝日誠税理士事務所,http://www.asahi-makoto.jp/,茨城県土浦市川口１－７－９　パレスコア１Ｆ,
税理士法人FORM,http://form-tax.com/,福井県福井市北四ツ居2丁目13番10号,
みらい総合会計事務所,http://www.mirai-kaikei.com/,埼玉県さいたま市南区四谷１－４－３　市原ビル２Ｆ,
阿部会計事務所,http://www.abeoffice.jp/,大阪府堺市堺区新町3番7号　STCビル4Ｆ,
ひかり税理士法人　札幌事務所,http://nishimura-ta.jp/,京都府京都市中京区東洞院通竹屋町下る ひかりビル,
森博己税理士事務所,http://www.morizeirishi.jp/,福岡県糸島市神在東4丁目1番11号,
水谷孝之税理士事務所,http://mizutani-tax.net/,千葉県千葉市中央区新宿2-12-6,
小森淳税理士事務所,http://www.komo-tax.com/,山梨県山梨市上神内川1670マルキビル101,
吉川和良税理士事務所,http://www.mas-cpta.com/,香川県高松市番町１丁目６番６号甲南アセット番町ビル403,
片岡会計事務所,http://kataoka-kaikei.net/,東京都荒川区東日暮里3丁目39番13号,
吉澤直幸税理士事務所,http://www.tax-yoshizawa.jp/,東京都台東区蔵前3-4-5　浅草税理士会館3F,
出雲屋税理士事務所,http://www.izumoya-kaikei.com/,東京都世田谷区松原1-44-7,
あかつき税理士法人,http://a-tax.kir.jp/,東京都台東区東上野1丁目25番3号　小松和東上野ビル102号,
鈴木税務経営事務所,http://www9.plala.or.jp/zeimu/,千葉県八街市八街ほ235-7（JAいんば八街支所別館2階）,
野村和雄税理士事務所,http://nomu2006.la.coocan.jp/,宮城県石巻市中浦2-1-106,
税理士法人FULL SUPPORT,http://www.fullsupport.or.jp,北海道札幌市中央区南14条西11丁目２番12号ブリックサトウ３Ｆ,
MGS税理士法人,http://www.e-mgs.or.jp/,大阪府大阪市中央区高麗橋2-5-10 アイケイビル2F,
武田美都子税理士事務所,http://www.takeda-mitsuko.com/,京都府京都市左京区下鴨北園町8,
石橋秀樹税理士事務所,http://ishibashi.zei-mu.com,山梨県甲府市湯田1-4-5,
神山法明税理士事務所,http://www.nkch.net/,東京都墨田区押上2-20-12　美朝ビル202,
税理士法人松岡・野田コンサルティング- Okayama Office -,https://www.alice-accounting.net/,岡山県岡山市北区伊福町 1 - 17 - 3,
税理士法人石岡会計,http://www.ishioka-ac.com/,神奈川県横浜市中区住吉町2-24 住吉24ビル８F,
益田税理士事務所,https://lp.mjs-hp.jp/c.p/masudakaikei/,熊本県天草市港町21番18号,
松浦公認会計士・税理士事務所,http://mbc-group.jp/,岡山県岡山市北区久米２６５番地４,
公認会計士･税理士宮崎会計事務所,http://s-cb.jp/index.html,岡山県岡山市中区桑野713ー10,
株式会社三宅会計,http://www.miyaketax.com/,岡山県岡山市北区奉還町2ー5ー1 プレミアステーション西口2F,
アイティ・インターネット税理士（会計事務所）,http://www.kit.hi-ho.ne.jp/happy-smile/goum.html,大阪府和泉市唐国町1丁目8番25号,
森川文美税理士事務所,http://www.morikawa-zei.jp/,岐阜県大垣市花園町1-3-2,
まつむら会計事務所,https://matsumura-kaikei.tkcnf.com/,熊本県熊本市中央区保田窪2丁目3番55号 柚原第3ビルA-3,
松村篤憲税理士事務所,https://matsumurazeirishi.tkcnf.com/,熊本県熊本市神水2丁目3番17号,
大﨑隆義税理士事務所,https://oosakikaikei.tkcnf.com/,熊本県熊本市東区京塚本町56-7,
藤原淳史税理士事務所,https://fujiwara-taxman.tkcnf.com/,熊本県人吉市西間下町134-3サンマリーンビル1B,
松下会計事務所,https://matsushitakaikei.tkcnf.com/,熊本県天草市諏訪町6番22号グレイスコート本渡１－Ｂ,
瀬上税理士事務所,https://www.tkcnf.com/senoue,熊本県熊本市中央区保田窪１丁目９－５２,
渕川税理士事務所,https://www.fuchikawa-office.com/,熊本県八代市田中東町12-12,
吉川公認会計士・税理士事務所,http://www.yoshikawa-cpa.com/,熊本県熊本市中央区新町2丁目3番24号 西化成産業ビル2Ｆ,
池松桂至税理士事務所,http://www.ikematsu.net/,熊本県八代市若草町7-3,
上原税理士事務所,http://www.ueharaz.com/,熊本県八代市緑町９－２,
熊本県経営審査協会合同事務所,http://www.kumaksk.com/page1,熊本県熊本市東区健軍1丁目11番5号,
谷川公認会計士税理士事務所,http://www.tanigawacpa.co.jp/,熊本県八代市黄金町18-4,
湊屋コンサルタントサービス,http://minatoyaconsultantservice.com/,熊本県熊本市西区田崎1-3-60 コアマンション駅南201,
公認会計士園田剛士事務所,https://sonoda-kumamoto.jp/,熊本県熊本市中央区八王寺町30-1 メインプレイス熊本南6Ｆ-E,
藤田傳次税理士事務所,http://www.fujita-denji.com/,熊本県熊本市西区新土河原2-3-5古城ビル202,
伊藤会計事務所,https://www.ito-tax.co.jp/,熊本県熊本市中央区大江1丁目25番31号　ニュー司法ビル,
みらい税理士・行政書士事務所,http://miyakesan-tax.com/,熊本県熊本市中央区黒髪5丁目22-32,
伊豆野和代税理士事務所,https://www.kaikei-home.com/izuno-office/,熊本県上益城郡甲佐町芝原818－1－405号,
岩下税理士事務所,https://www.kaikei-home.com/iwashita/,熊本県熊本市中央区水前寺5-18-20,
下田尚登税理士事務所,http://www.lowcost-kaikei.net/,熊本県熊本市北区龍田7-20-18-101,
有限会社熊本財経センター・吉冨智子税理士事務所,http://kumamoto-zaikei.net/,熊本県熊本市東区長嶺東1-5-6,
三輪税務会計事務所,http://miwakaikei.jp/index.html,熊本県熊本市東区尾ノ上1丁目13－7-2F,
薗田福美税理士事務所,http://www.mjs-kaikei.jp/c.p/fukumizei/,熊本県熊本市東区江津３丁目３－５１リベルテⅢＣ,
公認会計士 園田剛士事務所,https://sonoda-kumamoto.jp//,福岡県福岡市博多区博多駅南1-2-3　博多駅第一ビル5F,
マネジメント・サポート株式会社,http://managements.jp/index.html,熊本県熊本市中央区新大江2丁目8番28号,
林秀俊税理士事務所,http://www.hayashitax.com/,熊本県八代市黄金町４－３,
木多公認会計士事務所,http://www.kita-family.jp/index.html,熊本県熊本市昭和町 13-10,
税理士法人タッグ島原事務所,http://www.shimazei.com/,岡山県岡山市中区国富一丁目14-2みらいビル3F,
秋山伸税理士事務所,https://aki.tkcnf.com/,岡山県総社市中央6丁目-7-112,
岡山サクラ税理士法人,http://www.yoshidatax.net/,岡山県岡山市北区東島田町1ー1ー8 YS島田ビル1F,
近藤茂税理士事務所,https://s-kondo.tkcnf.com/,岡山県真庭市平松92番1,
税理士法人赤木会計,https://www.tkcnf.com/akagikaikei,岡山県総社市三須１１８９－１,
近成彰彦税理士事務所,https://chikanari.jp/,岡山県瀬戸内市牛窓町牛窓4448　牛窓テレモーク2F山-1,
黒崎安博税理士事務所,https://kurosaki.tkcnf.com/,岡山県井原市上出部町450,
税理士法人アライズ,https://oda-tax.net/,岡山県岡山市南区泉田4ー3ー10ー5,
税理士法人江原岸会計,http://ebara-kaikei.ecnet.jp/,岡山県岡山市北区下中野1203-1,
愛和税理士法人岡山オフィス,https://aiwa-okayama.com/,岡山県岡山市北区問屋町11番地106-302号,
影山秀臣税理士事務所,https://kageyamakaikei.tkcnf.com/,岡山県岡山市北区伊福町１丁目14-10,
竹好秀記税理士事務所,http://www.withyouclub.co.jp/,岡山県岡山市北区野田３－２－２,
税理士法人田中会計,http://plus.harenet.ne.jp/~tanakakaikei/,岡山県岡山市北区表町1丁目10-32 アルバビル4F,
株式会社GLOCAL,http://www.glocal-consulting.co.jp/index.html,岡山県岡山市北区丸の内1丁目4番11号,
尾川望税理士事務所,https://www.ogawa-jimusho.com/,岡山県岡山市中区浜2丁目2-3,
岡山中央法律事務所,http://www.okachulaw.com/,岡山県岡山市北区中山下1丁目9番1号　山陽アルファ中山下ビル6階,
久戸瀬寛記税理士事務所,https://lp.mjs-hp.jp/c.p/kudose/,岡山県岡山市中区円山145番地 山下ビル302号,
作花法律事務所,http://sakka-law-office.jp/index.html,岡山県岡山市北区本町３番１３号イトーピア岡山本町ビル６階,
平田宏税理士事務所,https://hirata-kaikei.tkcnf.com/,岡山県岡山市北区富田町1-10-22,
​藤澤弘幸税理士事務所,https://www.tax-fujisawa.com/,岡山県浅口市鴨方町六条院中3294-1,
黒田直樹公認会計士・税理士事務所,http://www.okayama-cpa.com/,岡山県倉敷市木見860番地,
前川清税理士事務所,https://www.maekawa-tax.net/,岡山県井原市上出部町386-10,
村川博之公認会計士・税理士事務所,https://okayama-tax.jp/,岡山県岡山市北区弓之町2-9　弓之町ビル906号,
塩倉税理士事務所,http://www.shiokura.com/pc,鹿児島県鹿児島市照国町 13番11号,
税理士法人 K・T・Two,https://www.kt2.org/,神奈川県川崎市幸区堀川町580番　ソリッドスクエア 西館5階 W503,
税理士法人サンアクア,https://www.m-mashima.jp/,岡山県岡山市北区今2丁目1番33号,
有澤会計事務所,https://www.arisawa-cpa.jp/,岡山県岡山市北区富田町1ー2ー21 アレズ3番館416号室,
税理士法人J ･ PLUS,http://takeuchi-tax-room.news.coocan.jp/index.html,岡山県津山市北園町40-22,
石田税理士事務所,https://www.ishida-tax.jp/,熊本県熊本市東区下江津1-24-5,
坂口浩昭税理士事務所,https://sakaguchiz.com/,熊本県八代市麦島東町13−10,
濱大介税理士事務所,https://www.hamataxoffice.com/,熊本県天草市南新町10-15 2F A号,
税理士法人ブルーラックス,https://bluelux.takaki-t-zei.com/,熊本県熊本市北区徳王１丁目7-15ＣＡＬＭ徳王105号,
徳田貴久税理士事務所,https://tokuda-cpta-office.com/,熊本県熊本市中央区大江6-20-6-2F,
柴﨑政俊税理士事務所,http://shibasaki.moon.bindcloud.jp/,熊本県八代市植柳上町6578-1,
西坂税理士事務所,http://www.nishizaka-tax.jp/,熊本県熊本市東区沼山津1-9-21,
大林税理士事務所,http://o-bayashi.net/,熊本県熊本市桜木2-6-16,
下田憲幸税理士事務所／株式会社熊本会計センター,http://www.kumamoto-kc.com/,熊本県熊本市中央区横紺屋町10　熊本商工会議所ビル5階,
上野税理士法人,http://www.networkyui.com/index.html,熊本県熊本市中央区新大江1丁目17番20号 ネットワーク・結 内,
税理士法人第一経営共同経理,http://kyoudokeiri-tax.com/index.html,熊本県菊池市北宮317-15,
大石税務会計事務所,http://ooishi.nona-cs.jp/,熊本県熊本市中央区本荘6丁目3番16号,
大藏裕史税理士事務所,http://www.tax-okura.com/office_info.html,熊本県熊本市中央区南熊本5-1-1　テルウェル熊本ビル２階,
上村達也税理士事務所,http://www.mjs-kaikei.jp/c.p/uemuratz/,熊本県熊本市南区薄場町46　薄場合同ビル3階,
齊藤和夫税理士事務所,https://www.sosapo.org/lp2/k-saito/,熊本県熊本市北区打越町17-52,
田代みゆき 税理士事務所,http://www7b.biglobe.ne.jp/~tax-office-miyuki/index.html,熊本県熊本市中央区本山４丁目８－６,
赤星税理士事務所,https://www.kaikei-home.com/akahoshi/,熊本県熊本市中央区保田窪2丁目3番58号,
米丸 豊 税理士事務所,http://y-yonemaru.com/,熊本県熊本市中央区渡鹿1-18-39　2F,
竹下賢治税理士事務所,https://www.kaikei-home.com/sisann/,熊本県熊本市中央区大江1丁目10番37号　フォレスト７２　２０１号,
藤本弘視税理士事務所,https://www.fujimoto-zeirishi.com/,熊本県合志市須屋２６３４-３８,
税理士法人森田事務所,http://www.molita.jp/,兵庫県神戸市中央区加納町4-4-17 ニッセイ三宮ビル6階,
税理士法人氏森会計事務所,https://www.shares.ai/user/52bcad96-e361-4400-a384-7fd672d5404c,熊本県熊本市東区山ノ内3丁目8番63号,
星田博文税理士事務所,https://hoshida-tax.jimdofree.com/,熊本県八代市田中北町3-10-3,
柴崎政俊税理士事務所,http://shibasaki.moon.bindcloud.jp/index.html,熊本県八代市植柳上町6578-1,
サンミライズ株式会社,http://www.smirais.co.jp/index.html,熊本県熊本市南区江越1-12-23,
有限会社ソレイユ会計事務所,https://www.soleil-k.jp/,熊本県宇土市南段原町79-5,
御船計算センター,https://kaikosya.com/,熊本県上益城郡御船町大字豊秋2021番,
髙木嗣雄税理士事務所,https://www.takaki-t-zei.com/,熊本県熊本市中央区京町本丁6-52プレミスト京町本丁812,
松井修一税理士事務所,https://matsui-shuichi.tkcnf.com/,岡山県岡山市東区西大寺中野本町９番１５号,
三宅雄二税理士事務所,https://miyake-tax.tkcnf.com/,岡山県倉敷市新倉敷駅前三丁目106プリート・カーサ101,
国遠明税理士事務所,https://kunito-zeirishi.tkcnf.com/,岡山県岡山市南区妹尾2307-8,
税理士法人きび合同会計,http://www.kirino-tax.com/,岡山県岡山市北区平野899番地1,
税理士法人鈴木税理事務所,https://suzukizeiri.jp//,岡山県岡山市北区西古松252-116,
赤木慶勝税理士事務所,https://www.okayama-akakizeirishi.com/,岡山県岡山市北区伊福町3丁目7-11,
小林吉盛税理士事務所,https://kobayasi.tkcnf.com/,岡山県岡山市北区花尻みどり町2-103,
平松荘介税理士事務所,http://hiramatsu.gr.jp/,岡山県岡山市北区今五丁目13-26,
立垣昌幹税理士事務所,https://www.tategaki-kaikei.jp/,岡山県岡山市北区今４丁目８－１８ グロースⅢビル２０５号,
有限会社岡山経営情報サ―ビス,https://keieizyouhou.tkcnf.com/,岡山県岡山市北区中仙道１－６－１８,
奥田会計事務所,https://okuda-accounting.localinfo.jp/,岡山県岡山市北区中撫川６４６番地１０,
岩﨑浩税理士事務所,https://www.sosapo.org/lp2/iwasaki-tax/,岡山県岡山市北区岡町14-15,
櫛本洋樹税理士事務所,https://www.sosapo.org/lp2/kushimoto-tax/,岡山県岡山市中区海吉1441-1 2階,
有限会社 クラウドマネジメント（近藤歳昭税理士事務所）,http://www.mjs-kaikei.jp/c.p/cloud/,岡山県岡山市北区岡町3番16-2号,
人見税理士事務所,https://hitomikaikei.jp/,岡山県岡山市南区福成2-2-13,
伊田慶二税理士事務所,http://www.ida-kaikei.jp/,岡山県倉敷市堀南716番地3 グランテⅢ,
東由美税理士事務所,https://www.higashiyumi.jp/,岡山県岡山市北区伊島町2-11-46-3-202,
岡部正晴税理士事務所,https://www.kaikei-home.com/okabe01114/,岡山県倉敷市茶屋町早沖325,
税理士法人エイコー,https://zeirishi-eikoh.com/,岡山県倉敷市玉島阿賀崎2丁目5番37号,
武井みずえ税理士事務所,http://mtakei-zeimu.com/,岡山県倉敷市昭和2丁目4-23-102号,
岡山表町会社設立センター,http://tax-assist.biz/,岡山県岡山市北区表町3-5-15　CO OMOTECHOビル2-G,
永田俊之税理士事務所,http://nagata-tax.com/,鹿児島県姶良市加治木町反土１４０２番地６,
有限会社 松田マネジメントセンター／松田一彦税理士事務所,http://www.matsuda-management.com/,福井県大野市本町8-17,
河合恭宏税理士事務所,http://www.nagoya-tax.com/,愛知県名古屋市緑区浦里2-12,
税理士法人トータルサポート,http://www.maegawakaikei.com/,三重県松阪市郷津町192番地5,
税理士法人栗山会計事務所,http://www.kuriyamakaikei.com/,神奈川県横浜市中区石川町１丁目１番地カーサ元町４０２号,
川口行政書士事務所,http://skawaguchi-law.com/top1/,東京都豊島区南池袋1-16-20　ぬかりやビル６F,
日本橋公認会計士・税理士事務所,http://n-cpa.or.jp/index.html,東京都千代田区神田富山町7 BIZ SMART神田富山町5階,
岡崎総合会計事務所,http://www.ok-keiei.jp/,広島県広島市中区三川町6-15 並川ビル3F,
鶴田公認会計士・税理士事務所,http://www.cpa-tsuruta.com/,兵庫県姫路市飾磨区中島3075-1,
福井会計事務所,http://www.fukuikaikei.com,東京都多摩市落合1-6-2 サンライズ増田ビル6B,
宮本和雄税理士事務所,http://miyamoto.blogdehp.ne.jp,大阪府和泉市伏屋町3-7-34 泉北第2ビル5F,
水野雄介税理士事務所,http://accm.work/,愛知県名古屋市東区大幸四丁目16番12号,
ななお税理士法人,http://nanaotax.com/manda,埼玉県川口市西川口3-17-12  桃の木ビル,
有限会社斉藤会計事務所,http://www.saito-kaikei.co.jp,東京都新宿区新宿1丁目23番8号,
池田社会保険労務士事務所,http://www.tcct.zaq.ne.jp/ikeda-s,大阪府豊中市上野東 1-5-23,
藤島会計事務所,http://www.fujisima.com,和歌山県和歌山市太田298　花まるビル２Ｆ,
細沼会計［細沼幸央税理士事務所］,http://www.hosonuma.net,埼玉県さいたま市西区指扇2655-1,
中田俊税理士事務所,http://www.kyoto-souzoku.biz/,京都市下京区室町通綾小路上る鶏鉾町480番地 オフィスワン四条烏丸602,
村上税理士事務所,http://www.murakami-office.jp/index.shtml,福岡県福岡市早良区西新5丁目5番14-103号,
西村眞一税理士事務所,http://nishimura-zeirishi.com/,沖縄県那覇市識名1-7-63 嘉数ビル201号,
税理士法人 小川会計 志賀事務所,http://www.siga-keiri.com/pc,新潟県新潟市中央区上所中1-8-17,
株式会社エービーシーゼット,http://www.jmoffice.co.jp,東京都新宿区新宿2-8-8とみん新宿ビル3F,
紅林公認会計士事務所,http://www.kurebayashi.com,東京都千代田区永田町2-14-3東急不動産赤坂ビル12階,
福島泰彦税理士事務所,http://www.zeifuku.com,埼玉県深谷市蓮沼445-8,
浅川博伸税理士事務所,http://www.asakawaoffice.com,島根県益田市乙吉町イ337番地12,
松田公認会計士事務所,http://www.matuda-cpa.akashi.hyogo.jp,兵庫県明石市山下町6番9号,
佐藤洋三税理士事務所,http://yozo-satoh.zei-mu.net,埼玉県越谷市花田1丁目13番地7,
パートナーズ・コンサルティング・グループ,http://pc.partners-inc.co.jp/,東京都中央区京橋1-3-1 八重洲口大栄ビル12階,
会計労務事務所ふじっくす,http://www.fujix.gr.jp,神奈川県鎌倉市腰越2-34-23,
飯田税理士事務所,http://www.iida-office.com,北海道札幌市中央区南2条東1丁目12-1　フラーテ札幌512号,
高阪薫税理士事務所,http://www.e-kosaka.com,愛知県名古屋市北区三軒町346,
橋爪やすき税理士事務所,http://www.hashizume-tax.jp,和歌山県海南市南赤坂11番地和歌山リサ-チラボ202-B,
税理士法人ＳＫＣ,http://www.skc-tax.or.jp/pc,福岡県北九州市戸畑区中原新町3-3,
西村経営管理センター,http://nishimura.main.jp,佐賀県唐津市町田1丁目8−5前田ビル2F,
佐藤税理士事務所,http://www.nicechoice.jp,東京都中野区新井1-12-14　秀光建設本社ビル5階,
遠島公認会計士事務所,http://www.tohshima.gr.jp,愛知県名古屋市中村区黄金通2-54,
鈴木経営会計事務所,http://www.suzuki-ac.biz,愛知県豊橋市大岩町字北元屋敷42-2,
野田税理士事務所,http://nodaj.com/,福岡県福岡市中央区薬院4-1-27　薬院大通センタービル3F,
山崎税理士事務所,http://www.yamazaki-zeirishi.com,東京都大田区西嶺町33番6号,
篠崎栄子税理士事務所,http://www.zeirishi-eiko.jp,東京都文京区小石川1丁目9-14-1201,
八木澤会計事務所,http://www.yagisawa-kaikei.com,東京都足立区西綾瀬2-18-15,
諌山公認会計士事務所　諌山税理士事務所,http://www.isayamaoffice.com,福岡県福岡市中央区白金1-1-3　707号,
中村総合会計事務所,http://www.nac-yume.com,神奈川県相模原市中央区矢部2-3-20,
荒木章税理士事務所,http://www.araki-tax.com,埼玉県所沢市東所沢和田1-11-4,
黒澤洋一税理士事務所,http://www.kurosawakaikei.com,神奈川県横浜市西区西平沼町1-28-102,
込江保次税理士事務所,http://www.komie.com,神奈川県鎌倉市大船2-18-14-303,
三野会計事務所,http://www.mitsunokaikei.com,神奈川県伊勢原市東富岡560番地,
近藤誠一税理士事務所,http://www.kondokaikei.jdlibex.jp,神奈川県小田原市高田235,
荻野直也税理士事務所,http://www.shonan-tax.com,神奈川県藤沢市辻堂6-2-3,
高田会計事務所,http://www.t2002.jp,千葉県柏市中央町５-1６ TKビル５F,
株式会社 財務工房,http://www.zaimukobo.co.jp,埼玉県さいたま市中央区本町東5-5-7,
小暮会計事務所,http://www.kogure-tax.com,埼玉県さいたま市緑区馬場1−１３−１,
税理士法人 あいき,http://aiki.ne.jp/index.html,愛知県名古屋市中区錦2-4-3 錦パークビル13F,
柏之雄税理士事務所,http://kashiwa.net/official,大阪府大阪市中央区内平野町1丁目2番6号ダイアパレス大手前601号,
北岡公認会計士事務所,https://shkitaoka-cpa.jp/,兵庫県神戸市中央区御幸通5-2-15 大同ビル603号,
税理士法人安土事務所,https://andojimusho.com/,広島県広島市中区東白島町19-75,
税理士法人 吉澤会計事務所,http://www.yoshizawakaikei.com,長野県松本市蟻ケ崎1-3-6,
税理士法人英知,http://www.eichi-h.com,東京都江東区亀戸１丁目３９−６　熊谷ビル３階,
株式会社武蔵アカウンティングコーポレーション,http://www.musashi-acc.co.jp,東京都練馬区東大泉１-３３-６大泉セントラルビル３F,
玉川フィナンシャルワークス株式会社,http://www.tfw.co.jp,東京都渋谷区道玄坂1-12-1　渋谷マークシティ　WEST 22階,
清久人税理士事務所,http://zeirishi-sei.com,神奈川県横浜市神奈川区鶴屋町二丁目9番地7グローリア初穂横浜509号室,
澤田直明税理士事務所,http://www.sawada-kaikei.com,愛知県名古屋市天白区島田2丁目702番地,
神谷英明税理士事務所,http://www.tax-kamiya.jp,愛知県高浜市本郷町2丁目6番地27,
橋本公認会計士事務所,http://www.hashimoto-cpa.com,東京都品川区上大崎2-6-31,
築山照彦経営コンサルタント事務所,http://www.t-tsukiyama.com,大阪府大阪市城東区新喜多1-2-17-107,
北田全基税理士事務所,http://www.zeirishi-kitada.jp,大阪府大阪市中央区東高麗橋3番32号　ニューライフ高麗橋802号,
古西公認会計士事務所,http://www.konishi-cpa.com,兵庫県姫路市飾磨区玉地92,
清水税理士事務所,http://compass.ne.jp,広島県広島市中区十日市町二丁目5番26号5th BUILD 201,
林田税理士事務所,http://www.zei-hayashida.jp/index.html,長崎県諫早市福田町34-28,
株式会社エフアンドエム,https://hojosapo.com/,江坂町1-23-38 F&Mビル,
森村会計事務所,https://www.morimurakaikei.com/,奈良県橿原市北八木町1-1-8　橿原中央ビル5階,
税理士法人　小野岩井事務所,http://www.onoiwai.com,東京都渋谷区代々木2-21-8-903,
井芹会計事務所,http://iseri-kaikei.com/,埼玉県さいたま市南区別所7-16-10-2,
アーセプト税理士法人,http://www.arcept.org/index.html,秋田県秋田市山王新町19-41,
税理士法人 福士合同会計事務所,https://www.tkcnf.com/fukushi-kaikei/,秋田県秋田市高陽幸町8-4,
株式会社ビジネス・コーディネート,http://www.b-coordinate.co.jp/,東京都荒川区西日暮里5－14－4　KYビル2階,
税理士法人ティーアローズ,https://www.t-arrows.or.jp/,宮崎県宮崎市昭和町13-1,
税理士法人湧志会計,https://www.yuushikaikei.com/,群馬県前橋市天川大島町103-2,
税理士事務所ファインワークス,https://fineworks.tkcnf.com/,山梨県甲府市荒川1丁目8-18-101,
税理士法人イータックス,http://www.etax.ne.jp/,東京都千代田区神田和泉町1-2-3,
税理士法人あおい,http://aoi.zei-mu.net/,東京都目黒区鷹番3-12-8 市川学芸大ビル502,
舩越大介税理士事務所,http://fktax.jp/,千葉県柏市柏3-8-10　AKBLD.V2階,
清水秀成税理士事務所,http://www2.tbb.t-com.ne.jp/shimizu-kaikei/,埼玉県春日部市永沼 2234-1,
ロイヤル税理士法人,http://ogura-chouzai.com/,兵庫県豊岡市下陰2-3 ＵＤビル102号室,
KUMAMOTO創業支援機構,https://start-kumamoto.com/,熊本県熊本市中央区八王寺町30-1 メインプレイス熊本南6F-E,
税理士法人ザイムパートナーズ,http://nagoyadekaisha.com/,愛知県名古屋市中区栄2-8-12　伏見ＫＳビル6階,
FSGマネジメント株式会社,http://www.fsg-group.co.jp/,東京都中央区京橋1-3-2モリイチビル 4階,
山本佳美税理士事務所,https://y-office.biz/,東京都多摩市落合1-5-1 グリムコート306,
中村章税理士事務所,https://nakamura-a-kaikei.com/,東京都新宿区西新宿7-22-1　上野ビル2F,
内野公認会計士事務所,http://uchino-cpa.jp/,東京都豊島区南大塚１－６０－２０　天翔大塚駅前ビルS712,
山重大二郎税理士事務所,https://www.d-yamashige.com/,東京都中央区日本橋茅場町1-13-13 七宝ビル7階,
佐久間税理士事務所,http://sakuma-tax.jp/,神奈川県横浜市西区北幸2丁目13番9号 北幸ぐうはうすB棟403,
株式会社さくら総合事務所,http://www.sakura-sogo.com/index.html,福島県郡山市鶴見坦1-6-34,
竹内良輝税理士事務所,http://takeuchi-zeirishi.tkcnf.com/pc,長野県　長野市若宮２−４−８,
フローラ税理士法人,http://www.cam.hi-ho.ne.jp/m-tokoyoda,東京都中央区湊1-7-4 MJﾋﾞﾙ5F,
能登屋会計事務所,http://www.notoya.jp/assistance/,東京都渋谷区代々木５－７－５  ​PRTAL  POINT Yoyogi-koen 503,
マーカス経営会計事務所,http://www.actax.jp,大阪府大阪市中央区船越町１丁目６番６号レナ天満橋８階,
税理士法人未来税務会計事務所鹿児島川内支店,http://www.e-ryouke.jp/pc,鹿児島県薩摩川内市平佐町２２２７番地１　堀ビル２階,
有馬税務会計事務所,http://www.kanae-arima.jp/,東京都千代田区神田岩本町1番地 山上ビル5階,
市川税務会計事務所,http://www.ichikawa-cpa.jp,東京都世田谷区経堂1-11-9 タジマビル3階,
公認会計士・税理士　山田一雄事務所,https://yamada-cpa.com/,愛知県名古屋市中区金山1-9-15　幸伸ビル5F,
水野会計事務所　ミズの館,http://www.mizunotax.com,岐阜県岐阜市中鶉3-70-7,
上原浩二会計事務所,http://acsv.jp,奈良県奈良市東登美ヶ丘1-11-3,
博英税理士法人,http://www.k-tax.jp,東京都中央区銀座2丁目11番15号　ＳＦ銀座ビル8階,
ふじ総合法律会計事務所,http://www.office-fuji.com,大阪府大阪市北区堂島1-1-25　新山本ビル8F,
青山税理士事務所,http://www.aoyamaoffice.com,東京都荒川区西日暮里５−１４−１０サンライズビル４０１,
原田会計事務所,http://www.harada-kaikei.jp,静岡県浜松市中区葵西1-2-15,
有限会社後藤会計事務所,http://1gotokaikei.com,山形県山形市花楯1丁目2−12 ロイヤルビル,
笠井綜合法律事務所,http://www.mmc-club.net,大阪府大阪市西区西本町1丁目2番17号　本町グランドビル3階,
北澤税理士事務所,http://kitazei.jimdo.com/,埼玉県所沢市星の宮2-3-35 マキノビル3F,
中村隆之税理士事務所,http://nakamura-tax.jp,神奈川県横浜市中区相生町1-10帳文堂ビル302,
平沼税務会計事務所,http://www.e-hiranuma.com,千葉県浦安市猫実4-6-26　ミナモトビル405,
吉田誠税理士事務所,http://www.ym-office.com,千葉県市川市南八幡4-15-17パレスフィ-ルド南八幡301,
与喜多会計,http://www.yogitakaikei.com,埼玉県越谷市中町3-15,
税理士法人おしまち会計社（旧 堀内一雄税理士事務所）,http://www.h-tax.jp/pc/index.html,山梨県富士吉田市上吉田5丁目6-14,
内部税理士事務所,http://www.u-tax.jp,島根県出雲市武志町773-4　コーポマルシン2F,
税理士法人 くまもと税経システム,http://www.k-zeirishi.jp,熊本県熊本市中央区帯山4丁目14-48,
税理士法人アール,http://www.p-partner.net,大分県大分市下郡東1-6-30　SCPビル2F,
林会計事務所,http://www.hayashi-zei.com/pc,東京都千代田区飯田橋2-1-4九段セントラルビル601,
山田公一税理士事務所,http://www.yamada-zeirishi.com,東京都世田谷区三軒茶屋2丁目15番14号ＡＢＣビル314,
岡田会計事務所,http://www.okadakaikei.com,神奈川県横須賀市小川町10-1-909,
木村雄二税理士事務所,http://www.e-azusa.jp,神奈川県横浜市鶴見区鶴見中央3-21-7リエス鶴見（鶴見中央ビル）3F,
轟木洋二税理士事務所,http://www.todoroki-tax.com,,
株式会社ワンストップ,http://www.one-stp.com,神奈川県小田原市本町1-1-31,
鵜飼税理士事務所,http://www.ukai-zeirishi.com,静岡県磐田市三ヶ野台13番地5,
南艸康充税理士事務所,http://www.nagusa.jp,大阪府大阪市西区北堀江1-1-4　長堀新興産ビル7F,
田崎盛満税理士事務所,http://www.ai-dea.net/shop/tasaki/,沖縄県沖縄市泡瀬1-19-23,
塩島会計事務所,http://www.shio-jima.com/,山梨県甲府市国母8-27-3,
齋藤税理士事務所,http://www.zeirishikai-urawa.com/about/2012/06/post-295.html,埼玉県さいたま市緑区東浦和3-7-11-606,
ふたば税理士法人羽生東事務所,http://www.sakurai-office.com/,埼玉県羽生市東９丁目２-６,
久馬税務会計事務所,http://www.kyuma-tax.jp/annai/,大阪府大阪市中央区谷町9丁目4番7号 信和ビル3階,
永井税理士事務所,http://nagai-zei.com/,千葉県市川市行徳駅前1-2-9,
宮澤税理士事務所,http://www.miyazawa-office.com/,東京都港区芝5-13-12 第2定方ビル3階,
石田税務会計事務所,http://kessan-jp.net/,東京都中央区日本橋人形町1-16-6 ミキビル5階,
税理士法人新日本東京事務所,http://www.yagitaxaccountant.com/,東京都新宿区西新宿3-7-33　ミツワバイナリー201,
大槻公認会計士事務所,http://otsuki-zei.jp/,大阪府大阪市中央区南本町2-6-8-5F,
峰公認会計士・税理士事務所,http://www.mine-office.gr.jp/,佐賀県佐賀市神野東2丁目1番25号 グレイスモナージュ佐賀駅前2階,
紀北はしもと法律事務所,http://www.kihoku-hashimoto-law.jp/,和歌山県橋本市東家１丁目１－１５,
丸の内法律事務所,https://www.marunouchi-law.net/,高知県高知市丸ノ内１丁目６番２号 丸の内タムラビル３階,
早川公認会計士税理士事務所,http://www.hayakawa-cpa.jp/,栃木県小山市駅南町５丁目３－２２－１０１,
会田哲治税理士事務所,http://www.tax-kaita.com/,栃木県栃木市箱森町３９－１２,
税理士法人　四ツ池会計,https://yotsuike.com/,静岡県浜松市中央区幸4丁目19番23号,
行政書士山岸総合法務オフィス,http://www.yamagishi-office.com/,東京都目黒区五本木２丁目２８－１７,
松崎美和税理士事務所,http://miwa-tax.com/,千葉県船橋市本郷町442 クリアハイツ船橋201,
河合孝彦税理士事務所,http://www.kawaikaikei.com/,福井県福井市春山１丁目９－１３,
荒堀政男事務所,http://www.koma.co.jp/ara1.htm,京都府相楽郡精華町大字祝園小字門田１１－１０,
里見裕司税理士事務所,http://www.satomi-tax.com/pc/index.html,大阪府東大阪市長栄寺３－８,
税理士法人みらい会計,http://www.mirai-tax.net/,岐阜県揖斐郡池田町片山273,
田中税務経理事務所,http://www.tanaka-z.co.jp/,新潟県新潟市中央区西堀通4-259-58 西堀青藍館801,
笠井会計事務所,http://kasaikaikei.com/,岐阜県各務原市鵜沼三ツ池町2-103,
吉祥院法律事務所,http://www.u-tax.cc/,京都府京都市南区吉祥院中河原里西町３４,
有限会社 石瀬経営会計,http://www.ishise.co.jp/,石川県金沢市長坂３丁目１２－２７,
有限会社仲本経営ブレーン,http://www.nakamoto-cpa.com/,奈良県香芝市真美ヶ丘２丁目７－２０,
サンピス福祉会計,http://www.sunpis.com/,山梨県甲府市中小河原１丁目１２－１５,
髙木俊継税理士事務所,http://mirise.consulting/,大阪府大阪市中央区内平野町1丁目3番7号ベルヴォア内平野6階,
松本昌士税理士事務所,http://www.matsumoto-zeirishi.jp/,大阪府交野市私市1丁目1番24号2階,
船倉総合会計事務所,https://www.funakura.org/,広島県広島市中区上幟町２－４１　スパジオカーサ２Ｆ,
木戸信一税理士事務所,http://kidotaxoffice.com/#mainvisual,福岡県築上郡吉富町大字幸子９６２番地１,
税理士法人さくらパートナーズ,https://www.sakura-ptrs.jp/,沖縄県那覇市おもろまち4-19-30　新都心DLビル4F,
パークサイド会計税務事務所/株式会社パークサイド会計コンサルティング,http://parkside-firm.com/,東京都新宿区新宿4-3-15 レイフラット新宿1008,
伊勢田公認会計事務所,http://iseda-cpa.com/,東京都品川区,
山口税理士事務所,https://summit-consul.net/,広島県広島市西区横川町2-5-17,
さくらジャパン税理士法人,https://tanaka-rizai.tkcnf.com/,群馬県高崎市緑町1-11-7,
税理士法人AI,http://zei-ai.com/,奈良県奈良市法華寺町50-5 こも川ビル1F,
税理士法人WithYou,http://www.with-y.jp/,神奈川県横浜市神奈川区鶴屋町二丁目9番地22,
永野修一税理士事務所,http://www.nagano-tax.com/,東京都文京区本郷2-17-8 鈴木ビル4F,
クロスポイント税理士事務所,https://corp.x-p.jp/,東京都港区西麻布1-12-5 SW六本木通ビル3F,
税理士法人エベレスト,http://zeirishi-everest.com/,愛知県名古屋市中村区名駅五丁目3番6号 神谷ビル6F,
行政書士黒田事務所,http://www.kaishatachiage.jp/,静岡県静岡市葵区両替町一丁目6番地の8第一松永ビル3階,
行政書士事務所ナデック,http://mie-gyosei.com/,三重県鈴鹿市白子町2926　パレンティーアオフィス101,
中村司法書士事務所,http://www.nakamura-legal.jp/,島根県松江市玉湯町湯町1991番地1,
日本企業価値承継機構株式会社,http://www.jcvs.co.jp/,群馬県伊勢崎市三和町2739-2,
ひろせ司法書士事務所,https://kigyo.kagawa.jp/,香川県高松市木太町1288番地2,
朝尾行政書士(特定行政書士)・マンション管理士事務所,http://asao-gyousei.com/,東京都台東区台東3丁目44番6号 スカイノブレ御徒町ビル302号,
行政書士事務所 Licht（リヒト）,http://hiroshima-kaisya.com/,広島県尾道市栗原町11660番地8,
行政書士岩富法務事務所,http://kaisha-nara.com/,奈良県生駒郡平群町菊美台4丁目13番15号,
株式会社ユニラボ,https://buyer.imitsu-cloud.jp/service/search/176/?searchOption=8563,8585,
株式会社BIZPOWER,http://bizpower.co.jp/,埼玉県さいたま市大宮区桜木町1-378,