会社名	所在地	会社URL	営業日	返信	有効返信数	仕事繋がったか
株式会社カタチヅクリ	愛知県	https://katachidukuri.co.jp/				
株式会社Brandea	愛知県	https://brandea.co.jp/				
ASUE株式会社	愛知県	https://asue.jp/				
株式会社ベイビー	愛知県	http://baby-inc.co.jp/				
株式会社スペリオル	愛知県	http://www.superior.co.jp/				
有限会社キーノスロジック	愛知県	https://kynos.co.jp/				
株式会社エーアンドエー	愛知県	https://a-and.co.jp/				
有限会社ウエイヴメディアワークス＆ラボ	愛知県	https://wave-net.com/				
有限会社マダインターナショナル	愛知県	http://ec-mada.com/				
株式会社シンクスデザイニングプロ	愛知県	https://thinks-net.com/				
株式会社DaLaFarm	愛知県	https://www.dalafarm.net/				
株式会社SmileAgain	愛知県	https://smile-again.co.jp/				
株式会社ライオンハート	愛知県	https://www.lionheart.co.jp/				
アイトレンド	愛知県	https://itrend-corp.com/				
モアスタッフ	愛知県	http://more-stuff.net/				
WhizzoProduction	愛知県	http://whizzo.jp/				
株式会社PieceCraft	愛知県	http://piece-craft.jp/				
大屋企画	愛知県	http://www.oyaoya.jp/				
株式会社ジャシック	愛知県	http://www.jasic.co.jp/				
株式会社アプキー	愛知県	https://appkeyshop.com/taxi/				
株式会社光風企画	愛知県	https://www.koofuu.co.jp/				
コレオ株式会社	愛知県	http://www.choreo.co.jp/				
株式会社Ｃ－ＵＮＩＴＳＱＵＡＲＥ	愛知県	https://www.c-unit.co.jp/				
株式会社MAWSデザイン	愛知県	https://mawsdesign.com/				
有限会社ライトハウス	愛知県	https://l-house.jp/				
株式会社アイエリア	愛知県	https://ai-area.com/				
株式会社ゾッド	愛知県	https://www.zoddo.info/				
株式会社らいふぼーと	愛知県	https://pc-lifeboat.com/				
西田商事株式会社	愛知県	http://www.nishida-sj.com/company/company-info/				
株式会社アイデアソース	愛知県	https://www.ideasource.jp/				
株式会社ニューフォース	愛知県	https://newforce.co.jp/				
有限会社エスケイ企画	愛知県	https://www.toyo84.net/				
株式会社レイヤーワークス	愛知県	https://layerworks.co.jp/				
株式会社こいけやクリエイト	愛知県	http://koikeya-create.com/				
アライブ株式会社	愛知県	https://alive-web.co.jp/				
株式会社エー・シー・プラネット	愛知県	https://www.acplanet.co.jp/				
プランエイチ株式会社	愛知県	https://plan-h.info/				
株式会社アクティブフェローズ	愛知県	https://www.a-fellows.co.jp/				
株式会社かいな	愛知県	https://caina.co.jp/				
株式会社ファーストクリエイト	愛知県	https://first-create.com/				
ウィルパートナー	愛知県	https://willpartner-o.com/				
株式会社八進	愛知県	https://hasshin-creators.com/				
インテグレ株式会社	愛知県	https://www.integre.co.jp/				
株式会社カプセル	愛知県	https://capsulegraphics.jp/				
有限会社C-style	愛知県	http://www.dtp-c.com/				
ファイナルフロンティア	愛知県	https://www.final-frontier.jp/				
株式会社ジョブズツール	愛知県	http://jobs-tools.com/				
株式会社KHデザイン	愛知県	http://www.kh-d.com/				
株式会社デイズ	愛知県	http://www.days.jp/				
株式会社セッションエム	愛知県	https://www.session-m.com/				
株式会社コネクティボ	愛知県	https://www.conextivo.com/				
株式会社サイブロス	愛知県	https://cybros.jp/				
C-designoffice	愛知県	http://c-designoffice.com/				
FOLKSWORKS	愛知県	https://www.folksworks.com/				
アイジョブ株式会社	愛知県	http://ai-job.co.jp/				
株式会社ライトオフィス	愛知県	http://light-o.com/				
藤デザイン	愛知県	https://fujidesign-nagoya.com/				
スノウコーン株式会社	愛知県	https://www.snowcone.jp/				
株式会社ヨビコム	愛知県	http://yobicom.co.jp/				
株式会社ホワイトネットソリューション	愛知県	https://white-net-solution.co.jp/				
株式会社エクスネット	愛知県	https://exnet.biz/				
メディカ株式会社	愛知県	https://medica-web.jp/				
有限会社ARCH	愛知県	http://www.arch-labo.com/				
株式会社NEXTARROW	愛知県	https://nextarrow.co.jp/index.html				
株式会社アコース	愛知県	https://www.6web.ne.jp/				
HoriMasacoDesign	愛知県	https://hm-design.net/				
株式会社エイチーム	愛知県	https://www.a-tm.co.jp/				
TOYSMEDINIUM有限会社	愛知県	http://www.toys.ne.jp/				
クノデザインワークス	愛知県	http://www.k-dw.com/				
株式会社リミックスプロダクツ	愛知県	https://remix-net.jp/				
株式会社ONEWEB	愛知県	https://www.1web.co.jp/				
株式会社都デザイン	愛知県	https://meyster.jp/				
ウェブデザインスタジオ・アーロン	愛知県	http://www.alon.jp/				
株式会社Bricks&UK	愛知県	http://bricksuk-web.biz/				
アイヴィクス株式会社	愛知県	https://ivix-design.co.jp/				
いぬやまｅ-コミュニティーネットワーク	愛知県	https://www.inuyama.net/				
株式会社テイク・スリー	愛知県	https://take3.co.jp/				
うさぎ団デザイン	愛知県	http://usagidan.biz/				
株式会社トキ･テック	愛知県	https://tokitech.co.jp/				
リクルートラボ株式会社	愛知県	https://recruitlab.jp/				
有限会社オーエス企画	愛知県	https://ec-cube.work/				
株式会社エンジニアリング中部	愛知県	http://www.webzero.jp/				
D-MAKING	愛知県	https://www.d-marking.jp/				
エーオーワイ・ウェブデザイン	愛知県	https://aoy.jp/				
株式会社エフエーエス	愛知県	https://recruit-web.com/				
株式会社翌桧ウェブレーベル	愛知県	https://www.asunaro-web.jp/				
有限会社プラネッタ	愛知県	https://www.planeta.co.jp/				
アルビノ・ウェブ・スタジオ	愛知県	https://www.alweb.biz/				
株式会社アークインターネット	愛知県	http://arkinter.net/				
有限会社アド・イースト	愛知県	https://ad-east.co.jp/				
coQue	愛知県	http://www.coque.jp/				
ご繁栄ネット	愛知県	http://gohanei.net/				
株式会社インスピーディア	愛知県	https://www.inspeedia.com/				
有限会社コンタクト	愛知県	http://www.contactmate.jp/				
高山製作所	愛知県	https://www.takayama-seisakusho.com/				
株式会社龍巳堂	愛知県	https://tatsumidou.com/				
株式会社ダイキ情報システム	愛知県	http://www.dis.co.jp/				
株式会社キャリアント	愛知県	http://test02.careant.com/				
株式会社スイッチ	愛知県	https://www.switch-inc.co.jp/				
株式会社オーエイ推進センター	愛知県	https://oa-center.co.jp/				
有限会社アスリンク	愛知県	https://azlink.jp/				
ワンページ株式会社	愛知県	https://onepage.co.jp/				
株式会社ジェイツ・コンプレックス	愛知県	https://www.readinc.co.jp/				
YdesIgn	愛知県	https://y-dsn.com/				
株式会社デイブレイクフレーバー	愛知県	http://www.daybreakflavor.net/				
株式会社クロスオン	愛知県	https://www.xon-inc.jp/				
MONOLISIX株式会社	愛知県	https://monolisix.jp/sent				
株式会社アドバ	愛知県	https://www.adva-webteam.com/				
有限会社ソフトプロダクション	愛知県	https://www.spi-net.co.jp/				
有限会社晃新	愛知県	http://koshin-inc.com/				
株式会社イクイップ	愛知県	https://www.equipm.co/				
株式会社ネットコム	愛知県	https://www.netcom-inc.co.jp/				
偶偶ケイカク株式会社	愛知県	https://tmtmkk.jp/				
カンパニーギフト	愛知県	https://www.companygift.jp/				
株式会社トラエル	愛知県	https://www.toraeru.co.jp/				
WEBKOlab	愛知県	https://webko-lab.com/				
エムズオフィスグラフィック合同会社	愛知県	https://msofficegraphic.co.jp/				
CROSSLINE	愛知県	https://crossline.me/				
株式会社アップス	愛知県	http://ups-ad.com/				
株式会社セント・ロード	愛知県	https://www.centroad.com/				
オルガンファン	愛知県	https://www.organfan.jp/				
WarmSystem	愛知県	https://warm-system.com/				
SOHOLAND	愛知県	http://www.soholand.jp/				
monolaughic	愛知県	https://monolaughic.com/				
CreaveDesign	愛知県	https://creave-design.jp/				
有限会社イトウデザイン	愛知県	https://ito-ds.co.jp/				
株式会社ワントゥワン	愛知県	https://www.one-to-one.co.jp/				
有限会社キープラン	愛知県	https://www.keeprun.co.jp/				
保田デザイン事務所	愛知県	https://yasuda-design.com/				
プランニングオフィス・ラグーン有限会社	愛知県	https://lagoon.co.jp/				
オフィスリバーイン	愛知県	https://office-river-in.jp/				
OMI	愛知県	https://www.official-omi.com/				
販促工房	愛知県	https://business.sp-factory.site/				
うさみクリエイト	愛知県	https://usamisaki.site/				
株式会社ウェブエクリプス	愛知県	https://webeclipse.co.jp/				
bridgebuild	愛知県	https://bridgebuild-hp.com/				
株式会社セット	愛知県	https://set-inter.com/				
ビジュラス	愛知県	https://vislus.com/				
アトリエ・ガーネット	愛知県	http://atelier-garnet.com/				
有限会社スタジオウエイブ	愛知県	https://studio-wave.com/				
株式会社ジャパンネット	愛知県	https://japannet.cc/				
GUUMADESIGN	愛知県	https://guuma.design/				
株式会社NEXTARROW	愛知県	https://nextarrow.co.jp/				
株式会社シスコールジャパン	愛知県	https://syscall-japan.co.jp/				
セントラルデザイン株式会社	愛知県	https://www.centrald.jp/				
ピーアールディ	愛知県	https://hp-eki.com/				
有限会社ソウ意匠	愛知県	https://sou-i.com/				
株式会社電脳	愛知県	https://www.den-nou.jp/				
株式会社MLINE	愛知県	http://ml758.jp/				
株式会社インディ・アソシエイツ	愛知県	https://indy-net.co.jp/				
株式会社広告制作所	愛知県	http://www.seisakujyo.co.jp/				
ビスポーク株式会社	愛知県	http://commonld.com/				
株式会社GENESIS	愛知県	https://genesis-cs.firebaseapp.com/				
株式会社ハーティスシステムアンドコンサルティング	愛知県	https://hp-starter.jp/				
株式会社ネクスデザイン	愛知県	https://nexxdesign.jp/				
合同会社ラダー	愛知県	https://ladder.llc/				
MIOデザイン事務所	愛知県	http://www.miodesign-office.com/				
wonderweb	愛知県	http://wonder-web.jp/				
planassocie凛	愛知県	https://www.plan-ring.com/				
Zens合同会社	愛知県	https://zens.jp/				
CRE8MIX	愛知県	https://www.cre8mix.com/				
Cat’spaw	愛知県	https://catspaw-official.com/				
株式会社空空	愛知県	http://www.sorakoo.com/				
中京広告株式会社	愛知県	https://chukyo-ad.com/				
合同会社クラッチワークス	愛知県	https://www.clutchwerks.jp/				
株式会社プレーゴ	愛知県	https://www.prego-design.com/				
彩華ITサポート	愛知県	https://saika-its.com/				
名探偵株式会社	愛知県	https://meitantei.co.jp/				
ATSUTAON	愛知県	https://atsutaon.com/				
Web屋Beco	愛知県	https://webbeco.xsrv.jp/				
WEBCOLLECTION	愛知県	https://webcollection.biz/				
ROOTS	愛知県	https://roots.nagoya/				
株式会社ALFRED	愛知県	https://corp-alfred.com/				
株式会社Cans	愛知県	https://cans01.jp/				
株式会社禅	愛知県	http://nagoya-city.com/				
株式会社ヒカリオフィスグループ	愛知県	http://www.h-o-group.com/				
株式会社一進社	愛知県	http://www.kk-isshinsha.co.jp/				
株式会社中山ピーオーピーセンター	愛知県	http://nakayamapop.com/				
CL-net	愛知県	http://cl-net.info/				
株式会社サニースマイル	愛知県	https://sunnysmile-inc.com/				
トキガラデザイン	愛知県	https://tokigara-design.com/				
POESY*ポエジー	愛知県	https://www.poesyinc.jp/				
株式会社ピコ・ナレッジ	愛知県	http://www.pico.co.jp/				
fullfeiz（フルフェイズデザイン事務所）	愛知県	http://fullfeiz.com/				
有限会社トータル・アシスト	愛知県	http://www.totalassist.jp/				
WEBLICLLC（ウエブリツク合同会社）	愛知県	https://www.weblic.co.jp/				
株式会社ジェイアンドティシステムズ	愛知県	http://www.jt-sys.co.jp/				
株式会社エーオー	愛知県	https://www.ao-premura.com/				
株式会社ラージックウェーブ	愛知県	https://largic-wave.jp/				
森猫堂	愛知県	http://www.morinekodou.com/				
株式会社ブリッツゲート	愛知県	https://blitzgate.co.jp/				
株式会社アイワット	愛知県	https://www.iwat.co.jp/				
株式会社シンクポート	愛知県	http://www.thinkport.net/				
アイティサポート有限会社	愛知県	http://it-supporting.jp/				
株式会社ノンスタイル	愛知県	http://nonstyle.jp/				
合同会社G-CREATE	愛知県	http://g-create.jp/				
有限会社アップフィールド	愛知県	http://www.upfield.co.jp/				
FUZZGRAPHICS	愛知県	http://www.fuzz-graphics.com/				
株式会社サクラアルカス	愛知県	https://www.sakura-pr.co.jp/				
株式会社N2i	愛知県	https://n2i.jp/				
有限会社アイデス	愛知県	https://ides-creative.site/				
株式会社アトリエブロス	愛知県	http://www.a-blosse.co.jp/				
株式会社スコール	愛知県	http://www.skal.co.jp/				
モーメント	愛知県	http://moment.jpn.com/				
ジャナク株式会社	愛知県	http://www.janac.co.jp/				
株式会社イングカワモト	愛知県	https://ingk.jp/				
LOUIESTUDIO（ルーイースタジオ）	愛知県	http://www.louie-studio.com/				
セリム株式会社	愛知県	http://serimu.com/				
有限会社WAKO	愛知県	http://www.wako-box.com/				
株式会社スパイスネットワークス	愛知県	https://www.spicenetworks.co.jp/				
株式会社TAO	愛知県	https://tao-iw.com/				
中京コピー株式会社	愛知県	http://www.chukyocopy.co.jp/				
株式会社エステック	愛知県	http://www.s-tec-nagoya.co.jp/				
株式会社ハーベスト・クロップス	愛知県	http://www.harvest-crops.com/				
株式会社ソーゴー	愛知県	http://www.sogo-aichi.co.jp/				
株式会社LOC	愛知県	https://loc-kk.com/				
余白文化株式会社	愛知県	https://yohaku-bunka.com/				
有限会社ステイション	愛知県	https://www.station-j.com/				
株式会社花のや	愛知県	https://hanano-ya.jp/				
株式会社オンカ	愛知県	https://onca.co.jp/				
株式会社LifeArcSystem	愛知県	https://www.lifearcsystem.co.jp/				
株式会社Miyamoto/ホームページ制作Miyamoto	愛知県	https://miyamoto-hp.com/				
株式会社ホームページショップ	愛知県	https://hp-shop.co.jp/				
ウェブフィット	愛知県	https://web-fit.jp/				
ブライトシー株式会社	愛知県	https://brightsea.jp/				
株式会社エッコ	愛知県	https://ecco.co.jp/				
ハルモ株式会社	愛知県	http://www.hulmo.jp/				
Cat'spaw	愛知県	https://catspaw-official.com/				
てまひま	愛知県	https://renkosaka.com/temahima/				
株式会社Lexa	愛知県	https://lexa.co.jp/				
株式会社SPD	愛知県	https://www.spd-inc.jp/				
株式会社STシステムズコンサルティング	愛知県	https://st-systems.net/				
monostyle	愛知県	https://monostyle.net/				
GROWISH	愛知県	https://growish.net/				
toimoidesign	愛知県	https://www.reina-design.com/				
株式会社TIMEINNOVATION	愛知県	https://timeinnovation.co.jp/				
株式会社いづつや本店	愛知県	https://idutsuyahonten.jp/web/				
サムライラボ株式会社アップラボ	愛知県	https://www.samurai-lab.jp/				
株式会社タスクスクエア	愛知県	https://www.tasksquare.biz/				
株式会社アクアリング	愛知県	https://www.aquaring.co.jp/				
有限会社アップルップル	愛知県	https://www.appleple.com/				
MonWeb	愛知県	https://monweb-okazaki.com/				
株式会社タービン・インタラクティブ	愛知県	https://www.turbine.co.jp/index.html				
株式会社デイリー・インフォメーション中部	愛知県	https://www.din-c.jp/				
株式会社ウェブネーション	愛知県	https://webnation.co.jp/				
株式会社アドバンテージ	愛知県	https://www.hp-nagoya.com/				
株式会社エフカラー	愛知県	https://fcolor-d.com/				
有限会社新島村屋	愛知県	https://www.fobs-n.com/				
Catwork株式会社	愛知県	https://homepage-make.jp/				
LIBESTA	愛知県	https://libesta.jp/				
株式会社ラテラルリンク	愛知県	https://laterallink.jp/				
Delapan	愛知県	https://www.delapan.jp/				
株式会社イーダ	愛知県	https://www.iii-da.co.jp/				
株式会社K・Iワークス	愛知県	https://webicon.jp/				
株式会社ミルゲート	愛知県	https://www.mirugate.co.jp/				
株式会社アイビーネット	愛知県	https://www.ibnet.ne.jp/				
株式会社オフィスサポートセンター	愛知県	https://www.osc-kk.co.jp/				
デコジャパン株式会社	愛知県	https://decojapan.com/				
マーキーデザイン	愛知県	http://www.mqe.jp/				
nanoconnect（ナノコネクト）	愛知県	https://www.nano-connect.com/				
モアイデザイン	愛知県	https://moai-design.com/				
株式会社創工社	愛知県	http://www.soukou.net/				
株式会社ウェブランディング	愛知県	http://www.w-brand.com/				
株式会社エアスターラング	愛知県	https://www.erster-rang.co.jp/				
モデルクリエ	愛知県	https://modercrea.com/				
株式会社ケイ・クリエイト	愛知県	http://www.k-create.co.jp/				
株式会社フリースタイルエンターテイメント	愛知県	https://www.freestyle-entertainment.co.jp/				
エムアンドエムデザイン	愛知県	https://mmdesign-nagoya.com/				
うぇぶぱんだ	愛知県	https://web.nandemopanda.com/				
BEANSWORK	愛知県	http://beanswork.com/				
YdesIgn	愛知県	https://y-dsn.com/				
サカイiT企画	愛知県	https://www.sakaiitproject.com/				
クロスロード	愛知県	https://www.wdcro.com/				
メザイク	愛知県	https://mezaiku.com/				
株式会社ピアワークス	愛知県	https://piaworks.com/				
株式会社インパクトたき	愛知県	https://www.impact-taki.co.jp/				
株式会社ネット・フレンズ	愛知県	https://www.net-friends.co.jp/				
株式会社中日総合サービス	愛知県	https://chunichi.nagoya/				
株式会社SPOT	愛知県	http://spot-web.jp/				
株式会社アットノエル	愛知県	https://www.attnoel.co.jp/				
株式会社ナゴウェブ	愛知県	https://nagoweb.co.jp/				
ウェブタブレ	愛知県	https://www.web-table.com/				
Webプロフェッショナルスタジオアヤナス	愛知県	http://www.ayanas.co/				
グレイシーテクノロジー株式会社	愛知県	http://gracy.co.jp/				
株式会社テラ	愛知県	http://www.cdn-tera.co.jp/				
株式会社テレビシティ	愛知県	http://www.tvcity.co.jp/				
有限会社ユニゾン	愛知県	https://i-unison.co.jp/				
株式会社オフィスオフサイド	愛知県	http://www.offside.ne.jp/				
株式会社オールシステム	愛知県	https://www.web-alls.co.jp/				
株式会社リイド	愛知県	https://www.readinc.co.jp/				
株式会社シネマレイ	愛知県	https://www.cinemaray.co.jp/				
株式会社中部システム事務機	愛知県	http://www.chubusystem.jp/				
有限会社シーエスプラス	愛知県	http://www.csplus.jp/				
TPF	愛知県	https://kangaroo-media0.com/				
株式会社大平経営コンサルティング	愛知県	https://selsapo.com/				
株式会社アントロワ	愛知県	https://untrois.co.jp/				
株式会社トラストプラス	愛知県	https://www.trust-plus.jp/				
有限会社ワンクリックアイティー	愛知県	http://oneclick.co.jp/				
クリエイトデザイン株式会社	愛知県	http://www.websta.biz/index.html				
株式会社ミムス	愛知県	http://mimth.co.jp/				
株式会社アース・エイジ	愛知県	http://nagoya-web.com/				
有限会社グート	愛知県	http://www.gut.ne.jp/				
株式会社Attain	愛知県	http://www.attain-ad.jp/				
株式会社ゆめある	愛知県	http://www.yumearu.co.jp/				
tetote	愛知県	https://design-tetote.com/				
株式会社S&A	愛知県	http://s-and-a.jp/				
株式会社インテックス	愛知県	http://www.intecs.ne.jp/index.php				
株式会社ボンボンレザンヌ	愛知県	https://bonbonraisinne.co.jp/				
株式会社クオンタイズ	愛知県	http://www.quantize.co.jp/				
アナリストインテリジェンス株式会社	愛知県	http://anin.jp/				
株式会社アジル	愛知県	http://www.azile.co.jp/				
有限会社ネイビーモバイル	愛知県	http://navymobile.co.jp/				
Enazeal株式会社	愛知県	https://create.enazeal.co.jp/dm/				
AKIWEBDESIGN	愛知県	http://aki-webdesign.com/				
Gdesign	愛知県	https://gdesign.nagoya/				
株式会社メイクヘイストスローリー	愛知県	https://make-haste-slowly.org/				
株式会社にこいち	愛知県	https://nicoichi.jp/				
合同会社Linlin	愛知県	https://www.llc-linlin.com				
株式会社ベイス	愛知県	https://www.base-net.co.jp/				
リップルネット株式会社	愛知県	http://www.rip-ple.com/				
株式会社クイックリー	愛知県	https://quickly-web.com/				
アリッツ株式会社	愛知県	https://www.alitz.co.jp/				
有限会社ビザン	愛知県	https://www.vizan.co.jp/				
藤田電機株式会社	愛知県	https://www.puclub.co.jp/				
ジェービーエフ株式会社	愛知県	https://www.jbf-f.co.jp/				
ハンジョウ株式会社	愛知県	http://www.hanjou.co.jp/				
株式会社Notoカレッジ	愛知県	http://www.notocolle.co.jp/				
有限会社シースリー	愛知県	http://www.c-3.jp/				
株式会社BRIDGE	愛知県	http://nashweb.jp/				
デザイン事務所森の生活	愛知県	http://www.morinoseikatsu.net/				
アーク株式会社	愛知県	http://www.arc2.jp/				
株式会社ウィルファインド	新潟県	https://will-find.co.jp/				
株式会社クーネルワーク	新潟県	https://cunelwork.co.jp/				
株式会社JIC	新潟県	https://www.jicorde.jp/				
株式会社ネオス	新潟県	https://www.neos-design.co.jp/				
株式会社ProntoNet	新潟県	http://www.prontonet.ne.jp/				
株式会社POPLEAF	新潟県	https://popleaf.co.jp/				
株式会社JIVE	新潟県	https://jivejp.com/				
有限会社アイティーエス	新潟県	https://its-site.net/				
株式会社ユニークワン	新潟県	https://unique1.co.jp/				
U-Design	新潟県	http://ipo-udesign.jp/				
APRI*COT	新潟県	https://www.apri-cot.com/				
スタイルゲート	新潟県	https://stylegate.info/				
株式会社muku.	新潟県	https://muku-corp.co.jp/				
トラストラボ株式会社	新潟県	https://trustlab.jp/				
株式会社Creative.LAB	新潟県	https://ad.creativelab.biz/				
株式会社ドルマ	新潟県	https://doruma.com/				
スタッフゼプト	新潟県	https://s-zepto.com/				
モアプラスデザイン	新潟県	https://moreplus-design.com/				
株式会社バーツプロダクション	新潟県	https://www.virts.jp/				
リハヤスタイル	新潟県	http://rihayastyle.com/				
株式会社ソルメディエージ	新潟県	https://www.solu-mediage.com/				
ザンシン株式会社	新潟県	http://www.zansin.co.jp/				
株式会社NJNF	新潟県	http://njnf.main.jp/				
エクシア	新潟県	http://www.excia-x.com/				
SIIG株式会社	新潟県	https://siig.jp/				
デアプラン	新潟県	http://www.derplan.jp/				
株式会社にいがた三昧	新潟県	https://www.zanmai.info/				
株式会社シアンス	新潟県	https://www.siance.co.jp/				
株式会社ビットサインテクノス	新潟県	https://www.63pack.com/				
株式会社グローバルネットコア	新潟県	https://www.global-netcore.jp/				
株式会社ドットコム・マーケティング	新潟県	https://www.com-m.com/				
有限会社ウェブアプト	新潟県	http://www.webapte.com/				
株式会社プラクリ	新潟県	https://plucre.com/				
ドルマHP	新潟県	https://doruma.com/				
ときめきCreate	新潟県	https://tokimekicreate.com/				
合同会社ファジカ	新潟県	https://fagica.jp/				
株式会社キタック	新潟県	http://cgsc.info/				
株式会社アイサポート	新潟県	http://www.is1.co.jp/				
株式会社リユース	新潟県	https://groworks.jp/				
プラスドットデザイン	新潟県	https://www.plusdot-design.com/				
株式会社ソフト・ドゥ	新潟県	http://www.softdo.co.jp/				
魚沼情報サービス	新潟県	https://uonuma-js.com/				
株式会社ELnetwork	新潟県	https://www.el-network.com/				
有限会社クリスティ	新潟県	http://www.christy.jp/				
株式会社ピーアンドエム	新潟県	http://www.pm-factory.com/				
株式会社スリー	新潟県	https://three-inc.jp/				
株式会社創風システム	新潟県	https://www.sofu.co.jp/				
株式会社ＣＲＭセンター	新潟県	http://www.crm-c.jp/				
株式会社マイスター	新潟県	http://meister-net.com/				
株式会社ジェイテック	新潟県	http://www.jtecnet.co.jp/				
有限会社オフィスササガワ	新潟県	https://www.web-sasa.com/				
スペック株式会社	新潟県	http://www.spec-j.co.jp/				
株式会社ポップリーフ	新潟県	http://popleaf.co.jp/				
アズー	新潟県	https://azoo-d.com/				
株式会社クワサンプラス	新潟県	http://kuwasan.jp/				
CunaDesign	新潟県	http://www.cuna-design.com/				
株式会社中越クリエイティブ	新潟県	http://www.chuetsu.net/				
ミリヤム新潟	新潟県	http://www.mrym.com/				
株式会社YOrisoU	静岡県	https://syoki0.com/				
モアフィールド株式会社	静岡県	https://more-field.co.jp/				
MP株式会社	静岡県	https://www.mpcreative.jp/				
株式会社スイッチスタイル	静岡県	https://www.sw-style.jp/				
K-OFFICE	静岡県	http://koffice-hp.com/				
株式会社グランロード	静岡県	https://www.grandroad.co.jp/				
ウェブパレット	静岡県	https://web-pallet.com/				
株式会社KOKOROMI	静岡県	https://kokoromi.co.jp/				
株式会社ギガント	静岡県	http://gigant.co.jp/				
テットコム	静岡県	https://www.imadoki-design.com/				
株式会社マツヤマ・デザイン	静岡県	http://www.md-f.jp/				
株式会社アーティスティックス	静岡県	http://www.artistics.co.jp/				
スリーカウント株式会社	静岡県	http://www.three-count.jp/				
株式会社エムデザイン	静岡県	https://emdesign.jp/				
有限会社ライフロード	静岡県	http://www.life-road.com/				
株式会社GeoDesign	静岡県	https://www.geodesign.in/				
タウンツール株式会社	静岡県	http://town-tool.jp/				
株式会社ラトーナマーケティング	静岡県	http://www.latona-m.co.jp/				
株式会社アルファゲート	静岡県	http://www.alpha-gate.co.jp/kaisha_annai.php				
アイテサイン合同会社	静岡県	https://itesign.net/				
株式会社ルーパス	静岡県	http://www.loopus.co.jp/				
株式会社東海オフィスクリエイト	静岡県	http://www.tokai-create.jp/				
株式会社ココ・コミュニケーション	静岡県	http://cococom.jp/				
アドレック事業部	静岡県	https://adrec-dept.com/				
スペースボギーWebコンサルタント事務所	静岡県	https://spaceboggy.jp/				
株式会社ネットフラワーズ	静岡県	http://www.netflowers.co.jp/business-3.html				
株式会社iHoldings	静岡県	https://iholdings.jp/				
株式会社アプライズ	静岡県	http://www.aprise.co.jp/				
株式会社フォスター	静岡県	https://www.fostor.jp/				
三浦企画	静岡県	https://miurakikaku.site/				
iori:Design	静岡県	https://iori-design.com/				
IANWebCreation	静岡県	https://ian-web.com/				
デザインスタジオFormulaWorks	静岡県	http://formula-works.com/				
株式会社ワンコシステム	静岡県	http://www.wanko-system.co.jp/service/homepage				
THSティーエイチエス	静岡県	https://www.tokai-ths.com/				
有限会社ツタヤデザイン事業部E-LINE	静岡県	https://www.eline-d.com/				
有限会社オフィスタグ	静岡県	https://www.office-tug.com/				
WebScale	静岡県	https://www.w-scale.com/				
株式会社インスピレーション	静岡県	http://insp.cc/				
SweetDesign	静岡県	http://sweet-design.chu.jp/				
株式会社グラフィティーラボ（Graffiti.lab）	静岡県	http://g-lab.jp/				
aDesignSpot	静岡県	http://www.design-spot.net/				
株式会社アルファフィールド	静岡県	http://www.alfa-field.co.jp/				
STATEOFNATUREDESIGN（ステイトオブネイチャーデザイン）	静岡県	http://www.state-of-nature.com/				
株式会社ハイスペック	静岡県	http://highspec.jp/				
有限会社フロムサーティー	静岡県	http://www.from-thirty.co.jp/				
サークルライン	静岡県	http://www.circleline.jp/				
デザインスタジオ・エフ	静岡県	http://design-studio-f.com/				
有限会社アディットプラス	静岡県	http://www.added-plus.com/				
キウチデザイン	静岡県	http://www.kiuchi-design.jp/				
リップル・ファクトリー	静岡県	http://www.ripple-factory.com/				
株式会社ビーエス静岡	静岡県	http://bssz.co.jp/				
株式会社エアビューション	静岡県	http://airbution.com/				
studioBASiC	静岡県	https://studiobasic.jp/				
有限会社チップス	静岡県	http://www.tipst.com/				
有限会社富士タウンシステム＆コンサルティング	静岡県	https://www.sc.fuji-town.com/				
フロントワーク	静岡県	http://front-work.com/				
Cript-net	静岡県	https://cript.co.jp/				
ICHIZA	静岡県	http://www.ichiza.asia/				
ラプト	静岡県	http://www.raptdesign.jp/				
有限会社アクシス	静岡県	http://www.axis-net.jp/				
ルカデザイン合同会社	静岡県	https://lucadesign.jp/				
株式会社Bonds	静岡県	https://www.bonds-kizuna.com/				
株式会社デキタ	静岡県	https://dekita.net/				
UiD合同会社	静岡県	http://www.uid.co.jp/				
合同会社アヘッドプロ	静岡県	https://aheadpro.jp/				
有限会社カボスメディアワークス	静岡県	https://kabosu.net/				
sacreo（サクレオ）	静岡県	https://sacreo.net/				
株式会社サンロフト	静岡県	https://www.sunloft.co.jp/				
株式会社リバティー	静岡県	http://www.liberty-web.co.jp/				
株式会社しずおかオンライン	静岡県	https://www.esz.co.jp/				
株式会社シーエムエー	静岡県	https://www.akindo2000.net/				
株式会社アドウィル	静岡県	http://www.adwill.co.jp/				
有限会社フリーアカウント	静岡県	https://myuscope.jp/				
株式会社沼広	静岡県	http://numako.co.jp/				
株式会社ゼンリン東海	静岡県	https://zenrin-tokai.co.jp/				
株式会社エストリンクス	静岡県	https://estlinks.co.jp/				
株式会社ノックス	静岡県	https://nox-web.com/				
有限会社学遊社	静岡県	https://www.gysdesign.jp/				
株式会社プレジャーサービス	静岡県	https://www.pleasure-service.jp/				
ERADESIGN	静岡県	https://eradesign.jp/				
有限会社システムエイド	静岡県	https://ejan.tv/				
株式会社デザインスタジオフェニックス	静岡県	https://www.phoenixdesign.jp/				
株式会社メーカーズマーク	静岡県	https://makersmark.co.jp/				
メディアデザイン沼津中央	静岡県	https://md-numazu-chuo.com/				
deep株式会社	静岡県	https://de-ep.jp/				
リセラ株式会社	静岡県	https://riselor.jp/				
株式会社オフィスグルー	静岡県	http://www.gluee.jp/				
株式会社富士	静岡県	https://kabufuji.com/				
WEB-KING	静岡県	https://web-king.biz/				
デザインスタジオ・トムズワン	静岡県	https://toms1.net/				
フォースター株式会社	静岡県	https://forcetar.jp/				
6666666	静岡県	https://www.6666666.jp/				
有限会社アルメニ	静岡県	https://www.rmany.co.jp/				
有限会社メルシー	静岡県	https://www.pc-merci.jp/				
株式会社インフォスター	静岡県	https://infostar.jp/				
有限会社ブレーン	静岡県	https://www.b-web.co.jp/				
システムブレイン株式会社WEB事業部	静岡県	http://sysb-web.jp/				
有限会社ウルトラワークス	静岡県	https://www.ultraworks.jp/				
SweetDesign*	静岡県	http://sweet-design.chu.jp/				
株式会社ハイズスタジオ	静岡県	https://hy-z.com/				
オーチモ合同会社	静岡県	https://otimo.jp/				
株式会社ナカガワウエブ制作所	三重県	https://nakagawa-web.net/				
インフォコネクト株式会社	三重県	https://info-con.co.jp/				
株式会社バリューリソース・デザイン	三重県	http://www.vrd.jp/				
有限会社スタジオオール	三重県	http://www.studio-all.com/				
synapsedesignlab.	三重県	https://e-synapse.jp/				
株式会社デジダイバー	三重県	http://www.digidiver.com/				
有限会社マイドソフト	三重県	http://maido.co.jp/				
WebStudioディーライズ	三重県	https://www.derize.com/				
株式会社tokkawebdesign	三重県	https://tokka.co.jp/				
株式会社ウミダスデザイン	三重県	https://umide.co.jp/				
Cono-desig	三重県	https://cono-design.jp/				
M&TCorporation	三重県	https://mtry.net/				
株式会社ティーオーティー	三重県	https://www.trickortreat-dsgn.com/				
T1WEB	三重県	https://t1-web.com/				
RitaDesign	三重県	https://rita-design.com/				
株式会社TRらぼ	三重県	https://trlab.jp/				
デジタル工房株式会社	三重県	https://www.d-kobo.co.jp/index.html				
株式会社ニチエイ	三重県	https://www.nichiei.co.jp/				
株式会社AMAOTO	三重県	https://ama-oto.com/				
フレアーズ合同会社	三重県	https://flares.jp/				
株式会社アド・ビジョン	三重県	http://www.ad-vision.jp/				
株式会社バース	三重県	http://www.birth.ne.jp/				
株式会社エスト	三重県	https://esto.jp/				
有限会社エムブレイン	三重県	http://m-brain.net/				
アラキウェブデザイン	三重県	https://araki.cc/				
オフィスヒロトモ	三重県	https://office-hirotomo.jp/				
STUDIO401	三重県	https://studio-401.com/				
株式会社ディーグリーン	三重県	http://www.dgreen.jp/				
株式会社UNICO	三重県	https://www.unico.ne.jp/				
ホームページ制作イルネージュ	三重県	https://ilneige.com/				
株式会社EightCommunity	岐阜県	https://8creators.com/				
株式会社ゴッタライド	岐阜県	https://www.gotta-ride.com/				
合同会社ステイプル	岐阜県	https://staplellc.com/				
アフロシステム株式会社	岐阜県	https://afrosystem.com/				
株式会社キャディッシュ	岐阜県	http://www.cadish.co.jp/				
株式会社アドパック	岐阜県	http://ad-pack.co.jp/				
株式会社リーピー	岐阜県	https://leapy.jp/				
有限会社林コンピュータ	岐阜県	http://hayashi-computer.co.jp/				
BIRTHDeY	岐阜県	https://www.birthdey.com/				
株式会社ゴーアヘッドワークス	岐阜県	https://www.goaheadworks.com/				
株式会社CELLEC	岐阜県	https://cellec.jp/				
株式会社オンリーワンネット	岐阜県	http://oon.co.jp/				
NAKAJIMAクリエイティブ	岐阜県	https://nakajima-c.com/				
デザイン事務所esorabridge	岐阜県	https://esorabridge.design/				
Mango	岐阜県	https://mango-web.fun/				
株式会社ネクステージ	岐阜県	https://www.nextage-inc.jp/				
岩田制作所	岐阜県	https://www.iwata-factory.com/				
株式会社トライアングル	岐阜県	https://www.triangle1310.com/				
株式会社onelife	岐阜県	https://onelife-net.com/				
株式会社洋文社	岐阜県	https://yohbunsha.co.jp/				
クラップス制作事務所	岐阜県	https://claps5.wixsite.com/claps-co/home				
WOOPEST	岐阜県	https://woopest.com/				
ウェブオウル株式会社	岐阜県	https://webohl.com/				
N3株式会社	岐阜県	http://www.n3c.co.jp/				
株式会社ビズイデア	岐阜県	http://biz-idea.biz/				
株式会社トゥ･ステップ	岐阜県	http://www.two-step.co.jp/				
株式会社ライトスピードソリューションズ	岐阜県	http://www.lightspeed.co.jp/				
株式会社ツチノコテクノロジー	岐阜県	https://tutinoko.tech/				
RunLand株式会社	岐阜県	https://web.runland.co.jp/				
株式会社GROW	岐阜県	https://grow4happy.com/				
株式会社ちらし屋ドットコム	岐阜県	https://www.chirashiya.com/				
株式会社ラボーナ	岐阜県	https://rabona.jp/				
NOBREAKSPACEノーブレークスペース	岐阜県	https://and-nbsp.com/				
ディスポート株式会社	岐阜県	https://www.disport-design.com/				
MantoManAnimo株式会社	岐阜県	http://www.animo-web.jp/				
株式会社Blook（ブルック）	岐阜県	https://blook.co.jp/				
株式会社保安企画	岐阜県	http://www.hp-web.jp/				
株式会社labo	岐阜県	https://takai-laboratory.com/				
株式会社NEXT岐阜	岐阜県	https://next-gifu.jp/				
有限会社オムニシステム	岐阜県	http://www.omni.ne.jp/				
株式会社ダイキュー	岐阜県	http://www.daiq-pri.co.jp/				
株式会社SMC-POWER	岐阜県	https://smc-power.jp/				
株式会社ディーアイティー	岐阜県	http://dit-web.com/				
ブリリアントワークス	岐阜県	https://www.brilliant-works.com/				
株式会社弘文社	岐阜県	https://kohbunsha1975.com/				
株式会社アド・パック	岐阜県	http://ad-pack.co.jp/				
株式会社FLAG	岐阜県	http://flag-design.co.jp/				
ヨツハシ株式会社	岐阜県	https://www.yotsuhashi.com/				
株式会社ITreat	岐阜県	https://itreat.co.jp/				
エムテクノロジー	岐阜県	https://www.telln.com/				
株式会社インデックス	岐阜県	http://www.index-media.jp/				
ブルーシーWEB	岐阜県	http://www.blue-sea.rdy.jp/				
TankDesign	岐阜県	https://tankdesign.works/				
有限会社みろく	岐阜県	http://www.miroku.bz/index.html				
アイシーブ	岐阜県	http://i-sieve.jp/				
UtilityFactory	岐阜県	http://utility-factory.com/index.html				
株式会社ワンステップ	岐阜県	http://design.onestep65.com/				
有限会社ムーブ・フォーエイト	岐阜県	http://www.move48.co.jp/				
デザイン事務所BRIDGE	岐阜県	http://esorabridge.com/				
株式会社ルンゴ	岐阜県	https://rungo.co.jp/				
SignalBrainNetwork	岐阜県	http://www.signal-jp.biz/index.html				
キューブデザインオフィス	岐阜県	http://design-cube.jp/				
CREATORSZERO	岐阜県	https://creatorszero.com/				
株式会社JBN	長野県	https://www.jbnet.jp/				
WAISHIN	長野県	https://waishin.jp/				
有限会社イー・オフィス	長野県	https://www.matsumoto-web.jp/				
株式会社アプリコットデザイン	長野県	https://apricot-design.com/				
株式会社JAJAAAN	長野県	https://jajaaan.co.jp/				
有限会社アクティ	長野県	http://www.act-y.com/				
株式会社シイノキコーポレーション	長野県	https://web.naganoshi.net/				
ティーズ・クルー	長野県	http://www.ts-crew.jp/				
株式会社ナルコーム	長野県	http://www.narcohm.co.jp/				
株式会社アットランド	長野県	https://at-land.net/				
株式会社八光興発	長野県	https://www.azciel.co.jp/				
株式会社ファインピクサー	長野県	https://fainpixar.co.jp/				
有限会社プラッツ	長野県	https://platz.co.jp/				
株式会社飯田スタジオ	長野県	https://iidastudio.co.jp/				
デザインスタジオiR	長野県	https://in-ranch.com/				
コスモ企画	長野県	http://www.ddm-cosmo.com/				
株式会社エイブルデザイン	長野県	https://www.ablegroup.co.jp/				
株式会社一兎舎	長野県	https://ittosha.jp/				
ともしびデザイン	長野県	https://tomoshibi-design.com/				
株式会社MAS	長野県	http://www.medicalart-shinshu.com/				
株式会社ビーチュー	長野県	http://www.be-chu.com/				
4THINK（フォーシンク）	長野県	http://www.4think.jp/				
THEAPPBASE株式会社	長野県	https://www.the-app-base.com/				
FOLIZ	長野県	https://foliz.net/				
WebCre	長野県	http://web-hon.com/				
REVIVE	長野県	http://www.revive.bz/				
やぎさん工房	長野県	https://www.garagaradon.com/				
かるどろん	長野県	http://www.caldron.jp/				
ビーズクリエイト	長野県	https://www.karasawanouki.co.jp				
MODSBASE	長野県	https://mods-base.work				
システム・カンタービレ	長野県	https://syscant.com/				
ファイブアップ	長野県	https://www.the5up.com/				
デイジー株式会社	長野県	http://daisy.link/				
有限会社デザインスタジオ・エル	長野県	http://www.e-creators.net/				
株式会社フィールドデザイン	長野県	https://field-design.jp/				
株式会社タナカラ	長野県	https://www.tanakara.jp/				
ASTRA	長野県	http://astra.vc/index.html				
クラウドット株式会社	長野県	http://www.cloudot.co.jp/				
株式会社アイリーラボ	長野県	http://www.aily-lab.co.jp/				
株式会社サングラフィカ	長野県	https://sangraphica.co.jp/				
ACT-createawebsite-アクト	長野県	https://act2u.net/				
株式会社イーフェイス	長野県	https://e-face.co.jp/				
株式会社ビーブレックス	長野県	https://www.b-breaks.com/				
有限会社ハルタ	長野県	https://www.webharuta.com/				
株式会社アップネット	長野県	https://up-net.jp/				
デジタルクリエイティブスタジオdics	長野県	http://www.dics.jp/				
株式会社エールシステム	長野県	https://www.ailesys.co.jp/				
有限会社デザインルームエム	長野県	http://www.d-emu.co.jp/				
株式会社アイズモーション	長野県	http://eyezmotion.co.jp/				
長野システム開発株式会社	長野県	https://naganosd.com/				
スペクトルデザイン株式会社	長野県	https://www.spectrumdesign.jp/				
有限会社ケー・アンド・エフコンピュータサービス	長野県	http://www.kfcs.co.jp/				
株式会社オルツ	長野県	http://www.alt-s.jp/				
株式会社像形	長野県	https://zokei.co.jp/				
イーストワークス	長野県	https://www.estworks.net/				
株式会社コックス	長野県	https://coxltd.co.jp/				
有限会社ティーズ・クルー	長野県	http://www.ts-crew.jp/				
マゴコロウェブ	長野県	https://magocoro-web.com/				
スタジオハロー	長野県	https://www.st-hallo.com/				
株式会社Seekcloud	長野県	https://www.seekcloud.co.jp/				
株式会社オフィス・トモキ	長野県	https://oths.biz/				
デザインピアＣ２	長野県	http://www.dpc2.net/				
株式会社モバトス	長野県	https://movatoss.jp/				
株式会社リージョナルプロダクト	長野県	http://r-product.jp/				
有限会社電算オフィスオートメーション	長野県	https://www.densan-oa.co.jp				
有限会社フロント・メディア	長野県	http://www.frontmedia.co.jp/				
株式会社ウェブノート	長野県	http://www.webnote.co.jp/				
株式会社クラウドサポートシステム	長野県	https://www.cloud007.co.jp/				
ECdesign	長野県	https://www.ecdesign.biz/				
ディックス	長野県	http://dics.jp/web/				
株式会社AZU	長野県	https://azu-inc.com/				
ウェブフェイス	長野県	https://web-face.jp/				
ピープラス	長野県	https://p-plus.biz/				
luladesign	長野県	http://lula.work/				
ミロク	長野県	http://milooc.com/				
SpeedLife	長野県	http://speed-life.younews.website/				
わいわい工房	長野県	http://www.yykobo.com/p/index.html				
DESIGNSWITCH	山梨県	http://d-switch.net/				
有限会社ネットアーキテクチャコラボレーション	山梨県	http://www.nearco.co.jp/				
株式会社BISCOM	山梨県	https://www.biscom.jp/				
MagneticLabo	山梨県	https://magnetic-labo.com/				
WafuCreation	山梨県	https://wafu-c.com/				
合同会社VLOO	山梨県	https://vloo.jp/				
株式会社服部制作室	山梨県	https://www.hattori-studio.jp/				
Apiros	山梨県	https://apiros.jp/				
株式会社エイム	山梨県	https://aim-lab.jp/				
ビジュアルリテラシー	山梨県	https://www.visualliteracy.jp/				
めろでぃー工房	山梨県	http://www.melody-kobo.com/				
グルーヴライン	山梨県	http://www.grooveline.jp/				
株式会社セカンドプランニング事務所	山梨県	http://www.spoffice.jp/				
株式会社マニュアルズ	山梨県	https://www.manualz.jp/				
タモンテン株式会社	山梨県	http://www.tamonten.co.jp/				
株式会社オフィスVONDS	山梨県	https://vonds.co.jp/				
ツービッツ	山梨県	https://twobits.jp/				
ヒノキブンコ	山梨県	https://hinokibunko.com/				
メディアデココンサルティング	山梨県	https://torimotsu.net/				
株式会社オルトスタイル	山梨県	http://www.alt-style.co.jp/				
Y-Designer	山梨県	https://y-designer.com/				
リードスタイル株式会社	山梨県	http://lead-st.com/				
株式会社MARS	山梨県	https://www.mars-corp.net/				
株式会社ネクストビジョン	山梨県	https://www.next-v.jp/				
株式会社カルク	山梨県	https://mode.calcinc.co.jp/				
有限会社マーディー	山梨県	http://mahdi.jpn.org/index.shtml				
2525site.com	山梨県	https://2525site.com/				
ヒロデザイン	山梨県	https://www.hi-ro-design.com/				
IT工房にんにく庵	山梨県	http://koubou.nin29.com/				
株式会社コム	山梨県	https://www.kkcom.co.jp/				
WEBデザイン事務所ホービズ	山梨県	https://hovys.com/				
合同会社VLOO	山梨県	https://vloo.jp/				
パブリック・イメージ	石川県	http://p-image.net/				
株式会社エムディーエム	石川県	https://mdm-web.jp/				
株式会社DREAMWORKS	石川県	https://dwp.co.jp/				
株式会社CNARIO	石川県	https://cnario.co.jp/				
株式会社キャスト西野	石川県	http://www.castweb.co.jp/cn/				
株式会社フードコネクション	石川県	https://www.foodconnection.jp/				
株式会社道洋行	石川県	https://michiyoko.co.jp/				
株式会社Dynave	石川県	https://scheeme.com/				
株式会社ヴォイス	石川県	https://www.brandvoice.jp/				
株式会社Hikidashi	石川県	https://hiki-dashi.jp/				
株式会社ビジュアルソフト	石川県	https://www.vss.co.jp/				
有限会社アクシズコーポレーション	石川県	http://www.axiz.gr.jp/				
株式会社歯愛メディカル	石川県	https://www.ci-medical.com/				
オフィスリキッド	石川県	https://tokusen-net.jp/liquid/				
株式会社保安計画	石川県	https://www.hp-web.jp/				
株式会社コムラボ	石川県	https://com-lab.jp/				
ライトアップ	石川県	https://lightup-web.com/				
株式会社スーパーネット・ジャパン	石川県	https://www.supernet.co.jp/				
株式会社山越	石川県	https://www.kai-p.co.jp/				
株式会社フーズネクスト	石川県	https://who-s-next.com/				
.APOZIRA	石川県	https://www.apozira.com/				
株式会社ワークス	石川県	https://worksdesign.net/				
LIGHTUP-ライトアップ-	石川県	https://lightup-web.com/				
株式会社アドマック	石川県	https://admac.co.jp/				
株式会社HeartLanguage	石川県	https://heart-language.jp/				
R-INNOVATION	石川県	https://r-innovation.jp				
ソラノデザイン合同会社	石川県	https://altstudio.info/				
株式会社ニコットラボ	石川県	https://nicottolabo.info/				
株式会社AMS	石川県	https://amsstudio.jp				
クラウドロイド株式会社	石川県	https://crowdroid.co.jp/				
インターネットプロモーション	石川県	https://internet-promotion.jp				
株式会社ウーマンスタイル	石川県	https://www.woman-style.jp/				
株式会社ティーズ・コーポレーション	石川県	https://www.teazcorporation.com/				
株式会社ピプル	石川県	https://www.pipuru.jp/detail/index_238.html				
株式会社wapon	石川県	https://wapon.co.jp/				
株式会社ヨシタデザインプランニング	石川県	http://www.yoshita-design.com/				
株式会社フラゾア	石川県	http://furazoa.com/				
株式会社リベルテ	石川県	https://office-liberte.net/				
株式会社MDM	石川県	http://www.mdm-web.jp/				
goowa株式会社	石川県	http://www.goowa.jp/				
ミラークリエイティブオフィス株式会社	石川県	https://mcoinc.jp/				
合同会社ワザナカ	石川県	https://wazanaka.jp/				
株式会社ネスク	石川県	http://www.nsk.ad.jp/				
株式会社Trendot	石川県	https://trendot.jp/				
株式会社STUDIONANA	石川県	http://studionana.co.jp/				
スタジオチャージ	石川県	http://www.studio-charge.com/				
株式会社クレイブ	石川県	https://cleive.jp/				
株式会社パークウェーブ	石川県	http://www.parcwave.co.jp/				
moufdesign	石川県	http://moufdesign.info/				
株式会社i-Style	石川県	https://www.i-style.vc/				
株式会社タップス	石川県	http://www.taps-net.co.jp/				
フォーメソッド	石川県	http://www.4method.com/				
.あぽじら	石川県	https://www.apozira.com/				
HAC北陸宣伝株式会社	石川県	http://www.hac-ad.com/				
株式会社Spring&Co.	石川県	https://www.springand-co.com/				
うみの丘デザイン	石川県	https://uminooka-design.com/				
東洋通信工業株式会社	石川県	https://www.tessnet.co.jp/				
株式会社ネットワールド	石川県	https://www.networld-jp.net/				
有限会社創ブレーン企画	石川県	http://www.soo.co.jp/				
i.DesignStudio	石川県	http://www.idesign-s.com/				
株式会社ナインセンス	富山県	https://ninesense.jp/				
株式会社アイアイ・ジャパン	富山県	https://iijapan.net/				
有限会社アクセル	富山県	https://imaginepocket.com/				
モトマチデザイン	富山県	https://motomachidesign.com/				
有限会社アウェイクコンピュータースクール	富山県	http://awakecomputer.com/				
KakeruDesign	富山県	https://www.kakerudesign.com/				
株式会社アキデザイン	富山県	https://www.akidesign.co.jp/				
有限会社データサット	富山県	https://www.datasat.co.jp/				
株式会社ルビコン	富山県	https://luvicon.net/				
株式会社MARBLE	富山県	https://marble-heroes.com/				
d-vision	富山県	https://www.dvision.jp/				
株式会社ニイカワポータル	富山県	https://www.ni-po.ne.jp/				
有限会社スクラムアートワークス	富山県	https://www.scrum-aw.co.jp/				
株式会社サンシックス	富山県	https://sunsix.co.jp/				
Mulberry	富山県	https://mulberry.promo/				
株式会社メディアプロ	富山県	https://www.media-pro.co.jp/				
心彩	富山県	https://coco-iro.com/				
RINEIRODESIGN	富山県	https://www.rineiro.com/				
BelieveDesign	富山県	https://www.believe-design.com/				
有限会社北陸システム工房	富山県	https://hsk-access.com/				
株式会社富山電脳社	富山県	https://www.dennousya.com/				
TM富山	富山県	http://www.tm-toyama.com/				
有限会社ウェッヴ・エージェント	富山県	https://www.webagent.co.jp/				
MonkeyScienceDesign	富山県	https://monkey-science-design.jp/				
ホームページ制作富山工房	富山県	https://toyama-hp.com/				
LeadDesign株式会社	富山県	https://lead-d.com/				
株式会社アントリー	富山県	https://antry.jp/				
合資会社寺腰ウェブアクト	富山県	http://www.tpal.net/web/				
株式会社MINAMI	富山県	https://southern-web.com/				
デザインスタジオアートボード	富山県	http://abc-hp.com/				
有限会社Gunners（ガナーズ）	富山県	https://gunners.jp/				
croof（クルーフ）	富山県	http://croof.net/				
株式会社エアプランツ	富山県	https://www.airplantz.jp/				
アウェイクコンピューター	富山県	http://awakecomputer.com/				
株式会社グラフ	富山県	https://www.e-graph.co.jp/				
株式会社グラニーレクラウドサービス	富山県	https://granire-cloud.com/				
満丸株式会社	富山県	https://manmaru.co.jp/				
オフィス近藤卓	富山県	https://thinkupstudio.com/				
富山工房	富山県	https://toyama-hp.com/				
有限会社サイバースクエア	富山県	https://www.cybersquare.co.jp/				
株式会社カルデックスエンターテインメント	富山県	https://caldex.jp/				
グロフィールド株式会社	富山県	https://www.grofield.jp/				
アットヴォックス	富山県	http://atvox.jp/				
Glic株式会社	富山県	https://www.glic.co.jp/				
三協アド・サービス株式会社	富山県	https://www.sankyoad.co.jp/				
アドブレンド株式会社	富山県	https://www.ad-blend.com/				
LeadDesign株式会社	富山県	https://lead-d.com/				
株式会社山田写真製版所	富山県	http://www.yppnet.co.jp/				
株式会社エム・シー・コミュニケーションズ	富山県	https://www.sugano.co.jp/				
株式会社KAKERUPLUS	富山県	http://www.kakerudesign.com/				
KEIWATANABE	福井県	https://keiwatanabe.com/				
有限会社ハートブレーン	福井県	https://www.heartbrain.net/				
株式会社システムグラフィ	福井県	https://web-box.s-graphi.co.jp/				
双申株式会社	福井県	http://www.soshin.cc/				
株式会社アル・デザインワークス	福井県	http://www.al-design.jp/				
株式会社てなわん	福井県	https://www.tenawan.ne.jp/				
LOOSEY株式会社	福井県	https://loosey.net/				
株式会社ジークス	福井県	https://www.zyyx.jp/				
株式会社サーフボード	福井県	https://www.surfboard.jp/				
株式会社ウィコネット	福井県	https://weconet.co.jp/				
株式会社Betterweb	福井県	https://betterweb.co.jp/				
Felibe	福井県	https://www.felibe.com/				
株式会社PROPO	福井県	https://www.keyword-hunter.com/				
ケアン	福井県	https://caren.info/				
合同会社TEAM-T	福井県	https://teamt.jp/				
有限会社セカンドゲート	福井県	https://2ndgate.jp/				
株式会社ARTAGE	福井県	https://art-age.co.jp/				
株式会社ピュアプラス	福井県	https://pureplus.biz/				
株式会社ヒュージ	福井県	https://www.hudge.jp/				
株式会社インターフェイス	福井県	https://interface-inc.jp/				
アクセス情報株式会社	福井県	https://access-info.jp/				
ケイショウ株式会社	福井県	https://kei-sho.co.jp/				
Pamaroom	福井県	https://www.pamaroom.com/				
FlavorDesign	福井県	https://flavor-design.biz/				
株式会社PTOK	福井県	https://ptok-consulting.co.jp/				
若狭テック	福井県	https://tech.wakasa-real.jp/				
株式会社わどう	福井県	https://wadowa.jp/				
株式会社UNFOLD	福井県	https://www.un-fold.biz/				
アクセスキューブ	福井県	https://www.dezainya.com/				
株式会社システム研究所	福井県	https://www.sysken.ne.jp/				
からくり屋	福井県	https://www.karakuriya.biz/				
ヨコハマヤ	福井県	https://yoko-hama-ya.jp/				
株式会社テラソリューション	福井県	https://www.terrasys.co.jp/				
OneLifeJapanInc.	福井県	https://onelifejapan.co.jp/				
CHILL	福井県	https://chill-web.com/				
株式会社バージョンジャパン	福井県	https://www.versionjapan.com/				
株式会社インフォライブ	福井県	https://www.infolive.co.jp/				
株式會社ヒュージ	福井県	https://www.hudge.jp/index.html				
株式会社エーライン	福井県	https://www.a-line-inc.co.jp/				
ＭＩクリエイト	福井県	https://micreate.jp/				
株式会社ファーストスターサービス	福井県	http://www.1star.jp/				
ビックマック株式会社	福井県	https://big-mac.jp/				
MODALITY	福井県	http://modality.jp/				
株式会社ボーダー	福井県	https://borderinc.co.jp/				
株式会社システムラン	福井県	http://systemrun.co.jp/				
有限会社ハートブレーン	福井県	https://heartbrain.net/				
チェルトナム・ソフトウェア	福井県	https://cheltenham-software.com/				
株式会社グリーン企画	福井県	http://green-kikaku.com/				
アスタワークス	福井県	https://aster-works.com/				
