株式会社ミルシステム-業務内容,https://www.millsys.jp/mail/
盛岡事業所,https://www.people.co.jp/contact
株式会社トリココシステム福島県郡山市のWebシステム開発...,https://toricoco.com/#home_inquiry
アプリ・システム開発,https://www.multi.ne.jp/contact
Itで広がる可能性株式会社アットシス,https://at-sys.co.jp/question.html
株式会社マクロシステム,https://macrosystem.co.jp/contact.html
Shimotechnology土浦市ホームページ制作システム開発...,https://www.shimotechnology.com/
栃木県足利市でシステム開発コンサルティングホーム...,https://sens.rash.jp/inquiry.html
会社概要-会社案内,https://www.bid.co.jp/mailform.html
会社概要,https://www.cioweb.co.jp/contact/
有限会社川口システム開発(埼玉県さいたま市南区)概要,https://data-link-plus.com/jp/inquiry
システム開発・設計・インフラ構築,https://www.sisk.co.jp/contact/
会社概要とアクセスマップ,https://www.jctechno.co.jp/contact/index.html
株式会社システムアイ,https://www.system-i.co.jp/app/contact/
会社概要,https://www.njs-net.co.jp/contact/
越谷のWebシステム開発パソコンサポート,https://pc-koshigaya.com/contact.php
Drc株式会社(埼玉県越谷市)システム機器の企画・開発・製造...,https://www.1saito.biz/contact
ホームページ制作・システム開発ならWebFamil【埼玉県越谷市】,https://webfamil.com/contact
株式会社トラストシステム,https://www.trustsystem.co.jp/contact
株式会社ノアシステム,https://www.noasystem.com/contact.html
会社概要,https://www.shinwa-kikai.co.jp/inquiry/index.html
企業概要,https://www.cubesystem.co.jp/contact/
Itインフラ・システム・ソフトウェア開発企業のオリエント...,https://www.orient-s.co.jp/contact/
アイ・システム株式会社,https://www.i-system.co.jp/contact/
株式会社シルクロード,https://www.silk-road.co.jp/contact/
Top,https://www.n-sysdes.co.jp/otoiawase/
株式会社エーティーティーソリューションズ朝霞営業所の...,https://hellowork-plus.com/contact/
会社紹介,https://www.sys-ad.com/contactus/
【株式会社lago(ラーゴ)】アプリシステムの受託開発...,https://www.la-5.com/#Contact
株式会社パトリオット,https://www.patriot.co.jp/contact/
システム・ホームページ制作千葉,https://www.element-system.co.jp/contact/
神奈川県千葉県のシステム開発会社,https://wiz-t.co.jp/contact/
株式会社イーゼィシステムズ,https://www.eazesystems.com/#contact
システム開発,https://pc-rs.jp/contact/
BondsLabo,https://bonds-labo.com/contact/
ヤマトシステム開発株式会社,https://www.marketing.nekonet.co.jp/public/application/add/263
株式会社ジェスク,https://www.jesc-system.com/#link06
会社概要,https://sys.lifegrp.jp/contact.html
システム開発,https://future-system.co.jp/contact
システム開発をハードからソフトまで,https://kt-sys.com/contact/
株式会社Ritaiz,https://www.ritaiz.com/#contact
株式会社ソフトエイジ,https://www.softage.co.jp/contact
株式会社Cuon,https://www.cuon.co.jp/contact
会社情報:CoreCreateSystemコア・クリエイトシステム,https://www.corecreate.com/contact/contact.php
セリオ株式会社の会社概要,https://serio.smktg.jp/public/application/add/230
-Topmessage,https://www.tsl.co.jp/#contact
株式会社ミライタス,https://mirai-tasu.com/#contact
東京システムリサーチ,https://www.tsrweb.co.jp/contact/
Webシステム開発とWebサイト制作の依頼・外注ならクリーヴァ...,https://creava.co.jp/contact
東京・福岡でソフトウェア開発/システム開発をご検討中の...,https://system-kaihatu.com/inquiry
株式会社リファクトポータルサイト,https://www.refact.co.jp/contact
Web・アプリ・システム開発・SES,https://www.corpinnovation.jp/
株式会社ソフトウェアプロダクツ,https://www.swp-ltd.co.jp/contact.html
株式会社システム・キープ・ヤード,https://www.sky-net.co.jp/contact
システム設計から構築技術者派遣や請負業務。横浜西区の...,https://hokuto-sys.co.jp/inquiry/
システム設計・開発・保守,https://www.proceed-e.com/contact/
会社情報,https://www.winsystem.jp/contact/index.php
システック株式会社,https://www.stcinc.co.jp/contact/contact.php
会社概要,https://www.benic.co.jp/business/contactus/
相模原市のWebアプリ・業務システム開発,https://system.poos.net/contact.php
システム開発事業,https://www.carrotsys.co.jp/contact/
株式会社wown(ワオン),https://www.wown.co.jp/contact
ソフトウェア開発,https://spw.co.jp/contact/
企業情報,https://www.risesystem.com/inquiry/
大和システム(やまとシステム)株式会社,https://www.yamato-sys.com/contact/
株式会社テクノリサーチは神奈川県小田原市のソフトウェア...,https://tecnet.or.jp/mailform/index.html
Top,https://www.sota.co.jp/contact/
業務アプリケーション組込み制御システムなら...,https://www.hm-net.co.jp/contact
株式会社アルコン,https://alcom.co.jp/contact
JCCソフト,https://jccinc.co.jp/contact/
【会社概要】株式会社環境システム開発,https://www.mizu-kirei.co.jp/contact.php
Dx支援・It推進・Aws共同開発株式会社トラスト,https://trust-coms.com/contact/
会社案内,https://www.napia.co.jp/contact/
「長岡システム開発センター」を開設しました,https://www.kasix.co.jp/contact
会社概要,https://www.system-com.co.jp/contact/
新潟県長岡市Webアプリケーション開発株式会社ブレーク,https://break.ac/contact.php
株式会社ニュートラルソフトウェア,https://www.neutral-software.co.jp/contact
三条印刷株式会社-社内システム開発プログラマーリモート要...,https://1049.co.jp/contact/
SystemWhys,https://www.whys-s.co.jp/contact/confirmation.php
株式会社ナイスシステム,https://nice-system.co.jp/contact
システム開発・ネットワーク構築,https://www.f-style.info/contact
システム開発・サーバー導入富山北陸itサポート,https://www.hitsnet.co.jp/contact.html
AI/VR/WEBシステム開発,https://www.i2-jp.com/inquery.html
会社情報,https://www.activ-system.com/contact/
ソフトウエア受託開発からネットワークの構築・各機器の...,https://www.systemsoken.com/contact.html
ウェーブシステム,https://wave-system.com/form/contact.php
トップページ,https://srsys.jp/contact
コマツIoTセンター,https://kcsj.komatsu/contact
会社概要,https://hakusan-system.co.jp/contact
福井システムズ株式会社/自治体・教育機関向け...,https://www.fukui-systems.co.jp/contact/
ユニコシステム,https://www.unico.co.jp/contact/
アートテクノロジー,https://www.art-tec.co.jp/contact/
システム開発,https://tono-sama.net/contact/
会社概要,https://www.arcadia-soft.co.jp/contact
株式会社甲府情報システム,https://www.kofujoho.co.jp/toiform
AndU合同会社,https://and-u.co.jp/contact/
株式会社シンク情報システム,https://www.syncinfo.co.jp/contact
長野日本ソフトウエア株式会社丨長野県諏訪市に拠点を置くitと...,https://www.nnsk.co.jp/contact/
会社情報,https://www.system-five.co.jp/inquiry/
長野県上田市のシステム開発ならCruw(クルー),https://cruw.co.jp/contact
クラウド型健康データ管理システム「クラウドチェックアップ...,https://jgc-healthcare.com/contact/
システム開発・内製化支援,https://www.ok-computer.jp/contact/
Kscソリューションズ株式会社,https://ksc-solutions.co.jp/contact.html
サンカドウコンピューター株式会社,https://makoto1000.wixsite.com/sannkakudoucomputer/contact
ワールドビジネスソリューション,https://www.wbsnet.co.jp/contact.html
株式会社プレシード,https://www.precede.co.jp/contact/
会社概要,https://www.ishida-sd.co.jp/contact/
デジタル支援のぬくりテクノロジー,https://nukumori-tec.jp/contact.html
WEBシステム開発の株式会社レジアス,https://www.rexius.co.jp/contact/index
合同システムマシン株式会社,https://www.godosystem.com/contact/contact.aspx
企業情報,https://www.tokai-is.co.jp/contact/
Coason(コアソン),https://www.coason.com/contact.html
株式会社アクトス,https://acts.co.jp/contact.html
会社概要,https://www.fujisystems.co.jp/contact/
富士設計株式会社,https://fujiarchitect.co.jp/contact/
システム開発,https://ivice.co.jp/contact
Accessソフトウェア開発AltiumDesigner販売株式会社ジュビロ...,https://www.jubilo.co.jp/inquiry/inquiry_db/
ニアショア開発,https://www.tokai-com.co.jp/inquiry/
会社案内,https://www.sys-eng.co.jp/contact/
会社概要,https://www.access-it.co.jp/contact/contact.html
名古屋のシステム・アプリ開発,https://creato-c.jp/contact
名古屋のWEBアプリ・システム開発は株式会社デジカル,https://digical.jp/contact
株式会社エスエスアイ,https://ssi.ne.jp/contact
Home,https://www.c3index.co.jp/contact/
株式会社アブソリュート・システム,https://abs-inc.co.jp/contact/
システム開発会社光システム,https://hikarisys.co.jp/contact/contact.html
事業紹介,https://www.e-create.jp/contact/
東京・名古屋・大阪のシステム開発やSES,https://mghd.ge-creative.co.jp/contact/
アクティブシステム株式会社,https://activesystem.co.jp/contact/
パートナー募集株式会社アイティユニバース,https://ituni-web.co.jp/contact/index.html
株式会社ITS,https://its-system.jp/contact/
企業案内-レックスシステム,https://www.rex-system.co.jp/Scripts/Inquiry/input.aspx
愛知県一宮市のWEB制作・システム開発,https://tiny-p.com/#contact
株式会社エミリーズ,https://ems-it.jp/#contact
株式会社クリオ,https://www.cli-o.com/contact/
会社案内,https://www.chubusystemkogyo.co.jp/inquiry.html
システム開発,https://www.oac.co.jp/contact/
豊橋テクノサイエンス,https://www.t2s.jp/feedback/index.html
有限会社ウィンテック(豊橋市のソフトウェア開発・製造...,https://win-tec.jp/contact.html
愛知県豊橋市で格安ホームページ制作やシステム開発なら...,https://mixq.net/contact.php
会社概要・沿革,https://fh-a.net/contact/
安城市のソフトウェア開発,https://real-system.co.jp/contact/
コムカム,https://www.com2.co.jp/contact
会社紹介,https://ants-engineering.co.jp/form/
当社について,https://sbr.technology/contact
株式会社Isu,https://www.i-s-u.co.jp/contact/index.html
株式会社ミエ・システム,https://miesystem.com/contact/
中部システム・エンジニアリング(株),https://chubu-se.com/mailformpro/mailsend.html
ホームページ制作・DXシステム開発・Webデザインのことなら...,https://www.firstinc.jp/contact/
設計開発保守をこなすシステム会社,https://www.steccorp.co.jp/contact/
Itシステム事業,https://www.matsusaka-kosan.co.jp/contact/contact.php
システム開発Webシステム開発の株式会社buzzGarage...,https://www.buzz-garage.co.jp/contact/index.html
Pivot,https://pivot.jp/contact
事業内容,https://www.f-system.co.jp/contact
株式会社二二システムデザイン,https://nini-design.com/#contact
システム開発,https://www.iosystem.co.jp/form
京都のシステム会社,https://www.acsys.kyoto.jp/contact/
システム開発・運用管理,https://www.kyotokogyo.co.jp/contact/
京都のWebサービス/業務システム開発ならサーバーリンク(京都...,https://www.serverlink.co.jp/contact/index.php
八王子市にあるIT企業,https://www.infinityloop.co.jp/inquiry
宇部情報システム,https://www.uis-inf.co.jp/contact/contact/
亀岡文彦,https://senku.jp/contact/
大阪のシステム開発会社コアース,https://coeure.co.jp/contact.html
システム開発大阪,https://www.ridi.co.jp/contact.php
Tipsシステム株式会社,https://tips-system.co.jp/contact.html
株式会社ウイズ,https://www.wiznet.co.jp/contact/
株式会社マクロアーク,https://macroarc.co.jp/contact.html
大阪の業務システム開発,https://c-dss.co.jp/contact.html
大阪のシステム開発なら株式会社ウィズテクノロジー,https://www.whizz-tech.co.jp/contact
オーダメイドのWEBシステム開発,https://joydea.jp/contact
会社概要,https://www.systemgear.com/soft/contact.html
Code-base,https://code-base.jp/contact/
株式会社ファイン,https://www.fine-net.com/contact/
webシステム開発:::ホームページ制作大阪府堺市デジタルファクトリー,https://www.digital-factory.jp/inquiry/index.cgi
会社概要・拠点,https://www.ict-co.co.jp/contact
会社概要,https://finesystem.co.jp/contact/index_for_b.html
会社概要,https://www.neko-system.com/otoiawase/index.html
会社概要,https://polaris-inc.jp/contact/
株式会社バース,https://www.birth-inc.co.jp/contact.php
株式会社relation,https://www.relation2012.com/contact/
モフィーシステム開発,https://mofy-sysdev.jp/contact/
Adkマーケティング・ソリューションズコンサル事業や...,https://www.adkms.jp/ask/
iPhoneアプリ開発大阪,https://www.dorapro.co.jp/mail.php
オーバルクリエイティブソフト株式会社,https://www.ovalcs.co.jp/contact/
会社案内,https://systemkobe.com/contact/
株式会社サンシャインシステム,https://www.sunshinesystem.co.jp/form/
神戸ITシステム開発課,https://kobesys.com/guide/contact
会社概要,https://www.sysplanet.co.jp/inquiry.php
岡山神戸大阪のシステム開発は株式会社キャップインフォへ,https://capinfo.co.jp/mail.html
姫路市のホームページ制作・システム開発会社創報堂,https://www.souhoudou.jp/inquiry/
姫路市のシステム開発会社:有限会社エービーユー(ABU),https://www.abu.co.jp/contact/
株式会社三光システム,https://333022.jp/customer/index.html
株式会社アストロ,https://astroinc.co.jp/contact/
アソート株式会社,https://asort.co.jp/contact/contact.html
組織案内,https://www.picosystem.co.jp/corporate/contact/
会社沿革,https://www.fs-farm.co.jp/contact/
株式会社システムステージ,https://www.tesmic-ss.co.jp/contact/
会社概要,https://www.magellan.jp/contact
格安ホームページ制作・ウェブシステム開発,https://www.ah-key.com/contact/
株式会社ファインシステムでソフト開発・ホームページ作成...,https://fine-system.co.jp/contact/
会社概要,https://r-evo.jp/inquiry/
Web制作・システム開発・アプリ制作,https://enmaproject.co.jp/contact.html
会社概要,https://www.new-sensor.com/inquiry
会社概要,https://sys-square.co.jp/contact/
システムシステムソリューション,https://www.wat-2006.jp/contact/index.html
会社概要,https://www.asx.co.jp/inquiry/
川西,https://e-na123.com/contact.html
株式会社エイプルジャパン[拠点所在地][システム開発...,https://www.apl.co.jp/inquiry/index.html
東京本社,https://www.humansystem.com/contact/
Ndiソリューションズ株式会社:会社概要,https://www.ndisol.jp/contact/
システム販売/開発,https://www.naraoa.co.jp/contact.html
日本ソフトウェア開発株式会社,https://welljsd.com/index.html#form5-g
M&Lソリューションズ株式会社,https://mlsol.jp/contact/
会社概要,https://www.ikomasystemsupport.com/question/
和歌山のシステム開発,https://www.muse.gr.jp/inquiry.html
株式会社鳥取メカシステム,https://torimeka.jp/inquiry/
防災行政無線システム,https://www.apionet.or.jp/apion_form/contact.html
米子・鳥取・松江,https://tokyop-eb.com/toiawase/
米子アリーナ,https://www.will3in.co.jp/production/contact/
和幸情報システム株式会社,https://www.wisys.co.jp/contact/
Itocしまねソフト研究開発センター,https://www.s-itoc.jp/form/inquiry/
チーム出雲オープンビジネス協議会,https://www.team-izumo.shimane.jp/contact/index
岡山のシステム・アプリ開発会社,https://www.setouchisystem.co.jp/inquiry/entry/
株式会社システムエンタープライズ,https://www.s-enter.com/contact
トップページ,https://aone-soft.co.jp/contact/
日本ITシステム株式会社-システム開発・Web制作,https://japan-it.org/contact.php
VigorPlaceは岡山のシステム開発の会社です,https://www.vigorplace.com/FormMail/contact/FormMail.html
企業情報,https://systech-its.co.jp/contact.php
テクノアーツ津山/デジタル総合印刷株式会社,https://www.ta-tsuyama.jp/contact.html
Magicシステム開発:株式会社エコー・システム(広島・東京...,https://www.echosystem.co.jp/contact/
株式会社サンエスシステム,https://www.3s-system.co.jp/contact
株式会社アイエム,https://imcorp.jp/#contact
株式会社NextCode,https://next-code.jp/contact
株式会社srs,https://srs-inc.co.jp/contact.html
システム開発,https://www.ksol.jp/contact/
株式会社スペック,https://spec-net.co.jp/contact/
システム開発・ホームページ制作・Itコンサルティング,https://tt-inc.co.jp/contact/
会社概要,https://iscnet.co.jp/contact/
有限会社エヌ・ケイ・システム【公式】Home,https://nksystem.info/contact.php
有限会社システムウイング,https://systemwing.sakura.ne.jp/mail/contact.html
会社概要,https://www.ksysllc.co.jp/contact
企業情報,https://sankou-sys.co.jp/contact
ソフトウェア開発,https://www.kym-sys.co.jp/contact/
三好製作所,https://www.miyoshifactory.co.jp/contact/
コンピューターシステム(株),https://www.jcsc.co.jp/contact/
株式会社ブレインBrainInc.,https://www.brain.ne.jp/contact/
松山市,https://leaf-web.net/contact.html
松山市のホームページ制作,https://japanitc.com/contact
システムエンジニアリング事業,https://sealive.lmsg.jp/form/26488/QqyrZAov
会社案内,https://zerostart.jp/zerosystem/contact/
福岡システム開発,https://www.uewave.com/contact/index.html
株式会社ビットキューブ,https://www.bitqube.co.jp/%E3%81%8A%E5%95%8F%E3%81%84%E5%90%88%E3%82%8F%E3%81%9B
福岡のシステム開発は株式会社ブラテック,https://www.bratech.co.jp/contact/
株式会社エヌ・エス・エックス,https://www.nsx-net.co.jp/contact/index.html
福岡県のシステム開発会社,https://egoba.co.jp/contact.html
福岡の受託システム開発・Awsインフラ株式会社motocle...,https://motocle.com/contact/
株式会社スティレリベロ,https://stile-libero.jp/contact/
システム開発福岡/株式会社エーシーティー,http://www.kk-act.jp/contact/index.html
株式会社スミリオン,https://smillione.co.jp/contact/
福岡システム開発会社,https://nodecast.jp/contact/formmain
株式会社コスモウェーブ,https://www.cosmo-w.co.jp/inquiry/index.php
トップページ,https://withwonder.co.jp/contact/
株式会社JCA,https://www.nzkjca.co.jp/contact/
会社概要,https://s-science.com/contact/
北九州のシステム開発・ソフトウェア開発,https://www.z-mtech.co.jp/contact
システム開発,https://www.solution-ktq.co.jp/contact/
北九州株式会社pclec【システム開発】,https://pclecture.com/mail.html
株式会社ガーマンドシステム,https://garmand.co.jp/contact/
エスジョイシー株式会社,https://www.sjoyc.com/contact/
久留米情報システム株式会社,https://www.kisc.co.jp/contact/
株式会社SICシステム,https://sic-system.co.jp/contact/
九州ソフトウェア株式会社,https://www.qsw.co.jp/contact/
システム開発,https://sainsweb.jp/contact/index.html
アイシス株式会社,https://www.isys-s.jp.net/form
会社情報,https://www.globenetsys.co.jp/contact/
株式会社アーチス,https://www.arches-jp.com/contact.html
EightPrism,https://eightprism.main.jp/contact.html
Nbc情報システム株式会社,https://www.nbcis.co.jp/contact/
熊本システム株式会社,https://kumamoto-system.com/contact/
熊本のアプリ開発・システム開発・ホームページ制作...,https://www.nt-studio.com/contact-us/
熊本事業所,https://jpkct.com/contact
株式会社mob,https://mobinc.jp/contacts
システム開発,https://www.toyo-grp.co.jp/contact/
システム開発・ホームページ制作,https://www.art21.co.jp/contact/index.html
株式会社ネオシステム,https://www.neosystem.co.jp/contact/
概要・沿革,https://www.itecsol.jp/contact/
一関市のソフトウェア開発会社:ソフトスタジオ,https://soft-studio.jp/contact.html
株式会社フェイバーエンジニアリング,https://favoreng.com/contact/
会社概要,https://www.nichijosys.com/privacy-policy/
企業概要,https://dsy.jp/contact
Fcs,https://www.fcs.co.jp/inquiry/
バックス情報システム株式会社,https://www.bacs-j.co.jp/contact_privacycheck/
株式会社ユードム,https://www.udom.co.jp/contact/index.html
株式会社つくばシステムデザインTsd,https://tsysd.jp/tsd_info.html
株式会社シンプルウェイ,https://www.simple-way.co.jp/contact/
システム開発のコガソフトウェア,https://www.kogasoftware.com/contact/
代表あいさつ,https://www.tokiwa-sys.co.jp/contact/
株式会社モザイク,https://www.mosaic-web.net/contact.html
株式会社城西システム,https://www.josai.co.jp/contact.html
群馬県ソフト開発のエムアイシステム,https://mi-system.com/contact.html
株式会社Itquest,https://syskai.jp/contact.html
株式会社opener,https://www.opener.co.jp/#
会社概要,https://www.ost.jp/pub/gaiyo.html#
会社概要,https://www.nittosys.co.jp/p0701contact.php
株式会社デザイン・ワークス,https://dswks.jp/#contact
会社案内,https://www.khobho.co.jp/support/
企業情報,https://www.swsk.co.jp/contact.html
株式会社リースシステム企画,https://lease-system.co.jp/contact/form.html
Accessシステム開発名古屋システムステージ会社概要,https://www.systemstage.co.jp/contact.php
株式会社dss,https://www.kkdss.co.jp/form
設計・開発で宇宙産業を支える,https://www.axis-corp.co.jp/contact/
会社概要/システムリンク株式会社,https://www.sys-link.co.jp/privacy.html
【所沢駅近・週2在宅】製品システムの開発・保守業務...,https://www.adecco.com/ja-jp/career-and-employee-benefit/employee-benefit/dial
株式会社コスモシステム,https://cosmosystem-web.com/company/contact/
株式会社ティ・アイ・シー,https://ticnet.co.jp/tic/contactus/
エスアイシステム株式会社~東京・首都圏のシステム開発...,https://sinfo-sys.co.jp/contact/index.html
パートナー企業募集,https://view-s.co.jp/contact/
製造管理システム・Ai活用の教育アプリ開発,https://softech-iot.jp/index.html#contact
ホーム,https://www.wingsystem.co.jp/contact.html
ジーイーエム株式会社,https://www.gemnavi.jp/partner-bonus/
拠点紹介,https://www.nsi.nikon.com/contact/
沿革,https://www.pacific-systems.co.jp/contact/
企業情報,https://www.sunsys.co.jp/contact/
委託倉庫管理システム(Si-net),https://sinsousha.jp/pages/3/
千葉県千葉市のシステム開発会社,https://www.plumsix.co.jp/contact/
首都圏システム開発株式会社,https://www.msd-21.co.jp/contact.html
株式会社タクト,https://www.takuto.co.jp/inquiry/
エイジスシステム開発株式会社,https://www.ajis.jp/contact/
会社案内,https://www.system-design.co.jp/contact.html
企業情報,https://barnet.co.jp/contact.html
アクセス,https://www.pss.co.jp/inquiry/
医用システム・画像処理・映像解析・解析aiで業務革新...,https://www.form-answer.com/applications/HTDR8
Ejプランニング‐市川市本八幡のシステム開発・ホームページ...,https://www.ejpl.co.jp/inquiry/index.html
【山本達也:千葉県/市川市】市川の空気とシステム開発...,https://helps.ameba.jp/inquiry.html
千葉県柏市のホームページ制作・Meo対策で集客up,https://req.qubo.jp/Kashiwashouren/form/spd
会社概要,https://www.ast-net.co.jp/contact/
SUNITED株式会社,https://sunited.co.jp/contact/
事業所案内,https://www.chugai-tec.co.jp/contact/
パートナー企業様募集,https://g-s-c.co.jp/contact/index.html
東京システムハウス株式会社,https://www.tsh-world.co.jp/inquiry/
東京システムアシスト株式会社,https://www.tsa-ltd.co.jp/contact/contact.html
ネクストゲート株式会社(NextGate),https://www.nextgate-g.com/#section-11
東京ソフトウェア株式会社,https://www.tsk-net.com/contact/
パートナー募集,https://www.ssinet.co.jp/contact_before/
サンシステム,https://www.sunsystem.com/contact/
株式会社CYZENNT,https://cyzennt.co.jp/contact/form/
横浜の業務システム開発会社Access開発のJSE横浜市...,https://www.jse-inc.jp/category/1183898.html
ソフトウェア開発システム開発,https://www.its-core.co.jp/mail/index.php
横浜情報システム株式会社,https://yjsys.co.jp/%e3%81%8a%e5%95%8f%e3%81%84%e5%90%88%e3%82%8f%e3%81%9b/
システムインテグレータのヨコハマシステムズ,https://ysco.net/inquiry/
株式会社システムミラ,https://www.mira.co.jp/contact.html
神奈川県横浜市のシステム開発会社ベイソル,https://www.baysol.jp/contact.html
株式会社エスビーエス,https://www.sbs-web.com/#contact
株式会社システム創造開発,https://www.scd.co.jp/contact/
企業情報(Tsシステムソリューションズ株式会社),https://www.tecsvc.co.jp/ir-info/ir-inquiry/
Ybシステムズ合同会社,https://yb-systems.jp/contact-us.html
株式会社横浜マリンシステム,https://yms.yokohama/contact
株式会社アローズ・システムズ,https://www.arrows-systems.co.jp/contact.html
横浜サテライトオフィス,https://www.di-system.co.jp/inquiry/
システム開発のタクト情報システムズ株式会社横浜市,https://tact-info.com/contact.html
横浜でシステム開発・Vpn派遣事業のご相談なら,https://www.sic-kk.co.jp/contact/
会社概要,https://www.ysl.co.jp/contact-privacy/
株式会社ソフテム,https://www.softem.co.jp/jiso_network/
朝日ソフトウェア開発株式会社,https://www.asdweb.co.jp/#contact
株式会社川崎ウチダシステム,https://www.kawasaki-uchida.co.jp/#anc-03
第一コンピュータサービス,https://www.dcs21.co.jp/contact/
放送システムのことならMEDIX,https://medixnet.co.jp/contact/
開発・回路設計,https://taka-2.co.jp/business/business-meeting/
横須賀ソフトウェア株式会社│,https://www.yokosukasoft.co.jp/contact/
システム開発・基幹業務システム構築,https://www.kasugado.co.jp/contact/
システム開発・運営サポート,https://exstyle.net/#contact
株式会社アトムシステム,https://www.atomsystem.co.jp/contact.html
home,https://www.tpics.co.jp/%E5%95%8F%E5%90%88%E3%81%9B/
ネットワンシステムズ茅ヶ崎市庁内ネットワークから...,https://www.netone.co.jp/contact/
株式会社スフィーダ:神奈川県厚木市のソフトウェア開発...,https://www.sfida-spa.com/contact/
会社案内,https://www.ipl-soft.co.jp/contact/
システム開発は湘南ソフトウェアエンジニアリング,https://www.s2e.co.jp/company.html#contact
ホームページ,https://daiwasys.co.jp/contact
ソリューション・製品-バス用機器,https://www.odawarakiki.com/request/
企業概要・沿革,https://odawara-eng.co.jp/contact/
新潟,https://www.bit.or.jp/profile/access/contact.html
三和システム・エンジニアリング株式会社新潟のシステム開発...,https://www.sanwasys.co.jp/contact.html
システム開発,https://bellsoft.jp/contact
株式会社第四北越ITソリューションズ,https://www.dh-its.co.jp/inquiry/
会社案内,https://www.officesystem.co.jp/contact/
エリシアシステム,https://www.elysia.co.jp/#contact
受託開発,https://www.npe.co.jp/development/#
株式会社サンケイ情報ファシリティシステムソフトウェア...,https://www.sjf.co.jp/sjfhome/Contact.html
システム受託開発,https://kawai-seiko.co.jp/contact/inquiry.html
システム開発部門,https://ssjjoo.com/system_dev/process_management/#inquiry
一般財団法人下越総合健康開発センター,https://www.kenkokaihatu.or.jp/37/309/
富山システム開発株式会社アルゴ,https://www.argo-inc.co.jp/inquiry/index.html
システム開発・アプリ開発,https://www.system-cobo.co.jp/#contact
業務ソフトウェア・システム開発の株式会社ハイテックス,https://www.hitechs.co.jp/inquiry/
株式会社システムサポート,https://www.sts-inc.co.jp/contact/index.html
ウィザードソフト株式会社,https://wizardsoft.co.jp/contact/index.html
株式会社タスク,https://www.task.co.jp/contact/
小松ウオール基幹システムをオープン系に刷新--基盤を...,https://aiasahi.jp/contact/inquiry.htm
マルチコンピューティング株式会社,https://www.mcomp.co.jp/ba-otoiawse/
福井県越前市でシステム開発,https://www.spromotion.co.jp/contacts
会社案内,https://www.eitosystem.co.jp/contact.php
ナカテックデジタルソリューション,https://nakatec-ds.com/company.html#contact
会社情報,https://www.advance-te.com/company/#overview
アルファシステムサービス株式会社,https://www.alpha-syss.jp/contact.html
知識工学株式会社,https://www.chishiki-k.co.jp/contact.html
エヌ・エス・ケイ株式会社,https://www.nsk-inc.co.jp/contact/index.html
長野システム開発株式会社,https://s-soba.or.jp/contact/
システム開発,https://viva-eureka.com/contact-form
会社概要,https://www.tsknet.co.jp/%e3%81%8a%e5%95%8f%e3%81%84%e5%90%88%e3%82%8f%e3%81%9b/
株式会社システムアスカ松本事業所,https://matsumoto.city/job-info/
グローバルシステム株式会社,https://globalsystem.co.jp/#company
株式会社SOLA,https://sola-inc-web.com/inquiry.html
株式会社キャスティネットシステム開発長野県:飯田市...,https://cxc.jp/development/clientcontact/
独自のトータルシステムで全ての工程を自社管理,https://www.iidasangyo.co.jp/contact/
株式会社第一システム,https://www.daiichisystem.co.jp/contact/
株式会社web-wing,https://www.contact-web.jp/
会社概要,https://aidex.jp/business/contactlog
システム開発のエクセル代行,https://exceldaikou.jp/#%E6%96%99%E9%87%91%E3%83%BB%E3%81%8A%E5%95%8F%E3%81%84%E5%90%88%E3%82%8F%E3%81%9B
システム開発,https://www.k-kplus.jp/contact.html
株式会社電算システム,https://www.densan-s.co.jp/inquiry.html
Invision,https://invision.co.jp/#contact
企業情報,https://ohira-cs.com/contact.html
組合企業紹介,https://ssanet.jp/contact-us/
株式会社システムソフィア,https://systemsophia.co.jp/contact.html
沼津ニアショア開発センター,https://www.metro.co.jp/mobile/contact/
情報(データベース)の使い手システム会社Liberty(リバティー)です,https://liberty-system.co.jp/contact/
ソフトウェア開発・販売管理・生産管理システム受託開発...,https://www.tk-s.co.jp/contact.html
株式会社ゼクスターズ,https://www.xecstars.co.jp/contact/
浜松市でwebサイト開発なら,https://tajima-ifp.jp/programmingconsultation/
開発体制強化/効率化,https://www.fsi.co.jp/contact/aboutus.html
株式会社システムインテグレータ富士ソフトと共同で新会社...,https://corporate.sint.co.jp/contact
株式会社システムフリージア,https://www.sys-freesia.co.jp/contact/
東京・静岡のWeb制作・印刷広告は株式会社共立アイコム,https://www.kpnet.co.jp/contact/
名古屋のシステム開発,https://info.meitetsucom.co.jp/sp/inquiry/form/0001
名古屋のシステム会社,https://trans-it.net/services/it-consulting/
ウインズソフト株式会社,https://www.winsft.jp/#contact
システム開発名古屋::株式会社ジー・ソフト,https://gsoft.co.jp/contact
システム開発名古屋,https://www.link-jc.com/#contact-top
名古屋システム株式会社,https://www.nagoya-system.com/entry1.html
株式会社ネオシステム,https://www.e-neo.co.jp/contact.html
株式会社インビリティー,https://inbility.co.jp/contact.html
システム・アプリ開発Itソリューションは名古屋のアドバンス...,https://www.advancesoft.co.jp/contact/index.html
株式会社TOAシステム,https://www.e-toasys.com/contact/
株式会社シャイン,https://syain-ss.com/contact/
株式会社KIT,https://www.kit-japan.co.jp/contact.html
提供サービス,https://www.dad.co.jp/contact/
情報システムの開発販売企画保守なら昭和...,https://www.showacs.co.jp/category_005.html
株式会社タッグシステム,https://www.tag-system.co.jp/contact
愛知県一宮市のIT経営コンサルティング「株式会社サカイiT経営」,https://www.sakaiit.com/2022/%e5%a4%a7%e5%9e%a3%e5%95%86%e5%b7%a5%e4%bc%9a%e8%ad%b0%e6%89%80%e3%81%ae%e3%83%af%e3%83%b3%e3%82%b9%e3%83%88%e3%83%83%e3%83%97%e7%b5%8c%e5%96%b6%e7%9b%b8%e8%ab%87%e4%bc%9a/
株式会社エム・アイ・ティシステム開発,https://mit-sys.co.jp/contact/index.html
株式会社ブイシステム,https://vsystem.co.jp/contact.html
株式会社ネットコム,https://www.aichi-biz.com/search/companies/23/#CONTACT
会社概要,https://www.technosystems.co.jp/contact/
株式会社システムハウス,https://www.system-house.co.jp/contact.html
愛知県春日井市のシステムソリューションサービス,https://gl-s.co.jp/case/
春日井のシステム開発・ホームページ制作はらいおん丸,https://raionmaru.jp/#
会社情報,https://www.educom.co.jp/contact
会社概要,https://rdk.rokugo-g.co.jp/contact
Worldsystem,https://www.world-system.co.jp/consult/
"""""""日本でソフトウェア専門企業を""""""""当たり前""""""""にそしてsiの形を...""""""",https://note.com/innovationhub/message
モビシステム,https://mobi.nishiorent.com/user/regist_contact
東海空圧機器株式会社,https://tokaikuuatsu.com/contact/
株式会社エクサソリューションズ,https://www.exa-sol.co.jp/#contact
アマノシステム株式会社,https://amano-system.co.jp/contact.html
あいさシステム,https://aisa.jp/servicecontents/consult
会社概要,https://evoltech.co.jp/contact/index.php
AIoTInc.,https://www.ai-ot.com/contact.html
»酒造に特化したシステム開発でシェアNo.1にー株式会社ハート...,https://www.cgc-shiga.or.jp/use/consultation
フォーサイトシステム株式会社,https://www.foresight.co.jp/contact/
株式会社滋賀設備システム,https://shigasetu.co.jp/contact/
会社概要,https://aaa-system.co.jp/contact.php
エンジニアリングセンターTecLab(テックラボ)長浜景観広告賞...,https://www.nikkeipanel.co.jp/solution/step/index.html
会社概要,https://www.aqsys.co.jp/strengths/select-consul
TOP,https://www.waveco.co.jp/contact.html
株式会社ソフト開発,https://softkaihatsu.co.jp/contact/
株式会社グローバル・システムズ,https://www.globalsystems.co.jp/contact.html
Top,https://lovelysysteminn.com/contact.html
Myシステム合同会社,https://mysystem-soft.com/contact
株式会社AIVICK,https://www.aivick.co.jp/contact/index.html
株式会社ティ・オー・エス-各種業務のシステム設計開発...,https://www.tos-kk.co.jp/contact.html
システム工房ヤマックス,https://yamax.info/#contact
会社概要,https://www.seiwatec.co.jp/index.php/contact/
会社情報,https://www.nksystem.net/contact.html
システム開発・ソフトウェア開発【株式会社アイ・エス・ディ】,https://isd-net.co.jp/contact/
株式会社エス・シー・アイ,https://scij.co.jp/#contact
株式会社トライク,https://www.trik.co.jp/contact
株式会社エス・アイ・エス,https://www.sisj.com/contact/
大京システム開発株式会社,https://u-dsk.co.jp/contact/
尼崎市大阪システム開発の株式会社シスマックス,https://www.sysmax.jp/contact.html
会社概要,https://www.icsystem.co.jp/contact.html
大阪堺市ホームページ作成・AI(人工知能)開発・システム開発ソフトウェアー開発・<br>大手モールコンサルティング・広告デザイン・チラシ...,https://www.zaprizing.com/index.html#cont5
企業概要,https://www.sun-m.co.jp/contact/
会社概要,https://www.sigma-system.co.jp/contact/
株式会社シグマシステム,https://sigsys.co.jp/contact.html
エスシステム株式会社,https://s-system.biz/#sec6
株式会社アップロード,https://upload-gp.co.jp/contact/
システム開発,https://cybtech.co.jp/contact.html
公益財団法人茨城県開発公社,https://dc-ibaraki.or.jp/contact/
【公式】株式会社エイゾス,https://aizoth.com/contactus
会社概要,https://www.sugiokasystem.co.jp/
会社案内,https://take-systems.co.jp/pages/4/
株式会社RELITEC,https://relitec.co.jp/#contact
会社概要,https://www.abcs.addo.co.jp/contact
機器管理システム,https://www.ikedarika.co.jp/catalog/list/
StudioHabit,https://studio-habit.com/#contact
沿革,https://www.tohosystem.com/contact/
システム構築から計測機器開発などハードウェア開発から...,https://scimolex.co.jp/contactus.html
神戸ソフト株式会社,https://kobesoft.co.jp/contact/
株式会社神戸デジタル・ラボKobeDigitalLabo(KDL),https://www.kdl.co.jp/contact/
システムエンジニアリング,https://www.kobelco-em.jp/contact/
神戸で中小規模のソフトウェア開発業者を探すなら株式会社...,https://parts-soft.com/contact
株式会社ドーン,https://www.dawn-corp.co.jp/contact/index-2/
会社情報,https://www.kobelcosys.co.jp/inquiry/
神戸システム技術株式会社,https://kst-sakuraeast.jp/inquiry.html
神戸Webシステム開発スマホアプリ開発Web制作リブライク...,https://www.livlike.jp/#Contact
会社概要::株式会社キャットシステム,https://www.catsystem.co.jp/contact
アプリ開発・WEB制作・AI活用,https://zept7.com/Information/2025/04/24/post-162/
会社概要,https://saburoku-system.com/contact/
HAX株式会社,https://www.ha-x.co/contact
システムスクエア株式会社,https://www.systemsquare.co.jp/contact-guest
有限会社プライムシステム,https://prime-s.com/#contact
ToNEXT,https://tonext.co.jp/#footer
会社概要,https://www.in-situ.jp/contact_03.html
ホーム,https://prosiatec.com/#gywm
事業・サービス,https://www.ryoyu.co.jp/contact/
会社概要,https://www.avit.jp/inquiry/
アークのシステム開発,https://www.arc-cp.jp/inquiry.html
株式会社神姫システム,https://www.shinki-systems.co.jp/form.php
株式会社d.o.sシステムサービス,https://www.dos-system.co.jp/#CONTACT
++プラスプラスシステム++宝塚で業務システム開発ホーム...,https://plus-sys.biz/aboutus/index.html
私たちについて,https://www.sgv.co.jp/contact.html
Home::株式会社システムワークス,https://system-works.co.jp/contact
Tgl-システムインテグレータテイジイエル-,https://www.tgl.co.jp/emp/inquiry.php
会社情報,https://www.nl-system.jp/service/vmc/vmc-faq/
会社概要,https://uisnet.co.jp/contact
東都システム開発株式会社,https://www.tohtosystem.co.jp/inquiry.html
株式会社エムシーシー,https://www.mccweb.co.jp/saport1.htm
和歌山でのホームページ制作・システム開発はクオリアにお...,https://qualia.ne.jp/#contact
システム開発・ネットワーク構築,https://www.logic-japan.co.jp/mail_form.html
会社概要,https://www.k-js.co.jp/contact
株式会社エス・ピー,https://sp-co.jp/contact.php
SeCureProtect,https://www.secure-protect.jp/contact
会社概要,https://www.ailes.co.jp/inquiry/
鳥取県湯梨浜町のホームページ制作・システム開発会社,https://jp-roady.net/diary.html
Contact,https://wohl-yz.net/#contact
エムケイ開発株式会社,https://mk10.net/#contact
株式会社八雲ソフトウェア,https://8clouds.co.jp/contact/
システム開発,https://www.tskis.jp/contact/
株式会社システムデザイン・アクティ,https://www.acty.ne.jp/feedback.html
島根県出雲市でシステム開発・導入の相談なら三島笑会,https://www.m-shokai.jp/#contact
システムエンジニアが島根県出雲市で地域活性化に貢献する...,https://mishima-shokai.jp/contact/
Donatelloシステム開発会社SESによるエンジニア(SE)就職支援,https://donatello.jp/inquiry/
ソフトウェア開発・保守,https://www.h-com.co.jp/inquiry
Hsj株式会社濱田システム事務所,https://psycho-ouj.sakura.ne.jp/hsj_v2023/tops/inquiry
システム開発部の定例会«デジタルピア,https://www.digitalpia.co.jp/inquiry/
NETCITYS株式会社,https://www.netcitys.co.jp/common/otoiawase_approval.html
岡山のシステム開発会社株式会社みうら,https://xn--p8j2f5az02xtxqupmq82a.jp/contact/
株式会社システムズナカシマ,https://www.systems.nakashima.co.jp/inquiry/snc/inquiry.php
両備システムズ,https://www.ryobi.co.jp/contact
ビジネスセンター岡山株式会社,https://www.bco.co.jp/service/service-aichat
ピープルソフトウェア株式会社,https://pscsrv.co.jp/contact/
株式会社tyシステム,https://www.tysystem.net/contact
システムインテリジェンス株式会社,https://www.s-intelligence.co.jp/contact.html
株式会社ビジネスソフト社,https://www.bscnet.co.jp/contact/
株式会社アクトシステムズ,https://www.act-systems.co.jp/contents/toiawase/
株式会社コアシステムズ,https://www.coasystems.net/news/4426/
会社概要,https://jmusystems.co.jp/contact/
株式会社デスクワークラボ,https://deskworklabo.jp/itadvise/
株式会社コムコシステム,https://www.comcosystem.co.jp/contactmail/
会社案内,https://www.jcsaircon.co.jp/information/
尾道市で業務にフィットするWEBシステム開発,https://www.hracn.com/service/corporate-wellness/
株式会社宇部情報システム-山口県周南市企業情報...,https://www.shunan-marketing.jp/html/contact/
周南システム産業株式会社,https://www.shunan.co.jp/module/mform.php
TOP,https://www.tokusys.co.jp/contact.html
山口県防府市のPOSシステムぎが,https://www.systemgiga.com/p8_contact/index.html
情報システム事業部,https://san-yu.co.jp/inquiry/index.html
会社案内,https://www.gss-sys.co.jp/inquiry/
徳島のソフトウェア開発・システム構築有限会社ユー・テック,https://www.u-tech.co.jp/contact/
システムエンジニア日本システム開発株式会社,https://trial-syuurou.pref.tokushima.lg.jp/#contact
香川県高松市のソフトウェア開発株式会社更紗ネオクリエイト,https://saranc.co.jp/#contact
システム開発,https://www.sancoh.co.jp/category/contact
ソフト開発事業部,https://anabuki-cs.jp/contact/
会社概要,https://www.apollosystem.co.jp/contact.html
M&Pシステムサービス,https://mp-systemservice.tokyo/#sec06
株式会社三豊ai開発,https://initial.inc/contact
株式会社三豊AI開発,https://forms.gle/ihxVoq7pLendNahp8
会社概要,https://www.palsoft.co.jp/contact/
株式会社ネッツ,https://www.nets-web.co.jp/toiawase/
システム会社でのシステム開発愛媛県新居浜市/正社員/年間...,https://tenshoku.abi.co.jp/sodan/
高知システム開発,https://www.aok-net.co.jp/contact/
高知システム開発・テキスト版,https://www.aok-net.com/madoguchi.htm
高知システムズ,https://www.ksco.co.jp/contact
株式会社システム二十一,https://kochis21.co.jp/#contact
株式会社高知システム開発,https://www.naiiv.net/publicsupport/
パシフィックソフトウエア開発株式会社,https://pacificsoftware.co.jp/contacttop/
【公式】アーモン株式会社,https://armon.co.jp/category/contact/
【福岡】It/システム開発・設計・コンサルティング株式会社sat,https://www.sat.ne.jp/#contact
システムエース株式会社,https://www.system-ace.com/contact
Home,https://www.link-software.co.jp/contact/
株式会社ネクステージ,https://www.nexstage.co.jp/contact/perl/input.cgi
ミシマ・オーエー・システム株式会社,https://www.mishimaoa.co.jp/inquiry/
北九ソフト株式会社,https://www.kitakyu-soft.co.jp/index.html#sec2
企業情報,https://youmesys-co-jp.prm-ssl.jp/contact.html
株式会社テクノ・カルチャー・システム,https://www.techno-net.co.jp/inquiry/
株式会社永大開発コンサルタント,https://eidai-kaihatu.bsj.jp/#website-contact
展示ブース,https://www.cird.or.jp/sangaku.html
役員プロフィール,https://www.towa-hi-sys.co.jp/inquiry
システム開発千代田区,https://willap.jp/p/acc_3529/info/
ソフトウエアビジョン株式会社トップページ,https://www.svckk.co.jp/contact/
ホーム,https://www.sdcns.co.jp/contact.html
株式会社システムソフト,https://www.saga-smart.jp/contact/
Webシステム開発,https://www.prime18.co.jp/main/22.html
【佐賀電算センター】中小物流企業向けシステム開発会社ガイド,https://www.seasweb.com/
株式会社ネットコムbb-Web制作/システム開発/ホスティング...,https://www.netcombb.co.jp/contact/
福岡佐賀【サンビット株式会社】クラウドと産業ロボット...,https://www.sunbit.co.jp/inquiry/
システムインテグレーションサービス,https://www.tosco.co.jp/contact/
情報システムサービス,https://www.tosusouko.co.jp/tracking/
ミャンマーにソフトウエア開発の新会社「トスコ・ミャンマー...,https://www.edge.toppan.com/contact/privacy-solution.html
Toss,https://www.njh.co.jp/support/#section2
鳥栖センター,https://www.kibun-fs.com/cont/index.html
長崎・佐世保地域に特化したシステム開発支援,https://minna-systems.studio.site/sasebo#contact
株式会社mairutech/株式会社mairumobility,https://www.mairutech.com/#contact
株式会社nexus,https://nexus-si.jp/contact/
株式会社メディアプラン,https://media-plan.co.jp/contact/index.html
朝日ソフトウェア株式会社│ソフトウェア開発システム...,https://www.asc-soft.co.jp/#mail
ホームぺージ制作・Web制作なら株式会社アクセント/熊本,https://www.accent-inc.jp/fudosan/
会社概要,https://www.s-nishitsu.co.jp/contact/
合同会社Lily,https://lily-and-company.com/#contact
株式会社bbf/大分,https://www.bbf.co.jp/Contact.html
